"InventoryID,HospitalID,HospitalName,ProductID,ProductName,Category,WarehouseZone,StorageCondition,BatchNumber,ManufacturingDate,ExpiryDate,CurrentStock,MinStock,MaxStock"
"INV00001,H001,Benha Teaching Hospital,MED001,Paracetamol 500 mg Tablet,Analgesics,C,Room Temperature,B210268,2024-03-12,2027-03-12,4833,1600,5439"
"INV00002,H001,Benha Teaching Hospital,MED002,Paracetamol IV Infusion,Analgesics,A,Room Temperature,B187498,2024-11-26,2027-11-26,3800,1600,4514"
"INV00003,H001,Benha Teaching Hospital,MED003,Ibuprofen 400 mg Tablet,Analgesics,A,Room Temperature,B429365,2024-05-10,2027-05-10,2316,1600,3479"
"INV00004,H001,Benha Teaching Hospital,MED004,Diclofenac Sodium Injection,Analgesics,C,Room Temperature,B203355,2024-07-10,2027-07-10,4003,1600,5308"
"INV00005,H001,Benha Teaching Hospital,MED005,Diclofenac Tablet,Analgesics,B,Room Temperature,B358795,2024-09-09,2027-09-09,2908,1600,3429"
"INV00006,H001,Benha Teaching Hospital,MED006,Ketorolac Injection,Analgesics,A,Room Temperature,B249503,2024-06-18,2027-06-18,3648,1600,4658"
"INV00007,H001,Benha Teaching Hospital,MED007,Tramadol Injection,Analgesics,A,Room Temperature,B691723,2024-06-23,2027-06-23,3455,1600,4912"
"INV00008,H001,Benha Teaching Hospital,MED008,Morphine Injection,Analgesics,A,Room Temperature,B665894,2024-11-02,2027-11-02,4824,1600,5808"
"INV00009,H001,Benha Teaching Hospital,MED009,Aspirin 81 mg Tablet,Analgesics,C,Room Temperature,B339931,2024-03-29,2027-03-29,2281,1600,3168"
"INV00010,H001,Benha Teaching Hospital,MED010,Aspirin 300 mg Tablet,Analgesics,A,Room Temperature,B877089,2024-02-22,2027-02-22,2529,1600,3374"
"INV00011,H001,Benha Teaching Hospital,MED011,Amoxicillin 500 mg,Antibiotics,C,Room Temperature,B996942,2024-09-20,2026-09-20,2406,1600,3333"
"INV00012,H001,Benha Teaching Hospital,MED012,Amoxicillin-Clavulanate,Antibiotics,C,Room Temperature,B905889,2024-12-25,2026-12-25,2647,1600,3708"
"INV00013,H001,Benha Teaching Hospital,MED013,Ceftriaxone 1 g,Antibiotics,C,Room Temperature,B371836,2024-11-05,2026-11-05,4246,1600,5517"
"INV00014,H001,Benha Teaching Hospital,MED014,Cefotaxime,Antibiotics,A,Room Temperature,B323165,2024-07-20,2026-07-20,4004,1600,4665"
"INV00015,H001,Benha Teaching Hospital,MED015,Cefuroxime,Antibiotics,C,Room Temperature,B453531,2024-08-02,2026-08-02,4299,1600,5069"
"INV00016,H001,Benha Teaching Hospital,MED016,Azithromycin,Antibiotics,B,Room Temperature,B567281,2024-08-24,2026-08-24,4823,1600,6042"
"INV00017,H001,Benha Teaching Hospital,MED017,Clarithromycin,Antibiotics,A,Room Temperature,B532315,2024-09-08,2026-09-08,4358,1600,5074"
"INV00018,H001,Benha Teaching Hospital,MED018,Ciprofloxacin,Antibiotics,A,Room Temperature,B476896,2024-10-27,2026-10-27,2787,1600,3301"
"INV00019,H001,Benha Teaching Hospital,MED019,Levofloxacin,Antibiotics,A,Room Temperature,B236330,2024-03-03,2026-03-03,3548,1600,4695"
"INV00020,H001,Benha Teaching Hospital,MED020,Metronidazole IV,Antibiotics,A,Room Temperature,B234633,2024-09-17,2026-09-17,3632,1600,4420"
"INV00021,H001,Benha Teaching Hospital,MED021,Vancomycin,Antibiotics,A,Room Temperature,B130535,2024-07-19,2026-01-19,756,300,1390"
"INV00022,H001,Benha Teaching Hospital,MED022,Meropenem,Antibiotics,C,Room Temperature,B747972,2024-03-02,2025-09-02,749,300,1751"
"INV00023,H001,Benha Teaching Hospital,MED023,Imipenem,Antibiotics,C,Room Temperature,B301664,2024-02-04,2025-08-04,563,300,2049"
"INV00024,H001,Benha Teaching Hospital,MED024,Piperacillin/Tazobactam,Antibiotics,A,Room Temperature,B723094,2024-01-05,2025-07-05,3955,1600,5223"
"INV00025,H001,Benha Teaching Hospital,MED025,Colistin,Antibiotics,C,Room Temperature,B318126,2024-07-25,2026-01-25,708,300,1600"
"INV00026,H001,Benha Teaching Hospital,MED026,Regular Insulin,Diabetes,Cold Room,Cold Chain,B872838,2024-12-17,2026-12-17,2148,800,3222"
"INV00027,H001,Benha Teaching Hospital,MED027,NPH Insulin,Diabetes,Cold Room,Cold Chain,B835716,2024-08-09,2026-08-09,1502,800,2901"
"INV00028,H001,Benha Teaching Hospital,MED028,Insulin Glargine,Diabetes,Cold Room,Cold Chain,B264899,2024-01-29,2026-01-29,1974,800,2644"
"INV00029,H001,Benha Teaching Hospital,MED029,Metformin 500 mg,Diabetes,A,Room Temperature,B515515,2024-03-26,2026-03-26,1850,800,2592"
"INV00030,H001,Benha Teaching Hospital,MED030,Metformin 850 mg,Diabetes,C,Room Temperature,B981691,2024-05-13,2026-05-13,2324,800,3776"
"INV00031,H001,Benha Teaching Hospital,MED031,Gliclazide,Diabetes,C,Room Temperature,B388249,2024-05-07,2026-05-07,2136,800,2966"
"INV00032,H001,Benha Teaching Hospital,MED032,Glimepiride,Diabetes,C,Room Temperature,B554589,2024-10-09,2026-10-09,1717,800,2441"
"INV00033,H001,Benha Teaching Hospital,MED033,Glibenclamide,Diabetes,C,Room Temperature,B890180,2024-05-16,2026-05-16,1376,800,2286"
"INV00034,H001,Benha Teaching Hospital,MED034,Sitagliptin,Diabetes,B,Room Temperature,B979989,2024-11-10,2026-11-10,1377,800,2540"
"INV00035,H001,Benha Teaching Hospital,MED035,Empagliflozin,Diabetes,A,Room Temperature,B314283,2024-02-21,2026-02-21,2165,800,3494"
"INV00036,H001,Benha Teaching Hospital,MED036,Amlodipine,Cardiovascular,B,Room Temperature,B840976,2024-04-10,2027-04-10,2237,800,2849"
"INV00037,H001,Benha Teaching Hospital,MED037,Captopril,Cardiovascular,C,Room Temperature,B998613,2024-08-07,2027-08-07,1196,800,2337"
"INV00038,H001,Benha Teaching Hospital,MED038,Enalapril,Cardiovascular,B,Room Temperature,B937291,2024-02-22,2027-02-22,1632,800,2261"
"INV00039,H001,Benha Teaching Hospital,MED039,Losartan,Cardiovascular,A,Room Temperature,B481050,2024-07-02,2027-07-02,1984,800,2686"
"INV00040,H001,Benha Teaching Hospital,MED040,Valsartan,Cardiovascular,A,Room Temperature,B713333,2024-04-07,2027-04-07,2036,800,3372"
"INV00041,H001,Benha Teaching Hospital,MED041,Bisoprolol,Cardiovascular,C,Room Temperature,B710490,2024-05-03,2027-05-03,1836,800,2536"
"INV00042,H001,Benha Teaching Hospital,MED042,Metoprolol,Cardiovascular,B,Room Temperature,B418394,2024-09-08,2027-09-08,1866,800,3025"
"INV00043,H001,Benha Teaching Hospital,MED043,Atenolol,Cardiovascular,B,Room Temperature,B314835,2024-12-17,2027-12-17,2030,800,2677"
"INV00044,H001,Benha Teaching Hospital,MED044,Furosemide,Cardiovascular,B,Room Temperature,B373255,2024-12-03,2027-12-03,2191,800,3241"
"INV00045,H001,Benha Teaching Hospital,MED045,Spironolactone,Cardiovascular,A,Room Temperature,B654594,2024-10-24,2027-10-24,1849,800,3338"
"INV00046,H001,Benha Teaching Hospital,MED046,Hydrochlorothiazide,Cardiovascular,A,Room Temperature,B473616,2024-02-29,2027-02-28,1720,800,2843"
"INV00047,H001,Benha Teaching Hospital,MED047,Atorvastatin,Cardiovascular,B,Room Temperature,B391999,2024-02-06,2027-02-06,1320,800,2272"
"INV00048,H001,Benha Teaching Hospital,MED048,Rosuvastatin,Cardiovascular,A,Room Temperature,B690978,2024-07-26,2027-07-26,1074,800,2389"
"INV00049,H001,Benha Teaching Hospital,MED049,Clopidogrel,Cardiovascular,A,Room Temperature,B768234,2024-04-25,2027-04-25,2138,800,3310"
"INV00050,H001,Benha Teaching Hospital,MED050,Warfarin,Cardiovascular,B,Room Temperature,B757917,2024-08-14,2027-08-14,2179,800,2932"
"INV00051,H001,Benha Teaching Hospital,MED051,Salbutamol Inhaler,Respiratory,A,Room Temperature,B177505,2024-12-03,2026-12-03,2141,800,3554"
"INV00052,H001,Benha Teaching Hospital,MED052,Budesonide Inhaler,Respiratory,B,Room Temperature,B138467,2024-06-09,2026-06-09,1517,800,3012"
"INV00053,H001,Benha Teaching Hospital,MED053,Ipratropium,Respiratory,B,Room Temperature,B710704,2024-05-14,2026-05-14,1789,800,2792"
"INV00054,H001,Benha Teaching Hospital,MED054,Montelukast,Respiratory,C,Room Temperature,B500109,2024-01-22,2026-01-22,1216,800,2598"
"INV00055,H001,Benha Teaching Hospital,MED055,Theophylline,Respiratory,B,Room Temperature,B250810,2024-09-20,2026-09-20,1393,800,2330"
"INV00056,H001,Benha Teaching Hospital,MED056,Acetylcysteine,Respiratory,A,Room Temperature,B469599,2024-10-10,2026-10-10,1300,800,2408"
"INV00057,H001,Benha Teaching Hospital,MED057,Ambroxol,Respiratory,C,Room Temperature,B727234,2024-05-26,2026-05-26,1854,800,3169"
"INV00058,H001,Benha Teaching Hospital,MED058,Dexamethasone Neb,Respiratory,B,Room Temperature,B405628,2024-08-07,2026-08-07,1571,800,2242"
"INV00059,H001,Benha Teaching Hospital,MED059,Prednisolone,Respiratory,C,Room Temperature,B920260,2024-08-20,2026-08-20,1386,800,2777"
"INV00060,H001,Benha Teaching Hospital,MED060,Hydrocortisone,Respiratory,A,Room Temperature,B559451,2024-04-04,2026-04-04,1580,800,2260"
"INV00061,H001,Benha Teaching Hospital,MED061,Normal Saline,IV Fluids,B,Room Temperature,B218015,2024-06-09,2026-06-09,3606,1600,5033"
"INV00062,H001,Benha Teaching Hospital,MED062,Ringer Lactate,IV Fluids,A,Room Temperature,B465890,2024-02-23,2026-02-23,2419,1600,3653"
"INV00063,H001,Benha Teaching Hospital,MED063,Dextrose 5%,IV Fluids,C,Room Temperature,B118070,2024-12-07,2026-12-07,3125,1600,4567"
"INV00064,H001,Benha Teaching Hospital,MED064,Dextrose 10%,IV Fluids,B,Room Temperature,B258823,2024-09-29,2026-09-29,3787,1600,4672"
"INV00065,H001,Benha Teaching Hospital,MED065,Half Saline,IV Fluids,C,Room Temperature,B542905,2024-09-03,2026-09-03,2623,1600,3804"
"INV00066,H001,Benha Teaching Hospital,MED066,DNS,IV Fluids,C,Room Temperature,B997059,2024-11-08,2026-11-08,4169,1600,5174"
"INV00067,H001,Benha Teaching Hospital,MED067,Sterile Water,IV Fluids,B,Room Temperature,B584299,2024-05-21,2026-05-21,3234,1600,4245"
"INV00068,H001,Benha Teaching Hospital,MED068,Mannitol,IV Fluids,C,Room Temperature,B766326,2024-10-14,2026-10-14,2699,1600,4032"
"INV00069,H001,Benha Teaching Hospital,MED069,Albumin,IV Fluids,A,Room Temperature,B805660,2024-07-08,2026-07-08,3689,1600,4763"
"INV00070,H001,Benha Teaching Hospital,MED070,Plasma Expander,IV Fluids,C,Room Temperature,B170313,2024-06-28,2026-06-28,2636,1600,3440"
"INV00071,H001,Benha Teaching Hospital,MED071,Adrenaline,Emergency,A,Room Temperature,B213632,2024-04-10,2026-04-10,846,300,1789"
"INV00072,H001,Benha Teaching Hospital,MED072,Atropine,Emergency,A,Room Temperature,B711523,2024-01-05,2026-01-05,851,300,1970"
"INV00073,H001,Benha Teaching Hospital,MED073,Dopamine,Emergency,C,Room Temperature,B311810,2024-02-16,2026-02-16,670,300,1519"
"INV00074,H001,Benha Teaching Hospital,MED074,Dobutamine,Emergency,A,Room Temperature,B970045,2024-05-03,2026-05-03,774,300,1542"
"INV00075,H001,Benha Teaching Hospital,MED075,Nitroglycerin,Emergency,B,Room Temperature,B727769,2024-04-01,2026-04-01,614,300,1900"
"INV00076,H001,Benha Teaching Hospital,MED076,Amiodarone,Emergency,A,Room Temperature,B283062,2024-11-13,2026-11-13,1029,300,1645"
"INV00077,H001,Benha Teaching Hospital,MED077,Lidocaine,Emergency,A,Room Temperature,B850201,2024-02-27,2026-02-27,594,300,1734"
"INV00078,H001,Benha Teaching Hospital,MED078,Calcium Gluconate,Emergency,A,Room Temperature,B120056,2024-04-27,2026-04-27,445,300,1582"
"INV00079,H001,Benha Teaching Hospital,MED079,Magnesium Sulfate,Emergency,B,Room Temperature,B765022,2024-07-10,2026-07-10,682,300,1370"
"INV00080,H001,Benha Teaching Hospital,MED080,Naloxone,Emergency,B,Room Temperature,B612153,2024-03-16,2026-03-16,596,300,2058"
"INV00081,H001,Benha Teaching Hospital,MED081,Omeprazole,Gastrointestinal,B,Room Temperature,B547556,2024-08-07,2027-08-07,2124,800,2908"
"INV00082,H001,Benha Teaching Hospital,MED082,Pantoprazole,Gastrointestinal,C,Room Temperature,B406063,2024-07-22,2027-07-22,1087,800,2544"
"INV00083,H001,Benha Teaching Hospital,MED083,Esomeprazole,Gastrointestinal,B,Room Temperature,B555968,2024-04-09,2027-04-09,1681,800,2731"
"INV00084,H001,Benha Teaching Hospital,MED084,Famotidine,Gastrointestinal,A,Room Temperature,B834965,2024-01-10,2027-01-10,1586,800,2847"
"INV00085,H001,Benha Teaching Hospital,MED085,Domperidone,Gastrointestinal,B,Room Temperature,B472370,2024-09-06,2027-09-06,1137,800,2542"
"INV00086,H001,Benha Teaching Hospital,MED086,Ondansetron,Gastrointestinal,B,Room Temperature,B651951,2024-01-04,2027-01-04,1978,800,2802"
"INV00087,H001,Benha Teaching Hospital,MED087,Lactulose,Gastrointestinal,A,Room Temperature,B291962,2024-06-08,2027-06-08,1856,800,3343"
"INV00088,H001,Benha Teaching Hospital,MED088,ORS,Gastrointestinal,C,Room Temperature,B990123,2024-04-10,2027-04-10,1641,800,2831"
"INV00089,H001,Benha Teaching Hospital,MED089,Loperamide,Gastrointestinal,B,Room Temperature,B251836,2024-02-13,2027-02-13,2559,800,3101"
"INV00090,H001,Benha Teaching Hospital,MED090,Hyoscine,Gastrointestinal,C,Room Temperature,B979090,2024-09-09,2027-09-09,1721,800,3118"
"INV00091,H001,Benha Teaching Hospital,MED091,Hepatitis B Vaccine,Vaccines,Cold Room,Cold Chain,B712956,2024-09-20,2025-09-20,785,300,1374"
"INV00092,H001,Benha Teaching Hospital,MED092,BCG Vaccine,Vaccines,Cold Room,Cold Chain,B906790,2024-04-14,2025-04-14,1123,300,1737"
"INV00093,H001,Benha Teaching Hospital,MED093,MMR Vaccine,Vaccines,Cold Room,Cold Chain,B231484,2024-03-15,2025-03-15,695,300,1687"
"INV00094,H001,Benha Teaching Hospital,MED094,Tetanus Vaccine,Vaccines,Cold Room,Cold Chain,B930857,2024-06-12,2025-06-12,1071,300,2331"
"INV00095,H001,Benha Teaching Hospital,MED095,Influenza Vaccine,Vaccines,Cold Room,Cold Chain,B969474,2024-06-25,2025-06-25,1037,300,2275"
"INV00096,H001,Benha Teaching Hospital,MED096,Propofol,Anesthesia,C,Room Temperature,B844086,2024-05-31,2026-05-31,580,300,1175"
"INV00097,H001,Benha Teaching Hospital,MED097,Ketamine,Anesthesia,C,Room Temperature,B695468,2024-07-01,2026-07-01,656,300,1524"
"INV00098,H001,Benha Teaching Hospital,MED098,Midazolam,Anesthesia,A,Room Temperature,B734736,2024-09-29,2026-09-29,878,300,2175"
"INV00099,H001,Benha Teaching Hospital,MED099,Thiopental,Anesthesia,C,Room Temperature,B664242,2024-07-05,2026-07-05,566,300,1407"
"INV00100,H001,Benha Teaching Hospital,MED100,Succinylcholine,Anesthesia,C,Room Temperature,B825256,2024-03-16,2026-03-16,538,300,1270"
"INV00101,H002,Benha General Hospital,MED001,Paracetamol 500 mg Tablet,Analgesics,A,Room Temperature,B940530,2024-02-21,2027-02-21,2157,960,3040"
"INV00102,H002,Benha General Hospital,MED002,Paracetamol IV Infusion,Analgesics,C,Room Temperature,B766490,2024-01-25,2027-01-25,1506,960,2401"
"INV00103,H002,Benha General Hospital,MED003,Ibuprofen 400 mg Tablet,Analgesics,C,Room Temperature,B252617,2024-06-29,2027-06-29,2946,960,3554"
"INV00104,H002,Benha General Hospital,MED004,Diclofenac Sodium Injection,Analgesics,A,Room Temperature,B138102,2024-05-12,2027-05-12,2362,960,3495"
"INV00105,H002,Benha General Hospital,MED005,Diclofenac Tablet,Analgesics,A,Room Temperature,B279208,2024-03-16,2027-03-16,2098,960,3348"
"INV00106,H002,Benha General Hospital,MED006,Ketorolac Injection,Analgesics,B,Room Temperature,B625830,2024-08-17,2027-08-17,2897,960,3649"
"INV00107,H002,Benha General Hospital,MED007,Tramadol Injection,Analgesics,B,Room Temperature,B905497,2024-10-09,2027-10-09,2906,960,3798"
"INV00108,H002,Benha General Hospital,MED008,Morphine Injection,Analgesics,B,Room Temperature,B128295,2024-12-04,2027-12-04,2391,960,3312"
"INV00109,H002,Benha General Hospital,MED009,Aspirin 81 mg Tablet,Analgesics,C,Room Temperature,B977699,2024-10-27,2027-10-27,1775,960,2491"
"INV00110,H002,Benha General Hospital,MED010,Aspirin 300 mg Tablet,Analgesics,C,Room Temperature,B334677,2024-12-29,2027-12-29,2785,960,3729"
"INV00111,H002,Benha General Hospital,MED011,Amoxicillin 500 mg,Antibiotics,C,Room Temperature,B639773,2024-02-08,2026-02-08,1519,960,2549"
"INV00112,H002,Benha General Hospital,MED012,Amoxicillin-Clavulanate,Antibiotics,A,Room Temperature,B130355,2024-02-27,2026-02-27,1322,960,2459"
"INV00113,H002,Benha General Hospital,MED013,Ceftriaxone 1 g,Antibiotics,C,Room Temperature,B663586,2024-01-01,2026-01-01,2070,960,2930"
"INV00114,H002,Benha General Hospital,MED014,Cefotaxime,Antibiotics,B,Room Temperature,B313920,2024-11-07,2026-11-07,2020,960,3027"
"INV00115,H002,Benha General Hospital,MED015,Cefuroxime,Antibiotics,A,Room Temperature,B753983,2024-06-21,2026-06-21,2382,960,3437"
"INV00116,H002,Benha General Hospital,MED016,Azithromycin,Antibiotics,A,Room Temperature,B292714,2024-07-31,2026-07-31,1338,960,1917"
"INV00117,H002,Benha General Hospital,MED017,Clarithromycin,Antibiotics,A,Room Temperature,B738353,2024-01-20,2026-01-20,1936,960,3094"
"INV00118,H002,Benha General Hospital,MED018,Ciprofloxacin,Antibiotics,B,Room Temperature,B601108,2024-01-01,2026-01-01,1478,960,2120"
"INV00119,H002,Benha General Hospital,MED019,Levofloxacin,Antibiotics,B,Room Temperature,B986089,2024-01-12,2026-01-12,3187,960,4657"
"INV00120,H002,Benha General Hospital,MED020,Metronidazole IV,Antibiotics,B,Room Temperature,B260775,2024-06-04,2026-06-04,1897,960,3368"
"INV00121,H002,Benha General Hospital,MED021,Vancomycin,Antibiotics,A,Room Temperature,B730075,2024-07-04,2026-01-04,319,180,1466"
"INV00122,H002,Benha General Hospital,MED022,Meropenem,Antibiotics,A,Room Temperature,B644447,2024-08-15,2026-02-15,345,180,885"
"INV00123,H002,Benha General Hospital,MED023,Imipenem,Antibiotics,C,Room Temperature,B790907,2024-07-30,2026-01-30,678,180,1378"
"INV00124,H002,Benha General Hospital,MED024,Piperacillin/Tazobactam,Antibiotics,C,Room Temperature,B538661,2024-09-09,2026-03-09,1987,960,3033"
"INV00125,H002,Benha General Hospital,MED025,Colistin,Antibiotics,B,Room Temperature,B578007,2024-01-10,2025-07-10,426,180,1740"
"INV00126,H002,Benha General Hospital,MED026,Regular Insulin,Diabetes,Cold Room,Cold Chain,B161813,2024-10-15,2026-10-15,974,480,1592"
"INV00127,H002,Benha General Hospital,MED027,NPH Insulin,Diabetes,Cold Room,Cold Chain,B686580,2024-09-23,2026-09-23,768,480,1444"
"INV00128,H002,Benha General Hospital,MED028,Insulin Glargine,Diabetes,Cold Room,Cold Chain,B932972,2024-10-09,2026-10-09,966,480,2292"
"INV00129,H002,Benha General Hospital,MED029,Metformin 500 mg,Diabetes,A,Room Temperature,B374907,2024-11-06,2026-11-06,780,480,1684"
"INV00130,H002,Benha General Hospital,MED030,Metformin 850 mg,Diabetes,C,Room Temperature,B263273,2024-07-20,2026-07-20,1212,480,2388"
"INV00131,H002,Benha General Hospital,MED031,Gliclazide,Diabetes,B,Room Temperature,B931538,2024-01-01,2026-01-01,715,480,1671"
"INV00132,H002,Benha General Hospital,MED032,Glimepiride,Diabetes,B,Room Temperature,B136187,2024-02-03,2026-02-03,1333,480,2632"
"INV00133,H002,Benha General Hospital,MED033,Glibenclamide,Diabetes,C,Room Temperature,B686165,2024-06-10,2026-06-10,694,480,1443"
"INV00134,H002,Benha General Hospital,MED034,Sitagliptin,Diabetes,B,Room Temperature,B960395,2024-02-23,2026-02-23,902,480,1669"
"INV00135,H002,Benha General Hospital,MED035,Empagliflozin,Diabetes,A,Room Temperature,B381342,2024-04-21,2026-04-21,979,480,1879"
"INV00136,H002,Benha General Hospital,MED036,Amlodipine,Cardiovascular,B,Room Temperature,B585450,2024-03-06,2027-03-06,1002,480,2354"
"INV00137,H002,Benha General Hospital,MED037,Captopril,Cardiovascular,A,Room Temperature,B106949,2024-08-13,2027-08-13,1328,480,2591"
"INV00138,H002,Benha General Hospital,MED038,Enalapril,Cardiovascular,A,Room Temperature,B880722,2024-12-12,2027-12-12,1060,480,1894"
"INV00139,H002,Benha General Hospital,MED039,Losartan,Cardiovascular,C,Room Temperature,B350875,2024-11-30,2027-11-30,1277,480,1942"
"INV00140,H002,Benha General Hospital,MED040,Valsartan,Cardiovascular,C,Room Temperature,B465340,2024-05-12,2027-05-12,1350,480,1930"
"INV00141,H002,Benha General Hospital,MED041,Bisoprolol,Cardiovascular,C,Room Temperature,B750199,2024-12-05,2027-12-05,953,480,2237"
"INV00142,H002,Benha General Hospital,MED042,Metoprolol,Cardiovascular,B,Room Temperature,B728861,2024-07-23,2027-07-23,876,480,1825"
"INV00143,H002,Benha General Hospital,MED043,Atenolol,Cardiovascular,C,Room Temperature,B779574,2024-09-05,2027-09-05,671,480,1281"
"INV00144,H002,Benha General Hospital,MED044,Furosemide,Cardiovascular,C,Room Temperature,B682531,2024-01-08,2027-01-08,915,480,1788"
"INV00145,H002,Benha General Hospital,MED045,Spironolactone,Cardiovascular,B,Room Temperature,B463714,2024-12-17,2027-12-17,1161,480,1855"
"INV00146,H002,Benha General Hospital,MED046,Hydrochlorothiazide,Cardiovascular,C,Room Temperature,B517170,2024-02-20,2027-02-20,906,480,2039"
"INV00147,H002,Benha General Hospital,MED047,Atorvastatin,Cardiovascular,B,Room Temperature,B441396,2024-01-22,2027-01-22,699,480,2027"
"INV00148,H002,Benha General Hospital,MED048,Rosuvastatin,Cardiovascular,B,Room Temperature,B151745,2024-02-15,2027-02-15,1281,480,2126"
"INV00149,H002,Benha General Hospital,MED049,Clopidogrel,Cardiovascular,A,Room Temperature,B503704,2024-10-08,2027-10-08,730,480,1302"
"INV00150,H002,Benha General Hospital,MED050,Warfarin,Cardiovascular,A,Room Temperature,B480975,2024-12-15,2027-12-15,768,480,1323"
"INV00151,H002,Benha General Hospital,MED051,Salbutamol Inhaler,Respiratory,C,Room Temperature,B572930,2024-01-08,2026-01-08,1126,480,1882"
"INV00152,H002,Benha General Hospital,MED052,Budesonide Inhaler,Respiratory,B,Room Temperature,B735605,2024-02-25,2026-02-25,1120,480,2258"
"INV00153,H002,Benha General Hospital,MED053,Ipratropium,Respiratory,A,Room Temperature,B345121,2024-08-03,2026-08-03,1330,480,1907"
"INV00154,H002,Benha General Hospital,MED054,Montelukast,Respiratory,A,Room Temperature,B760482,2024-01-07,2026-01-07,947,480,1758"
"INV00155,H002,Benha General Hospital,MED055,Theophylline,Respiratory,A,Room Temperature,B729474,2024-10-20,2026-10-20,1107,480,1880"
"INV00156,H002,Benha General Hospital,MED056,Acetylcysteine,Respiratory,A,Room Temperature,B321897,2024-01-28,2026-01-28,648,480,1632"
"INV00157,H002,Benha General Hospital,MED057,Ambroxol,Respiratory,C,Room Temperature,B672203,2024-05-05,2026-05-05,760,480,1345"
"INV00158,H002,Benha General Hospital,MED058,Dexamethasone Neb,Respiratory,A,Room Temperature,B631849,2024-03-08,2026-03-08,1454,480,1978"
"INV00159,H002,Benha General Hospital,MED059,Prednisolone,Respiratory,C,Room Temperature,B126069,2024-08-15,2026-08-15,794,480,1404"
"INV00160,H002,Benha General Hospital,MED060,Hydrocortisone,Respiratory,B,Room Temperature,B696562,2024-08-23,2026-08-23,734,480,1602"
"INV00161,H002,Benha General Hospital,MED061,Normal Saline,IV Fluids,C,Room Temperature,B699991,2024-11-15,2026-11-15,1756,960,2537"
"INV00162,H002,Benha General Hospital,MED062,Ringer Lactate,IV Fluids,A,Room Temperature,B216421,2024-10-15,2026-10-15,1991,960,2867"
"INV00163,H002,Benha General Hospital,MED063,Dextrose 5%,IV Fluids,B,Room Temperature,B962557,2024-11-13,2026-11-13,1855,960,2800"
"INV00164,H002,Benha General Hospital,MED064,Dextrose 10%,IV Fluids,B,Room Temperature,B890756,2024-01-31,2026-01-31,2554,960,3296"
"INV00165,H002,Benha General Hospital,MED065,Half Saline,IV Fluids,C,Room Temperature,B784106,2024-08-07,2026-08-07,2304,960,3125"
"INV00166,H002,Benha General Hospital,MED066,DNS,IV Fluids,B,Room Temperature,B899666,2024-04-03,2026-04-03,1157,960,2537"
"INV00167,H002,Benha General Hospital,MED067,Sterile Water,IV Fluids,C,Room Temperature,B932946,2024-01-26,2026-01-26,2295,960,3509"
"INV00168,H002,Benha General Hospital,MED068,Mannitol,IV Fluids,B,Room Temperature,B164323,2024-04-27,2026-04-27,1697,960,2606"
"INV00169,H002,Benha General Hospital,MED069,Albumin,IV Fluids,C,Room Temperature,B954016,2024-02-16,2026-02-16,2197,960,2836"
"INV00170,H002,Benha General Hospital,MED070,Plasma Expander,IV Fluids,A,Room Temperature,B656542,2024-05-18,2026-05-18,1593,960,2897"
"INV00171,H002,Benha General Hospital,MED071,Adrenaline,Emergency,C,Room Temperature,B814743,2024-06-26,2026-06-26,543,180,1715"
"INV00172,H002,Benha General Hospital,MED072,Atropine,Emergency,C,Room Temperature,B105287,2024-01-13,2026-01-13,367,180,1038"
"INV00173,H002,Benha General Hospital,MED073,Dopamine,Emergency,A,Room Temperature,B872042,2024-11-24,2026-11-24,292,180,1404"
"INV00174,H002,Benha General Hospital,MED074,Dobutamine,Emergency,C,Room Temperature,B142078,2024-04-03,2026-04-03,619,180,1537"
"INV00175,H002,Benha General Hospital,MED075,Nitroglycerin,Emergency,C,Room Temperature,B429588,2024-11-29,2026-11-29,574,180,1309"
"INV00176,H002,Benha General Hospital,MED076,Amiodarone,Emergency,B,Room Temperature,B872608,2024-02-04,2026-02-04,691,180,1778"
"INV00177,H002,Benha General Hospital,MED077,Lidocaine,Emergency,C,Room Temperature,B632295,2024-12-14,2026-12-14,542,180,1873"
"INV00178,H002,Benha General Hospital,MED078,Calcium Gluconate,Emergency,B,Room Temperature,B879554,2024-10-12,2026-10-12,518,180,1845"
"INV00179,H002,Benha General Hospital,MED079,Magnesium Sulfate,Emergency,A,Room Temperature,B599097,2024-03-18,2026-03-18,371,180,1249"
"INV00180,H002,Benha General Hospital,MED080,Naloxone,Emergency,B,Room Temperature,B618545,2024-03-29,2026-03-29,466,180,1007"
"INV00181,H002,Benha General Hospital,MED081,Omeprazole,Gastrointestinal,B,Room Temperature,B243026,2024-10-14,2027-10-14,1004,480,2029"
"INV00182,H002,Benha General Hospital,MED082,Pantoprazole,Gastrointestinal,A,Room Temperature,B692016,2024-06-01,2027-06-01,1178,480,1820"
"INV00183,H002,Benha General Hospital,MED083,Esomeprazole,Gastrointestinal,B,Room Temperature,B192263,2024-11-04,2027-11-04,907,480,2380"
"INV00184,H002,Benha General Hospital,MED084,Famotidine,Gastrointestinal,A,Room Temperature,B910951,2024-06-27,2027-06-27,663,480,1741"
"INV00185,H002,Benha General Hospital,MED085,Domperidone,Gastrointestinal,C,Room Temperature,B367552,2024-06-05,2027-06-05,1164,480,2286"
"INV00186,H002,Benha General Hospital,MED086,Ondansetron,Gastrointestinal,C,Room Temperature,B984152,2024-02-07,2027-02-07,1380,480,2036"
"INV00187,H002,Benha General Hospital,MED087,Lactulose,Gastrointestinal,B,Room Temperature,B465821,2024-10-15,2027-10-15,845,480,2295"
"INV00188,H002,Benha General Hospital,MED088,ORS,Gastrointestinal,C,Room Temperature,B274944,2024-05-02,2027-05-02,926,480,1942"
"INV00189,H002,Benha General Hospital,MED089,Loperamide,Gastrointestinal,A,Room Temperature,B302967,2024-08-15,2027-08-15,900,480,2214"
"INV00190,H002,Benha General Hospital,MED090,Hyoscine,Gastrointestinal,C,Room Temperature,B184291,2024-02-16,2027-02-16,765,480,1421"
"INV00191,H002,Benha General Hospital,MED091,Hepatitis B Vaccine,Vaccines,Cold Room,Cold Chain,B532882,2024-04-24,2025-04-24,595,180,1189"
"INV00192,H002,Benha General Hospital,MED092,BCG Vaccine,Vaccines,Cold Room,Cold Chain,B695603,2024-03-09,2025-03-09,657,180,1439"
"INV00193,H002,Benha General Hospital,MED093,MMR Vaccine,Vaccines,Cold Room,Cold Chain,B155318,2024-05-13,2025-05-13,333,180,1382"
"INV00194,H002,Benha General Hospital,MED094,Tetanus Vaccine,Vaccines,Cold Room,Cold Chain,B306988,2024-08-05,2025-08-05,480,180,1375"
"INV00195,H002,Benha General Hospital,MED095,Influenza Vaccine,Vaccines,Cold Room,Cold Chain,B191751,2024-04-20,2025-04-20,446,180,1938"
"INV00196,H002,Benha General Hospital,MED096,Propofol,Anesthesia,A,Room Temperature,B295716,2024-11-19,2026-11-19,545,180,1400"
"INV00197,H002,Benha General Hospital,MED097,Ketamine,Anesthesia,C,Room Temperature,B820670,2024-04-01,2026-04-01,508,180,1113"
"INV00198,H002,Benha General Hospital,MED098,Midazolam,Anesthesia,B,Room Temperature,B562120,2024-10-22,2026-10-22,518,180,1046"
"INV00199,H002,Benha General Hospital,MED099,Thiopental,Anesthesia,C,Room Temperature,B232717,2024-04-10,2026-04-10,467,180,1780"
"INV00200,H002,Benha General Hospital,MED100,Succinylcholine,Anesthesia,C,Room Temperature,B808533,2024-11-14,2026-11-14,571,180,1071"
"INV00201,H003,Qanater Central Hospital,MED001,Paracetamol 500 mg Tablet,Analgesics,C,Room Temperature,B157545,2024-11-04,2027-11-04,1533,800,2693"
"INV00202,H003,Qanater Central Hospital,MED002,Paracetamol IV Infusion,Analgesics,A,Room Temperature,B950163,2024-03-03,2027-03-03,1211,800,2513"
"INV00203,H003,Qanater Central Hospital,MED003,Ibuprofen 400 mg Tablet,Analgesics,A,Room Temperature,B632954,2024-07-28,2027-07-28,1838,800,2723"
"INV00204,H003,Qanater Central Hospital,MED004,Diclofenac Sodium Injection,Analgesics,B,Room Temperature,B752026,2024-12-29,2027-12-29,1739,800,3177"
"INV00205,H003,Qanater Central Hospital,MED005,Diclofenac Tablet,Analgesics,A,Room Temperature,B906388,2024-06-28,2027-06-28,2100,800,3566"
"INV00206,H003,Qanater Central Hospital,MED006,Ketorolac Injection,Analgesics,C,Room Temperature,B765755,2024-06-02,2027-06-02,2166,800,3327"
"INV00207,H003,Qanater Central Hospital,MED007,Tramadol Injection,Analgesics,C,Room Temperature,B857907,2024-06-25,2027-06-25,1938,800,2798"
"INV00208,H003,Qanater Central Hospital,MED008,Morphine Injection,Analgesics,A,Room Temperature,B251878,2024-02-18,2027-02-18,1272,800,2131"
"INV00209,H003,Qanater Central Hospital,MED009,Aspirin 81 mg Tablet,Analgesics,C,Room Temperature,B193501,2024-07-29,2027-07-29,2172,800,3562"
"INV00210,H003,Qanater Central Hospital,MED010,Aspirin 300 mg Tablet,Analgesics,B,Room Temperature,B697135,2024-10-12,2027-10-12,1157,800,2085"
"INV00211,H003,Qanater Central Hospital,MED011,Amoxicillin 500 mg,Antibiotics,B,Room Temperature,B357009,2024-06-23,2026-06-23,1837,800,2707"
"INV00212,H003,Qanater Central Hospital,MED012,Amoxicillin-Clavulanate,Antibiotics,A,Room Temperature,B400709,2024-08-09,2026-08-09,1337,800,1950"
"INV00213,H003,Qanater Central Hospital,MED013,Ceftriaxone 1 g,Antibiotics,A,Room Temperature,B402950,2024-02-24,2026-02-24,1816,800,2579"
"INV00214,H003,Qanater Central Hospital,MED014,Cefotaxime,Antibiotics,B,Room Temperature,B283675,2024-06-10,2026-06-10,1762,800,3139"
"INV00215,H003,Qanater Central Hospital,MED015,Cefuroxime,Antibiotics,B,Room Temperature,B209575,2024-12-14,2026-12-14,1406,800,2083"
"INV00216,H003,Qanater Central Hospital,MED016,Azithromycin,Antibiotics,A,Room Temperature,B870044,2024-09-11,2026-09-11,1961,800,3444"
"INV00217,H003,Qanater Central Hospital,MED017,Clarithromycin,Antibiotics,A,Room Temperature,B139986,2024-03-07,2026-03-07,1269,800,1997"
"INV00218,H003,Qanater Central Hospital,MED018,Ciprofloxacin,Antibiotics,A,Room Temperature,B525037,2024-03-28,2026-03-28,2241,800,2836"
"INV00219,H003,Qanater Central Hospital,MED019,Levofloxacin,Antibiotics,C,Room Temperature,B745588,2024-06-13,2026-06-13,2441,800,3392"
"INV00220,H003,Qanater Central Hospital,MED020,Metronidazole IV,Antibiotics,A,Room Temperature,B890857,2024-01-07,2026-01-07,1872,800,3349"
"INV00221,H003,Qanater Central Hospital,MED021,Vancomycin,Antibiotics,A,Room Temperature,B267292,2024-04-21,2025-10-21,420,150,1066"
"INV00222,H003,Qanater Central Hospital,MED022,Meropenem,Antibiotics,C,Room Temperature,B360910,2024-01-02,2025-07-02,538,150,1119"
"INV00223,H003,Qanater Central Hospital,MED023,Imipenem,Antibiotics,B,Room Temperature,B989302,2024-07-13,2026-01-13,433,150,1318"
"INV00224,H003,Qanater Central Hospital,MED024,Piperacillin/Tazobactam,Antibiotics,A,Room Temperature,B294269,2024-09-12,2026-03-12,2061,800,3365"
"INV00225,H003,Qanater Central Hospital,MED025,Colistin,Antibiotics,C,Room Temperature,B356713,2024-12-07,2026-06-07,504,150,1870"
"INV00226,H003,Qanater Central Hospital,MED026,Regular Insulin,Diabetes,Cold Room,Cold Chain,B807280,2024-05-07,2026-05-07,716,400,1942"
"INV00227,H003,Qanater Central Hospital,MED027,NPH Insulin,Diabetes,Cold Room,Cold Chain,B986040,2024-08-24,2026-08-24,680,400,1731"
"INV00228,H003,Qanater Central Hospital,MED028,Insulin Glargine,Diabetes,Cold Room,Cold Chain,B942393,2024-01-04,2026-01-04,829,400,1563"
"INV00229,H003,Qanater Central Hospital,MED029,Metformin 500 mg,Diabetes,A,Room Temperature,B444138,2024-10-19,2026-10-19,1114,400,2340"
"INV00230,H003,Qanater Central Hospital,MED030,Metformin 850 mg,Diabetes,A,Room Temperature,B655941,2024-02-10,2026-02-10,714,400,1569"
"INV00231,H003,Qanater Central Hospital,MED031,Gliclazide,Diabetes,C,Room Temperature,B625910,2024-03-16,2026-03-16,611,400,2108"
"INV00232,H003,Qanater Central Hospital,MED032,Glimepiride,Diabetes,B,Room Temperature,B129402,2024-05-13,2026-05-13,791,400,1577"
"INV00233,H003,Qanater Central Hospital,MED033,Glibenclamide,Diabetes,C,Room Temperature,B397881,2024-06-21,2026-06-21,686,400,2006"
"INV00234,H003,Qanater Central Hospital,MED034,Sitagliptin,Diabetes,A,Room Temperature,B201371,2024-05-09,2026-05-09,1108,400,2183"
"INV00235,H003,Qanater Central Hospital,MED035,Empagliflozin,Diabetes,B,Room Temperature,B677564,2024-10-08,2026-10-08,822,400,1613"
"INV00236,H003,Qanater Central Hospital,MED036,Amlodipine,Cardiovascular,C,Room Temperature,B322320,2024-06-12,2027-06-12,786,400,1797"
"INV00237,H003,Qanater Central Hospital,MED037,Captopril,Cardiovascular,C,Room Temperature,B808662,2024-04-07,2027-04-07,698,400,1507"
"INV00238,H003,Qanater Central Hospital,MED038,Enalapril,Cardiovascular,B,Room Temperature,B305550,2024-02-05,2027-02-05,1024,400,2285"
"INV00239,H003,Qanater Central Hospital,MED039,Losartan,Cardiovascular,A,Room Temperature,B221789,2024-12-02,2027-12-02,693,400,1683"
"INV00240,H003,Qanater Central Hospital,MED040,Valsartan,Cardiovascular,C,Room Temperature,B599137,2024-06-02,2027-06-02,1082,400,1782"
"INV00241,H003,Qanater Central Hospital,MED041,Bisoprolol,Cardiovascular,C,Room Temperature,B658296,2024-05-08,2027-05-08,993,400,1509"
"INV00242,H003,Qanater Central Hospital,MED042,Metoprolol,Cardiovascular,C,Room Temperature,B124354,2024-02-08,2027-02-08,664,400,1188"
"INV00243,H003,Qanater Central Hospital,MED043,Atenolol,Cardiovascular,A,Room Temperature,B713217,2024-04-11,2027-04-11,601,400,1272"
"INV00244,H003,Qanater Central Hospital,MED044,Furosemide,Cardiovascular,C,Room Temperature,B528988,2024-10-31,2027-10-31,1020,400,2474"
"INV00245,H003,Qanater Central Hospital,MED045,Spironolactone,Cardiovascular,B,Room Temperature,B251563,2024-10-29,2027-10-29,668,400,1664"
"INV00246,H003,Qanater Central Hospital,MED046,Hydrochlorothiazide,Cardiovascular,B,Room Temperature,B111344,2024-05-28,2027-05-28,997,400,2272"
"INV00247,H003,Qanater Central Hospital,MED047,Atorvastatin,Cardiovascular,C,Room Temperature,B286833,2024-01-25,2027-01-25,1092,400,1791"
"INV00248,H003,Qanater Central Hospital,MED048,Rosuvastatin,Cardiovascular,C,Room Temperature,B616142,2024-12-30,2027-12-30,683,400,2104"
"INV00249,H003,Qanater Central Hospital,MED049,Clopidogrel,Cardiovascular,B,Room Temperature,B418420,2024-10-08,2027-10-08,897,400,1797"
"INV00250,H003,Qanater Central Hospital,MED050,Warfarin,Cardiovascular,B,Room Temperature,B386214,2024-04-26,2027-04-26,736,400,1570"
"INV00251,H003,Qanater Central Hospital,MED051,Salbutamol Inhaler,Respiratory,C,Room Temperature,B850294,2024-11-10,2026-11-10,631,400,1628"
"INV00252,H003,Qanater Central Hospital,MED052,Budesonide Inhaler,Respiratory,B,Room Temperature,B711600,2024-04-12,2026-04-12,1013,400,1884"
"INV00253,H003,Qanater Central Hospital,MED053,Ipratropium,Respiratory,A,Room Temperature,B550348,2024-07-06,2026-07-06,1101,400,2220"
"INV00254,H003,Qanater Central Hospital,MED054,Montelukast,Respiratory,A,Room Temperature,B909942,2024-07-01,2026-07-01,742,400,2177"
"INV00255,H003,Qanater Central Hospital,MED055,Theophylline,Respiratory,A,Room Temperature,B941052,2024-01-04,2026-01-04,935,400,1931"
"INV00256,H003,Qanater Central Hospital,MED056,Acetylcysteine,Respiratory,A,Room Temperature,B311837,2024-04-17,2026-04-17,983,400,1975"
"INV00257,H003,Qanater Central Hospital,MED057,Ambroxol,Respiratory,B,Room Temperature,B915862,2024-09-07,2026-09-07,846,400,1891"
"INV00258,H003,Qanater Central Hospital,MED058,Dexamethasone Neb,Respiratory,A,Room Temperature,B993741,2024-02-08,2026-02-08,677,400,1915"
"INV00259,H003,Qanater Central Hospital,MED059,Prednisolone,Respiratory,C,Room Temperature,B293259,2024-09-01,2026-09-01,670,400,1487"
"INV00260,H003,Qanater Central Hospital,MED060,Hydrocortisone,Respiratory,C,Room Temperature,B729661,2024-09-22,2026-09-22,925,400,1801"
"INV00261,H003,Qanater Central Hospital,MED061,Normal Saline,IV Fluids,A,Room Temperature,B132733,2024-03-05,2026-03-05,1909,800,2797"
"INV00262,H003,Qanater Central Hospital,MED062,Ringer Lactate,IV Fluids,C,Room Temperature,B999005,2024-11-19,2026-11-19,1130,800,2299"
"INV00263,H003,Qanater Central Hospital,MED063,Dextrose 5%,IV Fluids,A,Room Temperature,B497710,2024-03-13,2026-03-13,1212,800,2660"
"INV00264,H003,Qanater Central Hospital,MED064,Dextrose 10%,IV Fluids,A,Room Temperature,B143001,2024-07-05,2026-07-05,1849,800,2488"
"INV00265,H003,Qanater Central Hospital,MED065,Half Saline,IV Fluids,A,Room Temperature,B811998,2024-10-21,2026-10-21,1105,800,2314"
"INV00266,H003,Qanater Central Hospital,MED066,DNS,IV Fluids,C,Room Temperature,B966867,2024-07-17,2026-07-17,1296,800,1948"
"INV00267,H003,Qanater Central Hospital,MED067,Sterile Water,IV Fluids,C,Room Temperature,B531413,2024-03-03,2026-03-03,1713,800,3073"
"INV00268,H003,Qanater Central Hospital,MED068,Mannitol,IV Fluids,A,Room Temperature,B161665,2024-04-16,2026-04-16,2186,800,3015"
"INV00269,H003,Qanater Central Hospital,MED069,Albumin,IV Fluids,A,Room Temperature,B245271,2024-09-15,2026-09-15,1753,800,2758"
"INV00270,H003,Qanater Central Hospital,MED070,Plasma Expander,IV Fluids,A,Room Temperature,B555699,2024-04-08,2026-04-08,1366,800,2386"
"INV00271,H003,Qanater Central Hospital,MED071,Adrenaline,Emergency,A,Room Temperature,B474999,2024-06-26,2026-06-26,504,150,1493"
"INV00272,H003,Qanater Central Hospital,MED072,Atropine,Emergency,B,Room Temperature,B395804,2024-04-29,2026-04-29,429,150,1709"
"INV00273,H003,Qanater Central Hospital,MED073,Dopamine,Emergency,A,Room Temperature,B773034,2024-04-07,2026-04-07,341,150,1197"
"INV00274,H003,Qanater Central Hospital,MED074,Dobutamine,Emergency,C,Room Temperature,B427304,2024-01-29,2026-01-29,322,150,1809"
"INV00275,H003,Qanater Central Hospital,MED075,Nitroglycerin,Emergency,A,Room Temperature,B932974,2024-01-09,2026-01-09,373,150,1042"
"INV00276,H003,Qanater Central Hospital,MED076,Amiodarone,Emergency,B,Room Temperature,B125559,2024-08-13,2026-08-13,338,150,1792"
"INV00277,H003,Qanater Central Hospital,MED077,Lidocaine,Emergency,C,Room Temperature,B212217,2024-06-24,2026-06-24,271,150,1021"
"INV00278,H003,Qanater Central Hospital,MED078,Calcium Gluconate,Emergency,B,Room Temperature,B972388,2024-10-10,2026-10-10,454,150,1641"
"INV00279,H003,Qanater Central Hospital,MED079,Magnesium Sulfate,Emergency,A,Room Temperature,B626684,2024-11-13,2026-11-13,244,150,967"
"INV00280,H003,Qanater Central Hospital,MED080,Naloxone,Emergency,C,Room Temperature,B433863,2024-12-19,2026-12-19,276,150,815"
"INV00281,H003,Qanater Central Hospital,MED081,Omeprazole,Gastrointestinal,A,Room Temperature,B823035,2024-06-16,2027-06-16,944,400,1779"
"INV00282,H003,Qanater Central Hospital,MED082,Pantoprazole,Gastrointestinal,C,Room Temperature,B526346,2024-09-25,2027-09-25,806,400,1986"
"INV00283,H003,Qanater Central Hospital,MED083,Esomeprazole,Gastrointestinal,C,Room Temperature,B169274,2024-07-09,2027-07-09,1166,400,2021"
"INV00284,H003,Qanater Central Hospital,MED084,Famotidine,Gastrointestinal,C,Room Temperature,B174553,2024-02-14,2027-02-14,874,400,2120"
"INV00285,H003,Qanater Central Hospital,MED085,Domperidone,Gastrointestinal,B,Room Temperature,B570452,2024-12-28,2027-12-28,660,400,1831"
"INV00286,H003,Qanater Central Hospital,MED086,Ondansetron,Gastrointestinal,A,Room Temperature,B289004,2024-07-24,2027-07-24,975,400,1732"
"INV00287,H003,Qanater Central Hospital,MED087,Lactulose,Gastrointestinal,B,Room Temperature,B175418,2024-02-15,2027-02-15,900,400,1924"
"INV00288,H003,Qanater Central Hospital,MED088,ORS,Gastrointestinal,B,Room Temperature,B268383,2024-12-19,2027-12-19,689,400,1411"
"INV00289,H003,Qanater Central Hospital,MED089,Loperamide,Gastrointestinal,A,Room Temperature,B580488,2024-03-14,2027-03-14,996,400,1962"
"INV00290,H003,Qanater Central Hospital,MED090,Hyoscine,Gastrointestinal,A,Room Temperature,B715645,2024-11-30,2027-11-30,865,400,1936"
"INV00291,H003,Qanater Central Hospital,MED091,Hepatitis B Vaccine,Vaccines,Cold Room,Cold Chain,B538755,2024-12-17,2025-12-17,395,150,1810"
"INV00292,H003,Qanater Central Hospital,MED092,BCG Vaccine,Vaccines,Cold Room,Cold Chain,B426032,2024-01-12,2025-01-12,423,150,939"
"INV00293,H003,Qanater Central Hospital,MED093,MMR Vaccine,Vaccines,Cold Room,Cold Chain,B476826,2024-04-29,2025-04-29,511,150,1484"
"INV00294,H003,Qanater Central Hospital,MED094,Tetanus Vaccine,Vaccines,Cold Room,Cold Chain,B776555,2024-10-11,2025-10-11,391,150,1577"
"INV00295,H003,Qanater Central Hospital,MED095,Influenza Vaccine,Vaccines,Cold Room,Cold Chain,B943804,2024-01-07,2025-01-07,379,150,1259"
"INV00296,H003,Qanater Central Hospital,MED096,Propofol,Anesthesia,A,Room Temperature,B327286,2024-02-27,2026-02-27,569,150,1147"
"INV00297,H003,Qanater Central Hospital,MED097,Ketamine,Anesthesia,C,Room Temperature,B769648,2024-01-04,2026-01-04,425,150,1209"
"INV00298,H003,Qanater Central Hospital,MED098,Midazolam,Anesthesia,B,Room Temperature,B438076,2024-10-11,2026-10-11,238,150,1008"
"INV00299,H003,Qanater Central Hospital,MED099,Thiopental,Anesthesia,B,Room Temperature,B384186,2024-03-24,2026-03-24,329,150,1515"
"INV00300,H003,Qanater Central Hospital,MED100,Succinylcholine,Anesthesia,B,Room Temperature,B395900,2024-04-01,2026-04-01,435,150,1374"
"INV00301,H004,Toukh Central Hospital,MED001,Paracetamol 500 mg Tablet,Analgesics,B,Room Temperature,B673189,2024-03-24,2027-03-24,1308,800,2762"
"INV00302,H004,Toukh Central Hospital,MED002,Paracetamol IV Infusion,Analgesics,B,Room Temperature,B803650,2024-06-10,2027-06-10,2222,800,3248"
"INV00303,H004,Toukh Central Hospital,MED003,Ibuprofen 400 mg Tablet,Analgesics,C,Room Temperature,B516235,2024-09-27,2027-09-27,2198,800,3483"
"INV00304,H004,Toukh Central Hospital,MED004,Diclofenac Sodium Injection,Analgesics,A,Room Temperature,B529660,2024-05-24,2027-05-24,1354,800,2283"
"INV00305,H004,Toukh Central Hospital,MED005,Diclofenac Tablet,Analgesics,C,Room Temperature,B817148,2024-07-17,2027-07-17,1772,800,2833"
"INV00306,H004,Toukh Central Hospital,MED006,Ketorolac Injection,Analgesics,C,Room Temperature,B886958,2024-02-15,2027-02-15,1917,800,3244"
"INV00307,H004,Toukh Central Hospital,MED007,Tramadol Injection,Analgesics,C,Room Temperature,B658819,2024-08-23,2027-08-23,1901,800,2673"
"INV00308,H004,Toukh Central Hospital,MED008,Morphine Injection,Analgesics,A,Room Temperature,B754037,2024-11-14,2027-11-14,1479,800,2934"
"INV00309,H004,Toukh Central Hospital,MED009,Aspirin 81 mg Tablet,Analgesics,A,Room Temperature,B354346,2024-03-12,2027-03-12,1986,800,2829"
"INV00310,H004,Toukh Central Hospital,MED010,Aspirin 300 mg Tablet,Analgesics,B,Room Temperature,B257661,2024-09-30,2027-09-30,2141,800,3429"
"INV00311,H004,Toukh Central Hospital,MED011,Amoxicillin 500 mg,Antibiotics,C,Room Temperature,B106154,2024-02-01,2026-02-01,1450,800,2115"
"INV00312,H004,Toukh Central Hospital,MED012,Amoxicillin-Clavulanate,Antibiotics,B,Room Temperature,B264053,2024-09-23,2026-09-23,2039,800,2963"
"INV00313,H004,Toukh Central Hospital,MED013,Ceftriaxone 1 g,Antibiotics,A,Room Temperature,B793919,2024-02-15,2026-02-15,1949,800,3337"
"INV00314,H004,Toukh Central Hospital,MED014,Cefotaxime,Antibiotics,A,Room Temperature,B436585,2024-06-09,2026-06-09,1691,800,2850"
"INV00315,H004,Toukh Central Hospital,MED015,Cefuroxime,Antibiotics,A,Room Temperature,B998792,2024-08-12,2026-08-12,1714,800,2215"
"INV00316,H004,Toukh Central Hospital,MED016,Azithromycin,Antibiotics,A,Room Temperature,B836421,2024-07-12,2026-07-12,1472,800,2074"
"INV00317,H004,Toukh Central Hospital,MED017,Clarithromycin,Antibiotics,C,Room Temperature,B109078,2024-04-15,2026-04-15,1780,800,2422"
"INV00318,H004,Toukh Central Hospital,MED018,Ciprofloxacin,Antibiotics,B,Room Temperature,B495141,2024-05-02,2026-05-02,1352,800,2168"
"INV00319,H004,Toukh Central Hospital,MED019,Levofloxacin,Antibiotics,A,Room Temperature,B427025,2024-02-10,2026-02-10,1305,800,2027"
"INV00320,H004,Toukh Central Hospital,MED020,Metronidazole IV,Antibiotics,B,Room Temperature,B506845,2024-11-13,2026-11-13,2032,800,3391"
"INV00321,H004,Toukh Central Hospital,MED021,Vancomycin,Antibiotics,A,Room Temperature,B198511,2024-03-24,2025-09-24,271,150,1229"
"INV00322,H004,Toukh Central Hospital,MED022,Meropenem,Antibiotics,B,Room Temperature,B252360,2024-01-03,2025-07-03,525,150,1434"
"INV00323,H004,Toukh Central Hospital,MED023,Imipenem,Antibiotics,B,Room Temperature,B241398,2024-01-12,2025-07-12,402,150,1879"
"INV00324,H004,Toukh Central Hospital,MED024,Piperacillin/Tazobactam,Antibiotics,A,Room Temperature,B251094,2024-05-26,2025-11-26,1989,800,2610"
"INV00325,H004,Toukh Central Hospital,MED025,Colistin,Antibiotics,A,Room Temperature,B364500,2024-04-28,2025-10-28,348,150,1580"
"INV00326,H004,Toukh Central Hospital,MED026,Regular Insulin,Diabetes,Cold Room,Cold Chain,B887093,2024-07-29,2026-07-29,842,400,2307"
"INV00327,H004,Toukh Central Hospital,MED027,NPH Insulin,Diabetes,Cold Room,Cold Chain,B441705,2024-05-10,2026-05-10,1261,400,1819"
"INV00328,H004,Toukh Central Hospital,MED028,Insulin Glargine,Diabetes,Cold Room,Cold Chain,B591872,2024-07-25,2026-07-25,631,400,2089"
"INV00329,H004,Toukh Central Hospital,MED029,Metformin 500 mg,Diabetes,B,Room Temperature,B960563,2024-01-24,2026-01-24,793,400,1451"
"INV00330,H004,Toukh Central Hospital,MED030,Metformin 850 mg,Diabetes,C,Room Temperature,B476369,2024-05-31,2026-05-31,1137,400,2168"
"INV00331,H004,Toukh Central Hospital,MED031,Gliclazide,Diabetes,A,Room Temperature,B667873,2024-08-15,2026-08-15,824,400,1835"
"INV00332,H004,Toukh Central Hospital,MED032,Glimepiride,Diabetes,A,Room Temperature,B379922,2024-08-30,2026-08-30,999,400,1793"
"INV00333,H004,Toukh Central Hospital,MED033,Glibenclamide,Diabetes,C,Room Temperature,B360116,2024-08-24,2026-08-24,842,400,1984"
"INV00334,H004,Toukh Central Hospital,MED034,Sitagliptin,Diabetes,C,Room Temperature,B297133,2024-10-24,2026-10-24,1031,400,2129"
"INV00335,H004,Toukh Central Hospital,MED035,Empagliflozin,Diabetes,A,Room Temperature,B790493,2024-02-10,2026-02-10,889,400,2225"
"INV00336,H004,Toukh Central Hospital,MED036,Amlodipine,Cardiovascular,A,Room Temperature,B540280,2024-08-18,2027-08-18,1168,400,1681"
"INV00337,H004,Toukh Central Hospital,MED037,Captopril,Cardiovascular,A,Room Temperature,B847512,2024-12-10,2027-12-10,667,400,1311"
"INV00338,H004,Toukh Central Hospital,MED038,Enalapril,Cardiovascular,A,Room Temperature,B505804,2024-06-12,2027-06-12,678,400,1438"
"INV00339,H004,Toukh Central Hospital,MED039,Losartan,Cardiovascular,B,Room Temperature,B444333,2024-04-27,2027-04-27,785,400,1991"
"INV00340,H004,Toukh Central Hospital,MED040,Valsartan,Cardiovascular,B,Room Temperature,B119816,2024-12-15,2027-12-15,1138,400,2481"
"INV00341,H004,Toukh Central Hospital,MED041,Bisoprolol,Cardiovascular,B,Room Temperature,B471000,2024-01-01,2027-01-01,800,400,1982"
"INV00342,H004,Toukh Central Hospital,MED042,Metoprolol,Cardiovascular,A,Room Temperature,B417348,2024-04-16,2027-04-16,1066,400,1686"
"INV00343,H004,Toukh Central Hospital,MED043,Atenolol,Cardiovascular,B,Room Temperature,B441815,2024-02-13,2027-02-13,756,400,1887"
"INV00344,H004,Toukh Central Hospital,MED044,Furosemide,Cardiovascular,A,Room Temperature,B543324,2024-09-07,2027-09-07,799,400,1918"
"INV00345,H004,Toukh Central Hospital,MED045,Spironolactone,Cardiovascular,A,Room Temperature,B258492,2024-10-08,2027-10-08,762,400,1281"
"INV00346,H004,Toukh Central Hospital,MED046,Hydrochlorothiazide,Cardiovascular,B,Room Temperature,B858842,2024-09-01,2027-09-01,647,400,1631"
"INV00347,H004,Toukh Central Hospital,MED047,Atorvastatin,Cardiovascular,A,Room Temperature,B348500,2024-10-02,2027-10-02,723,400,1234"
"INV00348,H004,Toukh Central Hospital,MED048,Rosuvastatin,Cardiovascular,B,Room Temperature,B975825,2024-08-04,2027-08-04,916,400,1541"
"INV00349,H004,Toukh Central Hospital,MED049,Clopidogrel,Cardiovascular,B,Room Temperature,B633398,2024-06-26,2027-06-26,763,400,1757"
"INV00350,H004,Toukh Central Hospital,MED050,Warfarin,Cardiovascular,B,Room Temperature,B394700,2024-05-05,2027-05-05,985,400,1868"
"INV00351,H004,Toukh Central Hospital,MED051,Salbutamol Inhaler,Respiratory,B,Room Temperature,B896657,2024-01-08,2026-01-08,917,400,2308"
"INV00352,H004,Toukh Central Hospital,MED052,Budesonide Inhaler,Respiratory,B,Room Temperature,B900101,2024-12-17,2026-12-17,778,400,1946"
"INV00353,H004,Toukh Central Hospital,MED053,Ipratropium,Respiratory,C,Room Temperature,B596758,2024-07-11,2026-07-11,1215,400,2516"
"INV00354,H004,Toukh Central Hospital,MED054,Montelukast,Respiratory,C,Room Temperature,B386233,2024-05-24,2026-05-24,745,400,1358"
"INV00355,H004,Toukh Central Hospital,MED055,Theophylline,Respiratory,C,Room Temperature,B530424,2024-11-23,2026-11-23,876,400,2362"
"INV00356,H004,Toukh Central Hospital,MED056,Acetylcysteine,Respiratory,C,Room Temperature,B572132,2024-02-22,2026-02-22,657,400,1810"
"INV00357,H004,Toukh Central Hospital,MED057,Ambroxol,Respiratory,C,Room Temperature,B599653,2024-07-10,2026-07-10,798,400,2259"
"INV00358,H004,Toukh Central Hospital,MED058,Dexamethasone Neb,Respiratory,B,Room Temperature,B782568,2024-06-24,2026-06-24,1283,400,1871"
"INV00359,H004,Toukh Central Hospital,MED059,Prednisolone,Respiratory,A,Room Temperature,B476188,2024-04-07,2026-04-07,1053,400,1876"
"INV00360,H004,Toukh Central Hospital,MED060,Hydrocortisone,Respiratory,A,Room Temperature,B983084,2024-03-22,2026-03-22,629,400,1147"
"INV00361,H004,Toukh Central Hospital,MED061,Normal Saline,IV Fluids,B,Room Temperature,B494583,2024-05-08,2026-05-08,1969,800,2799"
"INV00362,H004,Toukh Central Hospital,MED062,Ringer Lactate,IV Fluids,A,Room Temperature,B127723,2024-03-05,2026-03-05,2010,800,3164"
"INV00363,H004,Toukh Central Hospital,MED063,Dextrose 5%,IV Fluids,A,Room Temperature,B990328,2024-04-02,2026-04-02,1850,800,3177"
"INV00364,H004,Toukh Central Hospital,MED064,Dextrose 10%,IV Fluids,C,Room Temperature,B949881,2024-04-11,2026-04-11,1449,800,2888"
"INV00365,H004,Toukh Central Hospital,MED065,Half Saline,IV Fluids,C,Room Temperature,B387681,2024-11-25,2026-11-25,2442,800,3915"
"INV00366,H004,Toukh Central Hospital,MED066,DNS,IV Fluids,C,Room Temperature,B266703,2024-11-23,2026-11-23,2034,800,3327"
"INV00367,H004,Toukh Central Hospital,MED067,Sterile Water,IV Fluids,A,Room Temperature,B394923,2024-06-01,2026-06-01,1775,800,2428"
"INV00368,H004,Toukh Central Hospital,MED068,Mannitol,IV Fluids,C,Room Temperature,B671107,2024-10-26,2026-10-26,2166,800,3640"
"INV00369,H004,Toukh Central Hospital,MED069,Albumin,IV Fluids,B,Room Temperature,B553105,2024-10-28,2026-10-28,1820,800,2645"
"INV00370,H004,Toukh Central Hospital,MED070,Plasma Expander,IV Fluids,A,Room Temperature,B159182,2024-04-16,2026-04-16,1698,800,2218"
"INV00371,H004,Toukh Central Hospital,MED071,Adrenaline,Emergency,A,Room Temperature,B923346,2024-07-21,2026-07-21,284,150,1587"
"INV00372,H004,Toukh Central Hospital,MED072,Atropine,Emergency,C,Room Temperature,B540097,2024-10-01,2026-10-01,360,150,1329"
"INV00373,H004,Toukh Central Hospital,MED073,Dopamine,Emergency,B,Room Temperature,B848013,2024-02-21,2026-02-21,456,150,1328"
"INV00374,H004,Toukh Central Hospital,MED074,Dobutamine,Emergency,C,Room Temperature,B221999,2024-05-15,2026-05-15,355,150,1145"
"INV00375,H004,Toukh Central Hospital,MED075,Nitroglycerin,Emergency,C,Room Temperature,B855801,2024-03-17,2026-03-17,345,150,846"
"INV00376,H004,Toukh Central Hospital,MED076,Amiodarone,Emergency,A,Room Temperature,B279785,2024-04-17,2026-04-17,472,150,1322"
"INV00377,H004,Toukh Central Hospital,MED077,Lidocaine,Emergency,A,Room Temperature,B934800,2024-11-07,2026-11-07,270,150,1728"
"INV00378,H004,Toukh Central Hospital,MED078,Calcium Gluconate,Emergency,C,Room Temperature,B732259,2024-03-24,2026-03-24,491,150,1026"
"INV00379,H004,Toukh Central Hospital,MED079,Magnesium Sulfate,Emergency,A,Room Temperature,B506889,2024-06-21,2026-06-21,544,150,1215"
"INV00380,H004,Toukh Central Hospital,MED080,Naloxone,Emergency,A,Room Temperature,B265140,2024-04-27,2026-04-27,318,150,1735"
"INV00381,H004,Toukh Central Hospital,MED081,Omeprazole,Gastrointestinal,A,Room Temperature,B700441,2024-01-10,2027-01-10,711,400,1993"
"INV00382,H004,Toukh Central Hospital,MED082,Pantoprazole,Gastrointestinal,C,Room Temperature,B134084,2024-12-12,2027-12-12,1219,400,1872"
"INV00383,H004,Toukh Central Hospital,MED083,Esomeprazole,Gastrointestinal,A,Room Temperature,B262982,2024-02-29,2027-02-28,1040,400,2151"
"INV00384,H004,Toukh Central Hospital,MED084,Famotidine,Gastrointestinal,C,Room Temperature,B751844,2024-08-29,2027-08-29,835,400,2010"
"INV00385,H004,Toukh Central Hospital,MED085,Domperidone,Gastrointestinal,A,Room Temperature,B966964,2024-04-28,2027-04-28,1184,400,2356"
"INV00386,H004,Toukh Central Hospital,MED086,Ondansetron,Gastrointestinal,B,Room Temperature,B191658,2024-06-08,2027-06-08,921,400,2408"
"INV00387,H004,Toukh Central Hospital,MED087,Lactulose,Gastrointestinal,A,Room Temperature,B642015,2024-09-14,2027-09-14,1176,400,1929"
"INV00388,H004,Toukh Central Hospital,MED088,ORS,Gastrointestinal,C,Room Temperature,B394054,2024-05-04,2027-05-04,869,400,1922"
"INV00389,H004,Toukh Central Hospital,MED089,Loperamide,Gastrointestinal,A,Room Temperature,B924899,2024-01-19,2027-01-19,1161,400,1962"
"INV00390,H004,Toukh Central Hospital,MED090,Hyoscine,Gastrointestinal,C,Room Temperature,B416397,2024-04-18,2027-04-18,736,400,1402"
"INV00391,H004,Toukh Central Hospital,MED091,Hepatitis B Vaccine,Vaccines,Cold Room,Cold Chain,B655655,2024-03-13,2025-03-13,296,150,1471"
"INV00392,H004,Toukh Central Hospital,MED092,BCG Vaccine,Vaccines,Cold Room,Cold Chain,B216492,2024-07-14,2025-07-14,435,150,1933"
"INV00393,H004,Toukh Central Hospital,MED093,MMR Vaccine,Vaccines,Cold Room,Cold Chain,B235327,2024-01-27,2025-01-27,387,150,1403"
"INV00394,H004,Toukh Central Hospital,MED094,Tetanus Vaccine,Vaccines,Cold Room,Cold Chain,B599499,2024-03-07,2025-03-07,399,150,1460"
"INV00395,H004,Toukh Central Hospital,MED095,Influenza Vaccine,Vaccines,Cold Room,Cold Chain,B351051,2024-05-09,2025-05-09,496,150,1833"
"INV00396,H004,Toukh Central Hospital,MED096,Propofol,Anesthesia,C,Room Temperature,B415507,2024-10-12,2026-10-12,369,150,1222"
"INV00397,H004,Toukh Central Hospital,MED097,Ketamine,Anesthesia,A,Room Temperature,B935036,2024-11-28,2026-11-28,402,150,1449"
"INV00398,H004,Toukh Central Hospital,MED098,Midazolam,Anesthesia,C,Room Temperature,B450877,2024-04-15,2026-04-15,447,150,1154"
"INV00399,H004,Toukh Central Hospital,MED099,Thiopental,Anesthesia,A,Room Temperature,B270963,2024-05-15,2026-05-15,282,150,1438"
"INV00400,H004,Toukh Central Hospital,MED100,Succinylcholine,Anesthesia,B,Room Temperature,B286994,2024-12-13,2026-12-13,436,150,1214"
"INV00401,H005,Shibin El Qanater Central Hospital,MED001,Paracetamol 500 mg Tablet,Analgesics,C,Room Temperature,B796683,2024-09-04,2027-09-04,1875,800,3246"
"INV00402,H005,Shibin El Qanater Central Hospital,MED002,Paracetamol IV Infusion,Analgesics,C,Room Temperature,B891327,2024-08-18,2027-08-18,1599,800,2182"
"INV00403,H005,Shibin El Qanater Central Hospital,MED003,Ibuprofen 400 mg Tablet,Analgesics,C,Room Temperature,B618652,2024-08-13,2027-08-13,2342,800,3391"
"INV00404,H005,Shibin El Qanater Central Hospital,MED004,Diclofenac Sodium Injection,Analgesics,C,Room Temperature,B659873,2024-12-26,2027-12-26,1458,800,2535"
"INV00405,H005,Shibin El Qanater Central Hospital,MED005,Diclofenac Tablet,Analgesics,B,Room Temperature,B798045,2024-06-28,2027-06-28,1893,800,3227"
"INV00406,H005,Shibin El Qanater Central Hospital,MED006,Ketorolac Injection,Analgesics,B,Room Temperature,B826331,2024-05-22,2027-05-22,2568,800,3486"
"INV00407,H005,Shibin El Qanater Central Hospital,MED007,Tramadol Injection,Analgesics,A,Room Temperature,B767689,2024-02-18,2027-02-18,2131,800,2869"
"INV00408,H005,Shibin El Qanater Central Hospital,MED008,Morphine Injection,Analgesics,C,Room Temperature,B145033,2024-08-03,2027-08-03,1961,800,2618"
"INV00409,H005,Shibin El Qanater Central Hospital,MED009,Aspirin 81 mg Tablet,Analgesics,C,Room Temperature,B567016,2024-01-14,2027-01-14,1122,800,2569"
"INV00410,H005,Shibin El Qanater Central Hospital,MED010,Aspirin 300 mg Tablet,Analgesics,B,Room Temperature,B754801,2024-05-09,2027-05-09,1471,800,2829"
"INV00411,H005,Shibin El Qanater Central Hospital,MED011,Amoxicillin 500 mg,Antibiotics,A,Room Temperature,B556956,2024-10-07,2026-10-07,2654,800,3690"
"INV00412,H005,Shibin El Qanater Central Hospital,MED012,Amoxicillin-Clavulanate,Antibiotics,B,Room Temperature,B322317,2024-11-16,2026-11-16,1807,800,3088"
"INV00413,H005,Shibin El Qanater Central Hospital,MED013,Ceftriaxone 1 g,Antibiotics,B,Room Temperature,B302380,2024-01-25,2026-01-25,1580,800,2515"
"INV00414,H005,Shibin El Qanater Central Hospital,MED014,Cefotaxime,Antibiotics,A,Room Temperature,B656110,2024-01-25,2026-01-25,1957,800,3450"
"INV00415,H005,Shibin El Qanater Central Hospital,MED015,Cefuroxime,Antibiotics,C,Room Temperature,B325371,2024-04-05,2026-04-05,2311,800,2938"
"INV00416,H005,Shibin El Qanater Central Hospital,MED016,Azithromycin,Antibiotics,C,Room Temperature,B659550,2024-11-11,2026-11-11,1658,800,3146"
"INV00417,H005,Shibin El Qanater Central Hospital,MED017,Clarithromycin,Antibiotics,B,Room Temperature,B334555,2024-05-09,2026-05-09,1271,800,2024"
"INV00418,H005,Shibin El Qanater Central Hospital,MED018,Ciprofloxacin,Antibiotics,B,Room Temperature,B466936,2024-09-22,2026-09-22,1574,800,2590"
"INV00419,H005,Shibin El Qanater Central Hospital,MED019,Levofloxacin,Antibiotics,B,Room Temperature,B256104,2024-02-25,2026-02-25,1740,800,2492"
"INV00420,H005,Shibin El Qanater Central Hospital,MED020,Metronidazole IV,Antibiotics,A,Room Temperature,B325469,2024-11-24,2026-11-24,1902,800,2550"
"INV00421,H005,Shibin El Qanater Central Hospital,MED021,Vancomycin,Antibiotics,A,Room Temperature,B721827,2024-04-06,2025-10-06,443,150,1706"
"INV00422,H005,Shibin El Qanater Central Hospital,MED022,Meropenem,Antibiotics,B,Room Temperature,B527387,2024-12-24,2026-06-24,449,150,1049"
"INV00423,H005,Shibin El Qanater Central Hospital,MED023,Imipenem,Antibiotics,C,Room Temperature,B943441,2024-08-18,2026-02-18,389,150,1012"
"INV00424,H005,Shibin El Qanater Central Hospital,MED024,Piperacillin/Tazobactam,Antibiotics,C,Room Temperature,B282268,2024-09-12,2026-03-12,2372,800,3445"
"INV00425,H005,Shibin El Qanater Central Hospital,MED025,Colistin,Antibiotics,A,Room Temperature,B597660,2024-08-16,2026-02-16,413,150,1438"
"INV00426,H005,Shibin El Qanater Central Hospital,MED026,Regular Insulin,Diabetes,Cold Room,Cold Chain,B714106,2024-03-02,2026-03-02,1303,400,2188"
"INV00427,H005,Shibin El Qanater Central Hospital,MED027,NPH Insulin,Diabetes,Cold Room,Cold Chain,B386166,2024-05-17,2026-05-17,808,400,1968"
"INV00428,H005,Shibin El Qanater Central Hospital,MED028,Insulin Glargine,Diabetes,Cold Room,Cold Chain,B737420,2024-08-29,2026-08-29,1007,400,1719"
"INV00429,H005,Shibin El Qanater Central Hospital,MED029,Metformin 500 mg,Diabetes,A,Room Temperature,B362307,2024-06-08,2026-06-08,698,400,1370"
"INV00430,H005,Shibin El Qanater Central Hospital,MED030,Metformin 850 mg,Diabetes,C,Room Temperature,B384564,2024-07-09,2026-07-09,886,400,1780"
"INV00431,H005,Shibin El Qanater Central Hospital,MED031,Gliclazide,Diabetes,A,Room Temperature,B780481,2024-07-14,2026-07-14,797,400,2090"
"INV00432,H005,Shibin El Qanater Central Hospital,MED032,Glimepiride,Diabetes,C,Room Temperature,B769416,2024-08-14,2026-08-14,1015,400,2258"
"INV00433,H005,Shibin El Qanater Central Hospital,MED033,Glibenclamide,Diabetes,B,Room Temperature,B479504,2024-02-11,2026-02-11,1094,400,1614"
"INV00434,H005,Shibin El Qanater Central Hospital,MED034,Sitagliptin,Diabetes,A,Room Temperature,B295713,2024-05-08,2026-05-08,584,400,1476"
"INV00435,H005,Shibin El Qanater Central Hospital,MED035,Empagliflozin,Diabetes,B,Room Temperature,B513497,2024-08-29,2026-08-29,963,400,1472"
"INV00436,H005,Shibin El Qanater Central Hospital,MED036,Amlodipine,Cardiovascular,A,Room Temperature,B608679,2024-10-16,2027-10-16,779,400,2037"
"INV00437,H005,Shibin El Qanater Central Hospital,MED037,Captopril,Cardiovascular,A,Room Temperature,B518647,2024-12-08,2027-12-08,693,400,2148"
"INV00438,H005,Shibin El Qanater Central Hospital,MED038,Enalapril,Cardiovascular,B,Room Temperature,B323332,2024-03-27,2027-03-27,652,400,2091"
"INV00439,H005,Shibin El Qanater Central Hospital,MED039,Losartan,Cardiovascular,B,Room Temperature,B529440,2024-02-12,2027-02-12,698,400,1284"
"INV00440,H005,Shibin El Qanater Central Hospital,MED040,Valsartan,Cardiovascular,A,Room Temperature,B247603,2024-05-12,2027-05-12,849,400,1365"
"INV00441,H005,Shibin El Qanater Central Hospital,MED041,Bisoprolol,Cardiovascular,B,Room Temperature,B503082,2024-08-15,2027-08-15,802,400,1667"
"INV00442,H005,Shibin El Qanater Central Hospital,MED042,Metoprolol,Cardiovascular,C,Room Temperature,B551122,2024-01-28,2027-01-28,1068,400,2066"
"INV00443,H005,Shibin El Qanater Central Hospital,MED043,Atenolol,Cardiovascular,C,Room Temperature,B569511,2024-12-17,2027-12-17,1006,400,1855"
"INV00444,H005,Shibin El Qanater Central Hospital,MED044,Furosemide,Cardiovascular,B,Room Temperature,B248702,2024-08-07,2027-08-07,852,400,2343"
"INV00445,H005,Shibin El Qanater Central Hospital,MED045,Spironolactone,Cardiovascular,C,Room Temperature,B282051,2024-02-18,2027-02-18,946,400,1908"
"INV00446,H005,Shibin El Qanater Central Hospital,MED046,Hydrochlorothiazide,Cardiovascular,C,Room Temperature,B223257,2024-08-04,2027-08-04,861,400,1529"
"INV00447,H005,Shibin El Qanater Central Hospital,MED047,Atorvastatin,Cardiovascular,C,Room Temperature,B518443,2024-05-28,2027-05-28,583,400,1860"
"INV00448,H005,Shibin El Qanater Central Hospital,MED048,Rosuvastatin,Cardiovascular,A,Room Temperature,B212990,2024-06-08,2027-06-08,906,400,2098"
"INV00449,H005,Shibin El Qanater Central Hospital,MED049,Clopidogrel,Cardiovascular,C,Room Temperature,B670126,2024-01-10,2027-01-10,873,400,1895"
"INV00450,H005,Shibin El Qanater Central Hospital,MED050,Warfarin,Cardiovascular,C,Room Temperature,B170119,2024-06-01,2027-06-01,940,400,2408"
"INV00451,H005,Shibin El Qanater Central Hospital,MED051,Salbutamol Inhaler,Respiratory,B,Room Temperature,B963403,2024-07-31,2026-07-31,662,400,1951"
"INV00452,H005,Shibin El Qanater Central Hospital,MED052,Budesonide Inhaler,Respiratory,C,Room Temperature,B224447,2024-05-01,2026-05-01,841,400,2228"
"INV00453,H005,Shibin El Qanater Central Hospital,MED053,Ipratropium,Respiratory,A,Room Temperature,B406094,2024-08-20,2026-08-20,868,400,2147"
"INV00454,H005,Shibin El Qanater Central Hospital,MED054,Montelukast,Respiratory,A,Room Temperature,B941965,2024-10-28,2026-10-28,1118,400,2255"
"INV00455,H005,Shibin El Qanater Central Hospital,MED055,Theophylline,Respiratory,B,Room Temperature,B289784,2024-08-22,2026-08-22,681,400,1842"
"INV00456,H005,Shibin El Qanater Central Hospital,MED056,Acetylcysteine,Respiratory,A,Room Temperature,B688316,2024-09-14,2026-09-14,1089,400,2054"
"INV00457,H005,Shibin El Qanater Central Hospital,MED057,Ambroxol,Respiratory,A,Room Temperature,B584814,2024-04-04,2026-04-04,826,400,1887"
"INV00458,H005,Shibin El Qanater Central Hospital,MED058,Dexamethasone Neb,Respiratory,C,Room Temperature,B651332,2024-06-19,2026-06-19,1058,400,1835"
"INV00459,H005,Shibin El Qanater Central Hospital,MED059,Prednisolone,Respiratory,C,Room Temperature,B968374,2024-01-19,2026-01-19,906,400,2035"
"INV00460,H005,Shibin El Qanater Central Hospital,MED060,Hydrocortisone,Respiratory,A,Room Temperature,B680735,2024-10-07,2026-10-07,838,400,1704"
"INV00461,H005,Shibin El Qanater Central Hospital,MED061,Normal Saline,IV Fluids,B,Room Temperature,B515872,2024-05-23,2026-05-23,2079,800,2764"
"INV00462,H005,Shibin El Qanater Central Hospital,MED062,Ringer Lactate,IV Fluids,B,Room Temperature,B863711,2024-08-11,2026-08-11,2644,800,3247"
"INV00463,H005,Shibin El Qanater Central Hospital,MED063,Dextrose 5%,IV Fluids,C,Room Temperature,B180102,2024-10-28,2026-10-28,2067,800,2576"
"INV00464,H005,Shibin El Qanater Central Hospital,MED064,Dextrose 10%,IV Fluids,A,Room Temperature,B733065,2024-03-26,2026-03-26,2135,800,2647"
"INV00465,H005,Shibin El Qanater Central Hospital,MED065,Half Saline,IV Fluids,C,Room Temperature,B245016,2024-01-14,2026-01-14,1894,800,2602"
"INV00466,H005,Shibin El Qanater Central Hospital,MED066,DNS,IV Fluids,B,Room Temperature,B898519,2024-03-10,2026-03-10,2014,800,3248"
"INV00467,H005,Shibin El Qanater Central Hospital,MED067,Sterile Water,IV Fluids,A,Room Temperature,B731827,2024-05-11,2026-05-11,2674,800,3796"
"INV00468,H005,Shibin El Qanater Central Hospital,MED068,Mannitol,IV Fluids,C,Room Temperature,B203892,2024-08-17,2026-08-17,1501,800,2805"
"INV00469,H005,Shibin El Qanater Central Hospital,MED069,Albumin,IV Fluids,C,Room Temperature,B688717,2024-02-07,2026-02-07,2038,800,2739"
"INV00470,H005,Shibin El Qanater Central Hospital,MED070,Plasma Expander,IV Fluids,B,Room Temperature,B168099,2024-04-28,2026-04-28,1440,800,2212"
"INV00471,H005,Shibin El Qanater Central Hospital,MED071,Adrenaline,Emergency,C,Room Temperature,B516441,2024-12-01,2026-12-01,415,150,1655"
"INV00472,H005,Shibin El Qanater Central Hospital,MED072,Atropine,Emergency,B,Room Temperature,B952129,2024-01-24,2026-01-24,319,150,1584"
"INV00473,H005,Shibin El Qanater Central Hospital,MED073,Dopamine,Emergency,B,Room Temperature,B471602,2024-02-29,2026-02-28,358,150,1045"
"INV00474,H005,Shibin El Qanater Central Hospital,MED074,Dobutamine,Emergency,A,Room Temperature,B142092,2024-05-31,2026-05-31,449,150,1354"
"INV00475,H005,Shibin El Qanater Central Hospital,MED075,Nitroglycerin,Emergency,A,Room Temperature,B869727,2024-12-21,2026-12-21,429,150,1045"
"INV00476,H005,Shibin El Qanater Central Hospital,MED076,Amiodarone,Emergency,C,Room Temperature,B761616,2024-07-01,2026-07-01,427,150,1276"
"INV00477,H005,Shibin El Qanater Central Hospital,MED077,Lidocaine,Emergency,B,Room Temperature,B446874,2024-04-22,2026-04-22,289,150,1416"
"INV00478,H005,Shibin El Qanater Central Hospital,MED078,Calcium Gluconate,Emergency,B,Room Temperature,B702272,2024-10-27,2026-10-27,411,150,1028"
"INV00479,H005,Shibin El Qanater Central Hospital,MED079,Magnesium Sulfate,Emergency,A,Room Temperature,B839290,2024-02-16,2026-02-16,545,150,1796"
"INV00480,H005,Shibin El Qanater Central Hospital,MED080,Naloxone,Emergency,A,Room Temperature,B507688,2024-03-15,2026-03-15,505,150,1128"
"INV00481,H005,Shibin El Qanater Central Hospital,MED081,Omeprazole,Gastrointestinal,B,Room Temperature,B265937,2024-05-17,2027-05-17,860,400,1932"
"INV00482,H005,Shibin El Qanater Central Hospital,MED082,Pantoprazole,Gastrointestinal,A,Room Temperature,B577746,2024-12-30,2027-12-30,832,400,2180"
"INV00483,H005,Shibin El Qanater Central Hospital,MED083,Esomeprazole,Gastrointestinal,C,Room Temperature,B370143,2024-12-14,2027-12-14,1082,400,2162"
"INV00484,H005,Shibin El Qanater Central Hospital,MED084,Famotidine,Gastrointestinal,B,Room Temperature,B869605,2024-12-21,2027-12-21,641,400,1401"
"INV00485,H005,Shibin El Qanater Central Hospital,MED085,Domperidone,Gastrointestinal,A,Room Temperature,B889271,2024-05-08,2027-05-08,700,400,2130"
"INV00486,H005,Shibin El Qanater Central Hospital,MED086,Ondansetron,Gastrointestinal,C,Room Temperature,B605659,2024-06-22,2027-06-22,731,400,1412"
"INV00487,H005,Shibin El Qanater Central Hospital,MED087,Lactulose,Gastrointestinal,B,Room Temperature,B686712,2024-05-31,2027-05-31,809,400,1904"
"INV00488,H005,Shibin El Qanater Central Hospital,MED088,ORS,Gastrointestinal,C,Room Temperature,B979005,2024-04-15,2027-04-15,922,400,2297"
"INV00489,H005,Shibin El Qanater Central Hospital,MED089,Loperamide,Gastrointestinal,C,Room Temperature,B173997,2024-08-07,2027-08-07,826,400,2276"
"INV00490,H005,Shibin El Qanater Central Hospital,MED090,Hyoscine,Gastrointestinal,B,Room Temperature,B411877,2024-07-23,2027-07-23,1026,400,2254"
"INV00491,H005,Shibin El Qanater Central Hospital,MED091,Hepatitis B Vaccine,Vaccines,Cold Room,Cold Chain,B758003,2024-04-16,2025-04-16,427,150,1622"
"INV00492,H005,Shibin El Qanater Central Hospital,MED092,BCG Vaccine,Vaccines,Cold Room,Cold Chain,B117073,2024-07-14,2025-07-14,522,150,1554"
"INV00493,H005,Shibin El Qanater Central Hospital,MED093,MMR Vaccine,Vaccines,Cold Room,Cold Chain,B166707,2024-06-08,2025-06-08,583,150,1721"
"INV00494,H005,Shibin El Qanater Central Hospital,MED094,Tetanus Vaccine,Vaccines,Cold Room,Cold Chain,B495755,2024-06-02,2025-06-02,348,150,1273"
"INV00495,H005,Shibin El Qanater Central Hospital,MED095,Influenza Vaccine,Vaccines,Cold Room,Cold Chain,B351924,2024-11-09,2025-11-09,460,150,1124"
"INV00496,H005,Shibin El Qanater Central Hospital,MED096,Propofol,Anesthesia,C,Room Temperature,B380466,2024-10-31,2026-10-31,286,150,1515"
"INV00497,H005,Shibin El Qanater Central Hospital,MED097,Ketamine,Anesthesia,A,Room Temperature,B631633,2024-06-09,2026-06-09,567,150,1974"
"INV00498,H005,Shibin El Qanater Central Hospital,MED098,Midazolam,Anesthesia,A,Room Temperature,B905878,2024-03-26,2026-03-26,433,150,1259"
"INV00499,H005,Shibin El Qanater Central Hospital,MED099,Thiopental,Anesthesia,A,Room Temperature,B827067,2024-12-19,2026-12-19,419,150,1491"
"INV00500,H005,Shibin El Qanater Central Hospital,MED100,Succinylcholine,Anesthesia,C,Room Temperature,B448688,2024-06-25,2026-06-25,568,150,1665"
"INV00501,H006,Kafr Shukr Central Hospital,MED001,Paracetamol 500 mg Tablet,Analgesics,A,Room Temperature,B113140,2024-11-25,2027-11-25,1878,800,2954"
"INV00502,H006,Kafr Shukr Central Hospital,MED002,Paracetamol IV Infusion,Analgesics,C,Room Temperature,B832303,2024-04-07,2027-04-07,1288,800,2629"
"INV00503,H006,Kafr Shukr Central Hospital,MED003,Ibuprofen 400 mg Tablet,Analgesics,A,Room Temperature,B550542,2024-12-09,2027-12-09,1626,800,2713"
"INV00504,H006,Kafr Shukr Central Hospital,MED004,Diclofenac Sodium Injection,Analgesics,B,Room Temperature,B897232,2024-11-14,2027-11-14,1659,800,2401"
"INV00505,H006,Kafr Shukr Central Hospital,MED005,Diclofenac Tablet,Analgesics,C,Room Temperature,B688158,2024-06-02,2027-06-02,1947,800,2978"
"INV00506,H006,Kafr Shukr Central Hospital,MED006,Ketorolac Injection,Analgesics,C,Room Temperature,B720756,2024-08-19,2027-08-19,2352,800,3506"
"INV00507,H006,Kafr Shukr Central Hospital,MED007,Tramadol Injection,Analgesics,A,Room Temperature,B642777,2024-06-16,2027-06-16,1359,800,2640"
"INV00508,H006,Kafr Shukr Central Hospital,MED008,Morphine Injection,Analgesics,B,Room Temperature,B375709,2024-09-04,2027-09-04,2175,800,3595"
"INV00509,H006,Kafr Shukr Central Hospital,MED009,Aspirin 81 mg Tablet,Analgesics,A,Room Temperature,B557382,2024-09-18,2027-09-18,2179,800,2905"
"INV00510,H006,Kafr Shukr Central Hospital,MED010,Aspirin 300 mg Tablet,Analgesics,A,Room Temperature,B620498,2024-07-15,2027-07-15,1654,800,3068"
"INV00511,H006,Kafr Shukr Central Hospital,MED011,Amoxicillin 500 mg,Antibiotics,B,Room Temperature,B962371,2024-10-23,2026-10-23,1703,800,2210"
"INV00512,H006,Kafr Shukr Central Hospital,MED012,Amoxicillin-Clavulanate,Antibiotics,B,Room Temperature,B271918,2024-02-16,2026-02-16,1667,800,3071"
"INV00513,H006,Kafr Shukr Central Hospital,MED013,Ceftriaxone 1 g,Antibiotics,A,Room Temperature,B180257,2024-09-24,2026-09-24,1379,800,2706"
"INV00514,H006,Kafr Shukr Central Hospital,MED014,Cefotaxime,Antibiotics,B,Room Temperature,B310545,2024-10-09,2026-10-09,1942,800,2700"
"INV00515,H006,Kafr Shukr Central Hospital,MED015,Cefuroxime,Antibiotics,A,Room Temperature,B919812,2024-01-08,2026-01-08,1179,800,1807"
"INV00516,H006,Kafr Shukr Central Hospital,MED016,Azithromycin,Antibiotics,C,Room Temperature,B139901,2024-09-16,2026-09-16,2119,800,3231"
"INV00517,H006,Kafr Shukr Central Hospital,MED017,Clarithromycin,Antibiotics,A,Room Temperature,B687275,2024-05-16,2026-05-16,2360,800,3403"
"INV00518,H006,Kafr Shukr Central Hospital,MED018,Ciprofloxacin,Antibiotics,C,Room Temperature,B613012,2024-04-18,2026-04-18,1803,800,2877"
"INV00519,H006,Kafr Shukr Central Hospital,MED019,Levofloxacin,Antibiotics,A,Room Temperature,B298137,2024-04-11,2026-04-11,1851,800,3274"
"INV00520,H006,Kafr Shukr Central Hospital,MED020,Metronidazole IV,Antibiotics,B,Room Temperature,B339968,2024-05-10,2026-05-10,1213,800,2249"
"INV00521,H006,Kafr Shukr Central Hospital,MED021,Vancomycin,Antibiotics,C,Room Temperature,B395138,2024-05-12,2025-11-12,361,150,1526"
"INV00522,H006,Kafr Shukr Central Hospital,MED022,Meropenem,Antibiotics,B,Room Temperature,B262002,2024-05-13,2025-11-13,304,150,1175"
"INV00523,H006,Kafr Shukr Central Hospital,MED023,Imipenem,Antibiotics,C,Room Temperature,B257547,2024-12-29,2026-06-29,338,150,1287"
"INV00524,H006,Kafr Shukr Central Hospital,MED024,Piperacillin/Tazobactam,Antibiotics,C,Room Temperature,B887019,2024-05-10,2025-11-10,1502,800,2983"
"INV00525,H006,Kafr Shukr Central Hospital,MED025,Colistin,Antibiotics,A,Room Temperature,B191353,2024-09-04,2026-03-04,370,150,1025"
"INV00526,H006,Kafr Shukr Central Hospital,MED026,Regular Insulin,Diabetes,Cold Room,Cold Chain,B276168,2024-02-03,2026-02-03,801,400,1992"
"INV00527,H006,Kafr Shukr Central Hospital,MED027,NPH Insulin,Diabetes,Cold Room,Cold Chain,B439119,2024-10-05,2026-10-05,847,400,1421"
"INV00528,H006,Kafr Shukr Central Hospital,MED028,Insulin Glargine,Diabetes,Cold Room,Cold Chain,B394746,2024-09-27,2026-09-27,917,400,2278"
"INV00529,H006,Kafr Shukr Central Hospital,MED029,Metformin 500 mg,Diabetes,A,Room Temperature,B305735,2024-03-06,2026-03-06,744,400,2173"
"INV00530,H006,Kafr Shukr Central Hospital,MED030,Metformin 850 mg,Diabetes,A,Room Temperature,B138547,2024-07-19,2026-07-19,695,400,1648"
"INV00531,H006,Kafr Shukr Central Hospital,MED031,Gliclazide,Diabetes,A,Room Temperature,B356190,2024-05-07,2026-05-07,793,400,2147"
"INV00532,H006,Kafr Shukr Central Hospital,MED032,Glimepiride,Diabetes,B,Room Temperature,B212782,2024-10-20,2026-10-20,1187,400,2501"
"INV00533,H006,Kafr Shukr Central Hospital,MED033,Glibenclamide,Diabetes,A,Room Temperature,B410925,2024-10-28,2026-10-28,648,400,1776"
"INV00534,H006,Kafr Shukr Central Hospital,MED034,Sitagliptin,Diabetes,A,Room Temperature,B915948,2024-09-08,2026-09-08,921,400,2287"
"INV00535,H006,Kafr Shukr Central Hospital,MED035,Empagliflozin,Diabetes,C,Room Temperature,B909178,2024-09-07,2026-09-07,707,400,1852"
"INV00536,H006,Kafr Shukr Central Hospital,MED036,Amlodipine,Cardiovascular,B,Room Temperature,B757957,2024-02-15,2027-02-15,855,400,2242"
"INV00537,H006,Kafr Shukr Central Hospital,MED037,Captopril,Cardiovascular,B,Room Temperature,B802098,2024-02-04,2027-02-04,784,400,1985"
"INV00538,H006,Kafr Shukr Central Hospital,MED038,Enalapril,Cardiovascular,C,Room Temperature,B346183,2024-10-07,2027-10-07,1187,400,2567"
"INV00539,H006,Kafr Shukr Central Hospital,MED039,Losartan,Cardiovascular,C,Room Temperature,B615693,2024-03-23,2027-03-23,934,400,2095"
"INV00540,H006,Kafr Shukr Central Hospital,MED040,Valsartan,Cardiovascular,A,Room Temperature,B803814,2024-06-21,2027-06-21,1035,400,2514"
"INV00541,H006,Kafr Shukr Central Hospital,MED041,Bisoprolol,Cardiovascular,B,Room Temperature,B216219,2024-04-30,2027-04-30,640,400,1514"
"INV00542,H006,Kafr Shukr Central Hospital,MED042,Metoprolol,Cardiovascular,A,Room Temperature,B524871,2024-06-12,2027-06-12,862,400,2190"
"INV00543,H006,Kafr Shukr Central Hospital,MED043,Atenolol,Cardiovascular,C,Room Temperature,B408877,2024-11-03,2027-11-03,928,400,2100"
"INV00544,H006,Kafr Shukr Central Hospital,MED044,Furosemide,Cardiovascular,A,Room Temperature,B225149,2024-11-29,2027-11-29,682,400,2136"
"INV00545,H006,Kafr Shukr Central Hospital,MED045,Spironolactone,Cardiovascular,B,Room Temperature,B376993,2024-09-20,2027-09-20,521,400,2008"
"INV00546,H006,Kafr Shukr Central Hospital,MED046,Hydrochlorothiazide,Cardiovascular,A,Room Temperature,B385711,2024-07-01,2027-07-01,1278,400,2032"
"INV00547,H006,Kafr Shukr Central Hospital,MED047,Atorvastatin,Cardiovascular,B,Room Temperature,B285378,2024-09-24,2027-09-24,1131,400,2300"
"INV00548,H006,Kafr Shukr Central Hospital,MED048,Rosuvastatin,Cardiovascular,A,Room Temperature,B805860,2024-05-28,2027-05-28,1218,400,2484"
"INV00549,H006,Kafr Shukr Central Hospital,MED049,Clopidogrel,Cardiovascular,A,Room Temperature,B971868,2024-07-19,2027-07-19,947,400,2130"
"INV00550,H006,Kafr Shukr Central Hospital,MED050,Warfarin,Cardiovascular,B,Room Temperature,B582604,2024-03-05,2027-03-05,978,400,2205"
"INV00551,H006,Kafr Shukr Central Hospital,MED051,Salbutamol Inhaler,Respiratory,B,Room Temperature,B433997,2024-03-16,2026-03-16,875,400,1812"
"INV00552,H006,Kafr Shukr Central Hospital,MED052,Budesonide Inhaler,Respiratory,B,Room Temperature,B188668,2024-11-03,2026-11-03,974,400,1499"
"INV00553,H006,Kafr Shukr Central Hospital,MED053,Ipratropium,Respiratory,A,Room Temperature,B964434,2024-10-02,2026-10-02,987,400,2036"
"INV00554,H006,Kafr Shukr Central Hospital,MED054,Montelukast,Respiratory,A,Room Temperature,B655083,2024-09-16,2026-09-16,733,400,1772"
"INV00555,H006,Kafr Shukr Central Hospital,MED055,Theophylline,Respiratory,A,Room Temperature,B897622,2024-06-10,2026-06-10,1172,400,2655"
"INV00556,H006,Kafr Shukr Central Hospital,MED056,Acetylcysteine,Respiratory,C,Room Temperature,B626549,2024-09-18,2026-09-18,913,400,2346"
"INV00557,H006,Kafr Shukr Central Hospital,MED057,Ambroxol,Respiratory,A,Room Temperature,B474226,2024-05-15,2026-05-15,1103,400,1885"
"INV00558,H006,Kafr Shukr Central Hospital,MED058,Dexamethasone Neb,Respiratory,B,Room Temperature,B561552,2024-04-18,2026-04-18,921,400,1513"
"INV00559,H006,Kafr Shukr Central Hospital,MED059,Prednisolone,Respiratory,B,Room Temperature,B982487,2024-12-05,2026-12-05,962,400,2210"
"INV00560,H006,Kafr Shukr Central Hospital,MED060,Hydrocortisone,Respiratory,B,Room Temperature,B849971,2024-02-12,2026-02-12,639,400,1274"
"INV00561,H006,Kafr Shukr Central Hospital,MED061,Normal Saline,IV Fluids,A,Room Temperature,B216656,2024-09-01,2026-09-01,1851,800,2691"
"INV00562,H006,Kafr Shukr Central Hospital,MED062,Ringer Lactate,IV Fluids,B,Room Temperature,B282024,2024-08-20,2026-08-20,1815,800,3136"
"INV00563,H006,Kafr Shukr Central Hospital,MED063,Dextrose 5%,IV Fluids,B,Room Temperature,B476742,2024-11-02,2026-11-02,1986,800,3274"
"INV00564,H006,Kafr Shukr Central Hospital,MED064,Dextrose 10%,IV Fluids,C,Room Temperature,B855181,2024-09-23,2026-09-23,1468,800,2671"
"INV00565,H006,Kafr Shukr Central Hospital,MED065,Half Saline,IV Fluids,C,Room Temperature,B947467,2024-01-01,2026-01-01,1767,800,2823"
"INV00566,H006,Kafr Shukr Central Hospital,MED066,DNS,IV Fluids,B,Room Temperature,B303196,2024-04-18,2026-04-18,1124,800,2580"
"INV00567,H006,Kafr Shukr Central Hospital,MED067,Sterile Water,IV Fluids,C,Room Temperature,B967780,2024-09-06,2026-09-06,2189,800,2791"
"INV00568,H006,Kafr Shukr Central Hospital,MED068,Mannitol,IV Fluids,C,Room Temperature,B266892,2024-06-06,2026-06-06,1820,800,2662"
"INV00569,H006,Kafr Shukr Central Hospital,MED069,Albumin,IV Fluids,B,Room Temperature,B539953,2024-12-03,2026-12-03,1333,800,2684"
"INV00570,H006,Kafr Shukr Central Hospital,MED070,Plasma Expander,IV Fluids,A,Room Temperature,B658830,2024-05-26,2026-05-26,2276,800,3369"
"INV00571,H006,Kafr Shukr Central Hospital,MED071,Adrenaline,Emergency,A,Room Temperature,B537625,2024-11-27,2026-11-27,541,150,1777"
"INV00572,H006,Kafr Shukr Central Hospital,MED072,Atropine,Emergency,B,Room Temperature,B972552,2024-10-11,2026-10-11,366,150,1635"
"INV00573,H006,Kafr Shukr Central Hospital,MED073,Dopamine,Emergency,A,Room Temperature,B961069,2024-09-22,2026-09-22,318,150,1790"
"INV00574,H006,Kafr Shukr Central Hospital,MED074,Dobutamine,Emergency,C,Room Temperature,B801979,2024-02-08,2026-02-08,400,150,1276"
"INV00575,H006,Kafr Shukr Central Hospital,MED075,Nitroglycerin,Emergency,B,Room Temperature,B986364,2024-01-02,2026-01-02,415,150,1543"
"INV00576,H006,Kafr Shukr Central Hospital,MED076,Amiodarone,Emergency,A,Room Temperature,B349768,2024-09-14,2026-09-14,330,150,1125"
"INV00577,H006,Kafr Shukr Central Hospital,MED077,Lidocaine,Emergency,A,Room Temperature,B953966,2024-10-27,2026-10-27,370,150,1180"
"INV00578,H006,Kafr Shukr Central Hospital,MED078,Calcium Gluconate,Emergency,C,Room Temperature,B336440,2024-08-10,2026-08-10,423,150,1049"
"INV00579,H006,Kafr Shukr Central Hospital,MED079,Magnesium Sulfate,Emergency,B,Room Temperature,B572501,2024-10-03,2026-10-03,447,150,1742"
"INV00580,H006,Kafr Shukr Central Hospital,MED080,Naloxone,Emergency,B,Room Temperature,B792148,2024-03-13,2026-03-13,298,150,1226"
"INV00581,H006,Kafr Shukr Central Hospital,MED081,Omeprazole,Gastrointestinal,C,Room Temperature,B703291,2024-07-13,2027-07-13,587,400,1886"
"INV00582,H006,Kafr Shukr Central Hospital,MED082,Pantoprazole,Gastrointestinal,B,Room Temperature,B115434,2024-12-25,2027-12-25,828,400,1350"
"INV00583,H006,Kafr Shukr Central Hospital,MED083,Esomeprazole,Gastrointestinal,B,Room Temperature,B752667,2024-04-09,2027-04-09,931,400,1548"
"INV00584,H006,Kafr Shukr Central Hospital,MED084,Famotidine,Gastrointestinal,C,Room Temperature,B532548,2024-07-14,2027-07-14,755,400,1261"
"INV00585,H006,Kafr Shukr Central Hospital,MED085,Domperidone,Gastrointestinal,C,Room Temperature,B345404,2024-10-01,2027-10-01,1200,400,1847"
"INV00586,H006,Kafr Shukr Central Hospital,MED086,Ondansetron,Gastrointestinal,A,Room Temperature,B278570,2024-05-05,2027-05-05,795,400,1713"
"INV00587,H006,Kafr Shukr Central Hospital,MED087,Lactulose,Gastrointestinal,B,Room Temperature,B715863,2024-04-25,2027-04-25,1153,400,2340"
"INV00588,H006,Kafr Shukr Central Hospital,MED088,ORS,Gastrointestinal,C,Room Temperature,B839180,2024-04-22,2027-04-22,777,400,1664"
"INV00589,H006,Kafr Shukr Central Hospital,MED089,Loperamide,Gastrointestinal,A,Room Temperature,B745194,2024-03-07,2027-03-07,976,400,1819"
"INV00590,H006,Kafr Shukr Central Hospital,MED090,Hyoscine,Gastrointestinal,B,Room Temperature,B303199,2024-12-28,2027-12-28,1058,400,1987"
"INV00591,H006,Kafr Shukr Central Hospital,MED091,Hepatitis B Vaccine,Vaccines,Cold Room,Cold Chain,B215598,2024-05-04,2025-05-04,351,150,1677"
"INV00592,H006,Kafr Shukr Central Hospital,MED092,BCG Vaccine,Vaccines,Cold Room,Cold Chain,B253124,2024-05-04,2025-05-04,428,150,1049"
"INV00593,H006,Kafr Shukr Central Hospital,MED093,MMR Vaccine,Vaccines,Cold Room,Cold Chain,B785763,2024-05-13,2025-05-13,291,150,877"
"INV00594,H006,Kafr Shukr Central Hospital,MED094,Tetanus Vaccine,Vaccines,Cold Room,Cold Chain,B906970,2024-03-17,2025-03-17,443,150,1739"
"INV00595,H006,Kafr Shukr Central Hospital,MED095,Influenza Vaccine,Vaccines,Cold Room,Cold Chain,B336527,2024-08-11,2025-08-11,490,150,1098"
"INV00596,H006,Kafr Shukr Central Hospital,MED096,Propofol,Anesthesia,A,Room Temperature,B233004,2024-10-31,2026-10-31,410,150,1398"
"INV00597,H006,Kafr Shukr Central Hospital,MED097,Ketamine,Anesthesia,C,Room Temperature,B150098,2024-12-08,2026-12-08,264,150,1142"
"INV00598,H006,Kafr Shukr Central Hospital,MED098,Midazolam,Anesthesia,B,Room Temperature,B825753,2024-02-20,2026-02-20,477,150,1085"
"INV00599,H006,Kafr Shukr Central Hospital,MED099,Thiopental,Anesthesia,A,Room Temperature,B624426,2024-10-26,2026-10-26,442,150,1474"
"INV00600,H006,Kafr Shukr Central Hospital,MED100,Succinylcholine,Anesthesia,C,Room Temperature,B967964,2024-10-06,2026-10-06,489,150,1592"
"INV00601,H007,Qalyub Specialized Hospital,MED001,Paracetamol 500 mg Tablet,Analgesics,C,Room Temperature,B971522,2024-09-29,2027-09-29,2274,1280,2912"
"INV00602,H007,Qalyub Specialized Hospital,MED002,Paracetamol IV Infusion,Analgesics,C,Room Temperature,B702276,2024-10-01,2027-10-01,1871,1280,3132"
"INV00603,H007,Qalyub Specialized Hospital,MED003,Ibuprofen 400 mg Tablet,Analgesics,C,Room Temperature,B921860,2024-05-24,2027-05-24,3230,1280,4246"
"INV00604,H007,Qalyub Specialized Hospital,MED004,Diclofenac Sodium Injection,Analgesics,C,Room Temperature,B912853,2024-04-26,2027-04-26,2337,1280,2927"
"INV00605,H007,Qalyub Specialized Hospital,MED005,Diclofenac Tablet,Analgesics,C,Room Temperature,B191088,2024-01-05,2027-01-05,3067,1280,3961"
"INV00606,H007,Qalyub Specialized Hospital,MED006,Ketorolac Injection,Analgesics,C,Room Temperature,B591024,2024-03-10,2027-03-10,3399,1280,4422"
"INV00607,H007,Qalyub Specialized Hospital,MED007,Tramadol Injection,Analgesics,A,Room Temperature,B195071,2024-08-23,2027-08-23,3127,1280,4246"
"INV00608,H007,Qalyub Specialized Hospital,MED008,Morphine Injection,Analgesics,B,Room Temperature,B521280,2024-04-11,2027-04-11,2782,1280,3509"
"INV00609,H007,Qalyub Specialized Hospital,MED009,Aspirin 81 mg Tablet,Analgesics,B,Room Temperature,B692632,2024-07-10,2027-07-10,3638,1280,4852"
"INV00610,H007,Qalyub Specialized Hospital,MED010,Aspirin 300 mg Tablet,Analgesics,A,Room Temperature,B587505,2024-08-06,2027-08-06,2643,1280,4091"
"INV00611,H007,Qalyub Specialized Hospital,MED011,Amoxicillin 500 mg,Antibiotics,C,Room Temperature,B808770,2024-12-30,2026-12-30,3024,1280,4295"
"INV00612,H007,Qalyub Specialized Hospital,MED012,Amoxicillin-Clavulanate,Antibiotics,B,Room Temperature,B364528,2024-12-02,2026-12-02,3992,1280,4607"
"INV00613,H007,Qalyub Specialized Hospital,MED013,Ceftriaxone 1 g,Antibiotics,C,Room Temperature,B804293,2024-03-03,2026-03-03,2960,1280,3606"
"INV00614,H007,Qalyub Specialized Hospital,MED014,Cefotaxime,Antibiotics,B,Room Temperature,B585662,2024-07-07,2026-07-07,2126,1280,3119"
"INV00615,H007,Qalyub Specialized Hospital,MED015,Cefuroxime,Antibiotics,C,Room Temperature,B317770,2024-08-01,2026-08-01,3158,1280,4006"
"INV00616,H007,Qalyub Specialized Hospital,MED016,Azithromycin,Antibiotics,A,Room Temperature,B767304,2024-07-22,2026-07-22,2830,1280,3606"
"INV00617,H007,Qalyub Specialized Hospital,MED017,Clarithromycin,Antibiotics,C,Room Temperature,B177842,2024-06-11,2026-06-11,2906,1280,3708"
"INV00618,H007,Qalyub Specialized Hospital,MED018,Ciprofloxacin,Antibiotics,B,Room Temperature,B766246,2024-01-30,2026-01-30,2571,1280,3397"
"INV00619,H007,Qalyub Specialized Hospital,MED019,Levofloxacin,Antibiotics,C,Room Temperature,B881198,2024-01-01,2026-01-01,2905,1280,3953"
"INV00620,H007,Qalyub Specialized Hospital,MED020,Metronidazole IV,Antibiotics,B,Room Temperature,B534376,2024-05-07,2026-05-07,2199,1280,2886"
"INV00621,H007,Qalyub Specialized Hospital,MED021,Vancomycin,Antibiotics,C,Room Temperature,B849078,2024-07-09,2026-01-09,470,240,1163"
"INV00622,H007,Qalyub Specialized Hospital,MED022,Meropenem,Antibiotics,B,Room Temperature,B632893,2024-09-16,2026-03-16,673,240,1556"
"INV00623,H007,Qalyub Specialized Hospital,MED023,Imipenem,Antibiotics,B,Room Temperature,B685676,2024-07-06,2026-01-06,723,240,1993"
"INV00624,H007,Qalyub Specialized Hospital,MED024,Piperacillin/Tazobactam,Antibiotics,B,Room Temperature,B563937,2024-01-16,2025-07-16,2162,1280,3019"
"INV00625,H007,Qalyub Specialized Hospital,MED025,Colistin,Antibiotics,C,Room Temperature,B861019,2024-05-23,2025-11-23,764,240,2009"
"INV00626,H007,Qalyub Specialized Hospital,MED026,Regular Insulin,Diabetes,Cold Room,Cold Chain,B851518,2024-04-20,2026-04-20,1211,640,1894"
"INV00627,H007,Qalyub Specialized Hospital,MED027,NPH Insulin,Diabetes,Cold Room,Cold Chain,B223853,2024-08-02,2026-08-02,1875,640,3278"
"INV00628,H007,Qalyub Specialized Hospital,MED028,Insulin Glargine,Diabetes,Cold Room,Cold Chain,B914886,2024-02-22,2026-02-22,1999,640,2729"
"INV00629,H007,Qalyub Specialized Hospital,MED029,Metformin 500 mg,Diabetes,B,Room Temperature,B222258,2024-09-25,2026-09-25,1420,640,2356"
"INV00630,H007,Qalyub Specialized Hospital,MED030,Metformin 850 mg,Diabetes,C,Room Temperature,B378710,2024-01-31,2026-01-31,964,640,2189"
"INV00631,H007,Qalyub Specialized Hospital,MED031,Gliclazide,Diabetes,A,Room Temperature,B649523,2024-02-23,2026-02-23,1054,640,1563"
"INV00632,H007,Qalyub Specialized Hospital,MED032,Glimepiride,Diabetes,A,Room Temperature,B114743,2024-02-22,2026-02-22,1163,640,2074"
"INV00633,H007,Qalyub Specialized Hospital,MED033,Glibenclamide,Diabetes,B,Room Temperature,B957558,2024-02-28,2026-02-28,962,640,1666"
"INV00634,H007,Qalyub Specialized Hospital,MED034,Sitagliptin,Diabetes,C,Room Temperature,B268785,2024-10-16,2026-10-16,1568,640,3041"
"INV00635,H007,Qalyub Specialized Hospital,MED035,Empagliflozin,Diabetes,B,Room Temperature,B976110,2024-02-18,2026-02-18,1549,640,2764"
"INV00636,H007,Qalyub Specialized Hospital,MED036,Amlodipine,Cardiovascular,C,Room Temperature,B937393,2024-06-02,2027-06-02,1331,640,2691"
"INV00637,H007,Qalyub Specialized Hospital,MED037,Captopril,Cardiovascular,C,Room Temperature,B834983,2024-03-28,2027-03-28,1087,640,1929"
"INV00638,H007,Qalyub Specialized Hospital,MED038,Enalapril,Cardiovascular,A,Room Temperature,B468266,2024-06-05,2027-06-05,1383,640,2714"
"INV00639,H007,Qalyub Specialized Hospital,MED039,Losartan,Cardiovascular,C,Room Temperature,B596043,2024-06-10,2027-06-10,1578,640,3000"
"INV00640,H007,Qalyub Specialized Hospital,MED040,Valsartan,Cardiovascular,C,Room Temperature,B191218,2024-05-20,2027-05-20,1743,640,3061"
"INV00641,H007,Qalyub Specialized Hospital,MED041,Bisoprolol,Cardiovascular,B,Room Temperature,B865348,2024-06-27,2027-06-27,1133,640,2604"
"INV00642,H007,Qalyub Specialized Hospital,MED042,Metoprolol,Cardiovascular,B,Room Temperature,B716410,2024-11-11,2027-11-11,1609,640,3033"
"INV00643,H007,Qalyub Specialized Hospital,MED043,Atenolol,Cardiovascular,C,Room Temperature,B916228,2024-01-13,2027-01-13,1052,640,1786"
"INV00644,H007,Qalyub Specialized Hospital,MED044,Furosemide,Cardiovascular,A,Room Temperature,B961789,2024-10-07,2027-10-07,1867,640,2818"
"INV00645,H007,Qalyub Specialized Hospital,MED045,Spironolactone,Cardiovascular,B,Room Temperature,B487881,2024-10-19,2027-10-19,1707,640,2858"
"INV00646,H007,Qalyub Specialized Hospital,MED046,Hydrochlorothiazide,Cardiovascular,B,Room Temperature,B691202,2024-02-10,2027-02-10,1063,640,2102"
"INV00647,H007,Qalyub Specialized Hospital,MED047,Atorvastatin,Cardiovascular,A,Room Temperature,B940552,2024-08-23,2027-08-23,1202,640,1928"
"INV00648,H007,Qalyub Specialized Hospital,MED048,Rosuvastatin,Cardiovascular,B,Room Temperature,B126654,2024-04-09,2027-04-09,1737,640,2977"
"INV00649,H007,Qalyub Specialized Hospital,MED049,Clopidogrel,Cardiovascular,C,Room Temperature,B227927,2024-11-05,2027-11-05,1643,640,2601"
"INV00650,H007,Qalyub Specialized Hospital,MED050,Warfarin,Cardiovascular,C,Room Temperature,B972328,2024-06-10,2027-06-10,1122,640,2370"
"INV00651,H007,Qalyub Specialized Hospital,MED051,Salbutamol Inhaler,Respiratory,C,Room Temperature,B345739,2024-11-21,2026-11-21,1155,640,1682"
"INV00652,H007,Qalyub Specialized Hospital,MED052,Budesonide Inhaler,Respiratory,B,Room Temperature,B436227,2024-03-05,2026-03-05,1202,640,2139"
"INV00653,H007,Qalyub Specialized Hospital,MED053,Ipratropium,Respiratory,B,Room Temperature,B388816,2024-11-08,2026-11-08,1605,640,2629"
"INV00654,H007,Qalyub Specialized Hospital,MED054,Montelukast,Respiratory,B,Room Temperature,B233172,2024-10-29,2026-10-29,1186,640,1729"
"INV00655,H007,Qalyub Specialized Hospital,MED055,Theophylline,Respiratory,B,Room Temperature,B660897,2024-10-06,2026-10-06,1525,640,2126"
"INV00656,H007,Qalyub Specialized Hospital,MED056,Acetylcysteine,Respiratory,C,Room Temperature,B807173,2024-04-20,2026-04-20,1474,640,2360"
"INV00657,H007,Qalyub Specialized Hospital,MED057,Ambroxol,Respiratory,A,Room Temperature,B983096,2024-01-29,2026-01-29,1056,640,2091"
"INV00658,H007,Qalyub Specialized Hospital,MED058,Dexamethasone Neb,Respiratory,C,Room Temperature,B464662,2024-12-05,2026-12-05,1493,640,2825"
"INV00659,H007,Qalyub Specialized Hospital,MED059,Prednisolone,Respiratory,B,Room Temperature,B889177,2024-04-01,2026-04-01,1063,640,1666"
"INV00660,H007,Qalyub Specialized Hospital,MED060,Hydrocortisone,Respiratory,C,Room Temperature,B348552,2024-08-09,2026-08-09,1418,640,2092"
"INV00661,H007,Qalyub Specialized Hospital,MED061,Normal Saline,IV Fluids,A,Room Temperature,B927424,2024-06-01,2026-06-01,3509,1280,4509"
"INV00662,H007,Qalyub Specialized Hospital,MED062,Ringer Lactate,IV Fluids,C,Room Temperature,B499371,2024-05-05,2026-05-05,1916,1280,3240"
"INV00663,H007,Qalyub Specialized Hospital,MED063,Dextrose 5%,IV Fluids,A,Room Temperature,B549763,2024-05-14,2026-05-14,2732,1280,4204"
"INV00664,H007,Qalyub Specialized Hospital,MED064,Dextrose 10%,IV Fluids,B,Room Temperature,B914038,2024-09-20,2026-09-20,2922,1280,3752"
"INV00665,H007,Qalyub Specialized Hospital,MED065,Half Saline,IV Fluids,C,Room Temperature,B878883,2024-02-28,2026-02-28,2737,1280,3450"
"INV00666,H007,Qalyub Specialized Hospital,MED066,DNS,IV Fluids,C,Room Temperature,B187265,2024-04-07,2026-04-07,2380,1280,3036"
"INV00667,H007,Qalyub Specialized Hospital,MED067,Sterile Water,IV Fluids,C,Room Temperature,B862371,2024-08-05,2026-08-05,2428,1280,3398"
"INV00668,H007,Qalyub Specialized Hospital,MED068,Mannitol,IV Fluids,C,Room Temperature,B436851,2024-04-05,2026-04-05,4031,1280,5354"
"INV00669,H007,Qalyub Specialized Hospital,MED069,Albumin,IV Fluids,B,Room Temperature,B968584,2024-10-04,2026-10-04,2595,1280,3634"
"INV00670,H007,Qalyub Specialized Hospital,MED070,Plasma Expander,IV Fluids,A,Room Temperature,B213688,2024-01-26,2026-01-26,3178,1280,4118"
"INV00671,H007,Qalyub Specialized Hospital,MED071,Adrenaline,Emergency,A,Room Temperature,B811111,2024-06-29,2026-06-29,777,240,1543"
"INV00672,H007,Qalyub Specialized Hospital,MED072,Atropine,Emergency,C,Room Temperature,B656718,2024-11-16,2026-11-16,872,240,1783"
"INV00673,H007,Qalyub Specialized Hospital,MED073,Dopamine,Emergency,B,Room Temperature,B118990,2024-02-26,2026-02-26,471,240,1670"
"INV00674,H007,Qalyub Specialized Hospital,MED074,Dobutamine,Emergency,A,Room Temperature,B902673,2024-08-28,2026-08-28,531,240,1824"
"INV00675,H007,Qalyub Specialized Hospital,MED075,Nitroglycerin,Emergency,A,Room Temperature,B593216,2024-09-04,2026-09-04,394,240,1352"
"INV00676,H007,Qalyub Specialized Hospital,MED076,Amiodarone,Emergency,A,Room Temperature,B595164,2024-08-11,2026-08-11,830,240,1344"
"INV00677,H007,Qalyub Specialized Hospital,MED077,Lidocaine,Emergency,A,Room Temperature,B931037,2024-10-20,2026-10-20,486,240,1375"
"INV00678,H007,Qalyub Specialized Hospital,MED078,Calcium Gluconate,Emergency,A,Room Temperature,B953900,2024-10-28,2026-10-28,386,240,1599"
"INV00679,H007,Qalyub Specialized Hospital,MED079,Magnesium Sulfate,Emergency,A,Room Temperature,B667815,2024-04-02,2026-04-02,511,240,1528"
"INV00680,H007,Qalyub Specialized Hospital,MED080,Naloxone,Emergency,B,Room Temperature,B565226,2024-07-27,2026-07-27,987,240,1647"
"INV00681,H007,Qalyub Specialized Hospital,MED081,Omeprazole,Gastrointestinal,C,Room Temperature,B128328,2024-03-10,2027-03-10,1428,640,2595"
"INV00682,H007,Qalyub Specialized Hospital,MED082,Pantoprazole,Gastrointestinal,A,Room Temperature,B697690,2024-11-15,2027-11-15,1381,640,2576"
"INV00683,H007,Qalyub Specialized Hospital,MED083,Esomeprazole,Gastrointestinal,B,Room Temperature,B950193,2024-12-22,2027-12-22,1054,640,1692"
"INV00684,H007,Qalyub Specialized Hospital,MED084,Famotidine,Gastrointestinal,B,Room Temperature,B228389,2024-06-02,2027-06-02,843,640,2228"
"INV00685,H007,Qalyub Specialized Hospital,MED085,Domperidone,Gastrointestinal,C,Room Temperature,B521217,2024-05-04,2027-05-04,1441,640,2511"
"INV00686,H007,Qalyub Specialized Hospital,MED086,Ondansetron,Gastrointestinal,C,Room Temperature,B316204,2024-09-03,2027-09-03,1518,640,2865"
"INV00687,H007,Qalyub Specialized Hospital,MED087,Lactulose,Gastrointestinal,A,Room Temperature,B514758,2024-04-03,2027-04-03,1450,640,2945"
"INV00688,H007,Qalyub Specialized Hospital,MED088,ORS,Gastrointestinal,C,Room Temperature,B599797,2024-12-07,2027-12-07,1618,640,2871"
"INV00689,H007,Qalyub Specialized Hospital,MED089,Loperamide,Gastrointestinal,C,Room Temperature,B239227,2024-04-10,2027-04-10,826,640,1873"
"INV00690,H007,Qalyub Specialized Hospital,MED090,Hyoscine,Gastrointestinal,B,Room Temperature,B687515,2024-08-03,2027-08-03,1716,640,3196"
"INV00691,H007,Qalyub Specialized Hospital,MED091,Hepatitis B Vaccine,Vaccines,Cold Room,Cold Chain,B782773,2024-03-31,2025-03-31,858,240,2301"
"INV00692,H007,Qalyub Specialized Hospital,MED092,BCG Vaccine,Vaccines,Cold Room,Cold Chain,B445740,2024-12-29,2025-12-29,382,240,1332"
"INV00693,H007,Qalyub Specialized Hospital,MED093,MMR Vaccine,Vaccines,Cold Room,Cold Chain,B512918,2024-09-04,2025-09-04,430,240,1367"
"INV00694,H007,Qalyub Specialized Hospital,MED094,Tetanus Vaccine,Vaccines,Cold Room,Cold Chain,B192764,2024-03-29,2025-03-29,528,240,1699"
"INV00695,H007,Qalyub Specialized Hospital,MED095,Influenza Vaccine,Vaccines,Cold Room,Cold Chain,B732413,2024-04-26,2025-04-26,694,240,1597"
"INV00696,H007,Qalyub Specialized Hospital,MED096,Propofol,Anesthesia,B,Room Temperature,B905581,2024-12-11,2026-12-11,408,240,1510"
"INV00697,H007,Qalyub Specialized Hospital,MED097,Ketamine,Anesthesia,B,Room Temperature,B873210,2024-06-29,2026-06-29,405,240,1765"
"INV00698,H007,Qalyub Specialized Hospital,MED098,Midazolam,Anesthesia,A,Room Temperature,B780089,2024-02-27,2026-02-27,403,240,1671"
"INV00699,H007,Qalyub Specialized Hospital,MED099,Thiopental,Anesthesia,A,Room Temperature,B742762,2024-11-10,2026-11-10,898,240,1663"
"INV00700,H007,Qalyub Specialized Hospital,MED100,Succinylcholine,Anesthesia,C,Room Temperature,B405505,2024-10-04,2026-10-04,411,240,1103"
"INV00701,H008,El Khanka Central Hospital,MED001,Paracetamol 500 mg Tablet,Analgesics,C,Room Temperature,B811935,2024-07-15,2027-07-15,1959,800,3038"
"INV00702,H008,El Khanka Central Hospital,MED002,Paracetamol IV Infusion,Analgesics,A,Room Temperature,B357906,2024-03-16,2027-03-16,1792,800,2390"
"INV00703,H008,El Khanka Central Hospital,MED003,Ibuprofen 400 mg Tablet,Analgesics,A,Room Temperature,B728889,2024-11-22,2027-11-22,1350,800,2152"
"INV00704,H008,El Khanka Central Hospital,MED004,Diclofenac Sodium Injection,Analgesics,B,Room Temperature,B174601,2024-10-05,2027-10-05,1611,800,2242"
"INV00705,H008,El Khanka Central Hospital,MED005,Diclofenac Tablet,Analgesics,A,Room Temperature,B882215,2024-08-08,2027-08-08,1217,800,1825"
"INV00706,H008,El Khanka Central Hospital,MED006,Ketorolac Injection,Analgesics,A,Room Temperature,B291387,2024-02-15,2027-02-15,1557,800,2671"
"INV00707,H008,El Khanka Central Hospital,MED007,Tramadol Injection,Analgesics,C,Room Temperature,B453646,2024-07-13,2027-07-13,1373,800,2867"
"INV00708,H008,El Khanka Central Hospital,MED008,Morphine Injection,Analgesics,C,Room Temperature,B372919,2024-01-24,2027-01-24,1013,800,2506"
"INV00709,H008,El Khanka Central Hospital,MED009,Aspirin 81 mg Tablet,Analgesics,B,Room Temperature,B107415,2024-06-29,2027-06-29,1882,800,2814"
"INV00710,H008,El Khanka Central Hospital,MED010,Aspirin 300 mg Tablet,Analgesics,A,Room Temperature,B399188,2024-09-10,2027-09-10,1694,800,3056"
"INV00711,H008,El Khanka Central Hospital,MED011,Amoxicillin 500 mg,Antibiotics,C,Room Temperature,B596965,2024-02-23,2026-02-23,1504,800,2703"
"INV00712,H008,El Khanka Central Hospital,MED012,Amoxicillin-Clavulanate,Antibiotics,A,Room Temperature,B924834,2024-11-12,2026-11-12,1630,800,2214"
"INV00713,H008,El Khanka Central Hospital,MED013,Ceftriaxone 1 g,Antibiotics,A,Room Temperature,B840389,2024-11-27,2026-11-27,1267,800,2730"
"INV00714,H008,El Khanka Central Hospital,MED014,Cefotaxime,Antibiotics,B,Room Temperature,B151001,2024-12-08,2026-12-08,1655,800,3063"
"INV00715,H008,El Khanka Central Hospital,MED015,Cefuroxime,Antibiotics,A,Room Temperature,B654394,2024-04-21,2026-04-21,1608,800,2644"
"INV00716,H008,El Khanka Central Hospital,MED016,Azithromycin,Antibiotics,B,Room Temperature,B327189,2024-02-16,2026-02-16,1176,800,2054"
"INV00717,H008,El Khanka Central Hospital,MED017,Clarithromycin,Antibiotics,C,Room Temperature,B419759,2024-08-28,2026-08-28,1751,800,2911"
"INV00718,H008,El Khanka Central Hospital,MED018,Ciprofloxacin,Antibiotics,C,Room Temperature,B178077,2024-09-11,2026-09-11,2164,800,2825"
"INV00719,H008,El Khanka Central Hospital,MED019,Levofloxacin,Antibiotics,C,Room Temperature,B913560,2024-08-01,2026-08-01,1514,800,2023"
"INV00720,H008,El Khanka Central Hospital,MED020,Metronidazole IV,Antibiotics,C,Room Temperature,B351514,2024-06-01,2026-06-01,1945,800,2555"
"INV00721,H008,El Khanka Central Hospital,MED021,Vancomycin,Antibiotics,B,Room Temperature,B535928,2024-07-09,2026-01-09,536,150,1868"
"INV00722,H008,El Khanka Central Hospital,MED022,Meropenem,Antibiotics,B,Room Temperature,B484193,2024-03-28,2025-09-28,432,150,1826"
"INV00723,H008,El Khanka Central Hospital,MED023,Imipenem,Antibiotics,C,Room Temperature,B512672,2024-07-16,2026-01-16,366,150,1756"
"INV00724,H008,El Khanka Central Hospital,MED024,Piperacillin/Tazobactam,Antibiotics,C,Room Temperature,B622552,2024-05-05,2025-11-05,2224,800,3232"
"INV00725,H008,El Khanka Central Hospital,MED025,Colistin,Antibiotics,C,Room Temperature,B645932,2024-03-13,2025-09-13,368,150,1344"
"INV00726,H008,El Khanka Central Hospital,MED026,Regular Insulin,Diabetes,Cold Room,Cold Chain,B403664,2024-01-03,2026-01-03,1063,400,1807"
"INV00727,H008,El Khanka Central Hospital,MED027,NPH Insulin,Diabetes,Cold Room,Cold Chain,B808672,2024-07-10,2026-07-10,675,400,1357"
"INV00728,H008,El Khanka Central Hospital,MED028,Insulin Glargine,Diabetes,Cold Room,Cold Chain,B435299,2024-05-07,2026-05-07,910,400,2273"
"INV00729,H008,El Khanka Central Hospital,MED029,Metformin 500 mg,Diabetes,B,Room Temperature,B471513,2024-03-18,2026-03-18,781,400,1699"
"INV00730,H008,El Khanka Central Hospital,MED030,Metformin 850 mg,Diabetes,C,Room Temperature,B259034,2024-08-03,2026-08-03,915,400,2314"
"INV00731,H008,El Khanka Central Hospital,MED031,Gliclazide,Diabetes,B,Room Temperature,B472047,2024-10-09,2026-10-09,642,400,1594"
"INV00732,H008,El Khanka Central Hospital,MED032,Glimepiride,Diabetes,A,Room Temperature,B397675,2024-05-26,2026-05-26,826,400,2157"
"INV00733,H008,El Khanka Central Hospital,MED033,Glibenclamide,Diabetes,C,Room Temperature,B746238,2024-05-27,2026-05-27,999,400,1587"
"INV00734,H008,El Khanka Central Hospital,MED034,Sitagliptin,Diabetes,B,Room Temperature,B510482,2024-01-22,2026-01-22,1037,400,1912"
"INV00735,H008,El Khanka Central Hospital,MED035,Empagliflozin,Diabetes,B,Room Temperature,B386479,2024-04-23,2026-04-23,947,400,1652"
"INV00736,H008,El Khanka Central Hospital,MED036,Amlodipine,Cardiovascular,B,Room Temperature,B434971,2024-11-23,2027-11-23,1180,400,2143"
"INV00737,H008,El Khanka Central Hospital,MED037,Captopril,Cardiovascular,A,Room Temperature,B247595,2024-10-09,2027-10-09,573,400,1403"
"INV00738,H008,El Khanka Central Hospital,MED038,Enalapril,Cardiovascular,C,Room Temperature,B254692,2024-11-29,2027-11-29,1080,400,2148"
"INV00739,H008,El Khanka Central Hospital,MED039,Losartan,Cardiovascular,B,Room Temperature,B742927,2024-02-19,2027-02-19,626,400,1443"
"INV00740,H008,El Khanka Central Hospital,MED040,Valsartan,Cardiovascular,C,Room Temperature,B501062,2024-02-16,2027-02-16,1094,400,2484"
"INV00741,H008,El Khanka Central Hospital,MED041,Bisoprolol,Cardiovascular,B,Room Temperature,B175277,2024-03-19,2027-03-19,1150,400,2343"
"INV00742,H008,El Khanka Central Hospital,MED042,Metoprolol,Cardiovascular,C,Room Temperature,B647219,2024-09-04,2027-09-04,753,400,1729"
"INV00743,H008,El Khanka Central Hospital,MED043,Atenolol,Cardiovascular,A,Room Temperature,B719064,2024-12-26,2027-12-26,563,400,1776"
"INV00744,H008,El Khanka Central Hospital,MED044,Furosemide,Cardiovascular,B,Room Temperature,B503777,2024-01-17,2027-01-17,812,400,1513"
"INV00745,H008,El Khanka Central Hospital,MED045,Spironolactone,Cardiovascular,B,Room Temperature,B495204,2024-06-17,2027-06-17,1077,400,1894"
"INV00746,H008,El Khanka Central Hospital,MED046,Hydrochlorothiazide,Cardiovascular,A,Room Temperature,B843088,2024-08-06,2027-08-06,688,400,2132"
"INV00747,H008,El Khanka Central Hospital,MED047,Atorvastatin,Cardiovascular,C,Room Temperature,B656376,2024-04-07,2027-04-07,660,400,1937"
"INV00748,H008,El Khanka Central Hospital,MED048,Rosuvastatin,Cardiovascular,B,Room Temperature,B235189,2024-06-14,2027-06-14,798,400,1883"
"INV00749,H008,El Khanka Central Hospital,MED049,Clopidogrel,Cardiovascular,A,Room Temperature,B130949,2024-06-05,2027-06-05,738,400,1456"
"INV00750,H008,El Khanka Central Hospital,MED050,Warfarin,Cardiovascular,B,Room Temperature,B161842,2024-04-17,2027-04-17,631,400,1278"
"INV00751,H008,El Khanka Central Hospital,MED051,Salbutamol Inhaler,Respiratory,B,Room Temperature,B868917,2024-11-04,2026-11-04,989,400,1902"
"INV00752,H008,El Khanka Central Hospital,MED052,Budesonide Inhaler,Respiratory,B,Room Temperature,B719055,2024-12-17,2026-12-17,641,400,1213"
"INV00753,H008,El Khanka Central Hospital,MED053,Ipratropium,Respiratory,C,Room Temperature,B653372,2024-09-14,2026-09-14,826,400,1384"
"INV00754,H008,El Khanka Central Hospital,MED054,Montelukast,Respiratory,A,Room Temperature,B948692,2024-09-22,2026-09-22,1139,400,2623"
"INV00755,H008,El Khanka Central Hospital,MED055,Theophylline,Respiratory,A,Room Temperature,B888245,2024-09-04,2026-09-04,628,400,1687"
"INV00756,H008,El Khanka Central Hospital,MED056,Acetylcysteine,Respiratory,A,Room Temperature,B797411,2024-10-27,2026-10-27,1017,400,1965"
"INV00757,H008,El Khanka Central Hospital,MED057,Ambroxol,Respiratory,A,Room Temperature,B570435,2024-05-17,2026-05-17,613,400,1195"
"INV00758,H008,El Khanka Central Hospital,MED058,Dexamethasone Neb,Respiratory,B,Room Temperature,B393125,2024-10-14,2026-10-14,706,400,2133"
"INV00759,H008,El Khanka Central Hospital,MED059,Prednisolone,Respiratory,C,Room Temperature,B702801,2024-10-09,2026-10-09,774,400,1643"
"INV00760,H008,El Khanka Central Hospital,MED060,Hydrocortisone,Respiratory,A,Room Temperature,B588067,2024-09-27,2026-09-27,1086,400,1712"
"INV00761,H008,El Khanka Central Hospital,MED061,Normal Saline,IV Fluids,C,Room Temperature,B821755,2024-09-04,2026-09-04,1604,800,3018"
"INV00762,H008,El Khanka Central Hospital,MED062,Ringer Lactate,IV Fluids,A,Room Temperature,B818316,2024-07-30,2026-07-30,1231,800,2676"
"INV00763,H008,El Khanka Central Hospital,MED063,Dextrose 5%,IV Fluids,A,Room Temperature,B989855,2024-02-16,2026-02-16,1064,800,1674"
"INV00764,H008,El Khanka Central Hospital,MED064,Dextrose 10%,IV Fluids,B,Room Temperature,B212935,2024-10-16,2026-10-16,1673,800,2471"
"INV00765,H008,El Khanka Central Hospital,MED065,Half Saline,IV Fluids,B,Room Temperature,B838464,2024-11-09,2026-11-09,1314,800,2643"
"INV00766,H008,El Khanka Central Hospital,MED066,DNS,IV Fluids,B,Room Temperature,B953329,2024-05-17,2026-05-17,1497,800,2300"
"INV00767,H008,El Khanka Central Hospital,MED067,Sterile Water,IV Fluids,C,Room Temperature,B737431,2024-03-17,2026-03-17,1924,800,2742"
"INV00768,H008,El Khanka Central Hospital,MED068,Mannitol,IV Fluids,B,Room Temperature,B996749,2024-03-31,2026-03-31,1562,800,2949"
"INV00769,H008,El Khanka Central Hospital,MED069,Albumin,IV Fluids,B,Room Temperature,B108024,2024-04-16,2026-04-16,1949,800,2521"
"INV00770,H008,El Khanka Central Hospital,MED070,Plasma Expander,IV Fluids,A,Room Temperature,B979140,2024-06-30,2026-06-30,1315,800,2679"
"INV00771,H008,El Khanka Central Hospital,MED071,Adrenaline,Emergency,A,Room Temperature,B616540,2024-09-14,2026-09-14,386,150,1738"
"INV00772,H008,El Khanka Central Hospital,MED072,Atropine,Emergency,B,Room Temperature,B798787,2024-06-16,2026-06-16,387,150,1628"
"INV00773,H008,El Khanka Central Hospital,MED073,Dopamine,Emergency,B,Room Temperature,B959665,2024-04-01,2026-04-01,261,150,1095"
"INV00774,H008,El Khanka Central Hospital,MED074,Dobutamine,Emergency,C,Room Temperature,B834412,2024-07-03,2026-07-03,477,150,1674"
"INV00775,H008,El Khanka Central Hospital,MED075,Nitroglycerin,Emergency,C,Room Temperature,B653781,2024-12-28,2026-12-28,399,150,1471"
"INV00776,H008,El Khanka Central Hospital,MED076,Amiodarone,Emergency,A,Room Temperature,B397986,2024-11-06,2026-11-06,406,150,1034"
"INV00777,H008,El Khanka Central Hospital,MED077,Lidocaine,Emergency,C,Room Temperature,B375796,2024-02-07,2026-02-07,569,150,1682"
"INV00778,H008,El Khanka Central Hospital,MED078,Calcium Gluconate,Emergency,B,Room Temperature,B935825,2024-01-21,2026-01-21,461,150,1820"
"INV00779,H008,El Khanka Central Hospital,MED079,Magnesium Sulfate,Emergency,B,Room Temperature,B752416,2024-03-09,2026-03-09,282,150,1584"
"INV00780,H008,El Khanka Central Hospital,MED080,Naloxone,Emergency,A,Room Temperature,B758966,2024-08-21,2026-08-21,371,150,1182"
"INV00781,H008,El Khanka Central Hospital,MED081,Omeprazole,Gastrointestinal,B,Room Temperature,B867286,2024-12-09,2027-12-09,895,400,1446"
"INV00782,H008,El Khanka Central Hospital,MED082,Pantoprazole,Gastrointestinal,B,Room Temperature,B859785,2024-04-19,2027-04-19,1191,400,2238"
"INV00783,H008,El Khanka Central Hospital,MED083,Esomeprazole,Gastrointestinal,B,Room Temperature,B123408,2024-04-06,2027-04-06,738,400,2085"
"INV00784,H008,El Khanka Central Hospital,MED084,Famotidine,Gastrointestinal,B,Room Temperature,B156358,2024-02-04,2027-02-04,869,400,1477"
"INV00785,H008,El Khanka Central Hospital,MED085,Domperidone,Gastrointestinal,C,Room Temperature,B622710,2024-03-16,2027-03-16,1083,400,1669"
"INV00786,H008,El Khanka Central Hospital,MED086,Ondansetron,Gastrointestinal,C,Room Temperature,B979854,2024-10-11,2027-10-11,943,400,1899"
"INV00787,H008,El Khanka Central Hospital,MED087,Lactulose,Gastrointestinal,C,Room Temperature,B613942,2024-04-21,2027-04-21,1022,400,1893"
"INV00788,H008,El Khanka Central Hospital,MED088,ORS,Gastrointestinal,C,Room Temperature,B639243,2024-05-13,2027-05-13,553,400,1649"
"INV00789,H008,El Khanka Central Hospital,MED089,Loperamide,Gastrointestinal,C,Room Temperature,B694557,2024-07-27,2027-07-27,695,400,1483"
"INV00790,H008,El Khanka Central Hospital,MED090,Hyoscine,Gastrointestinal,A,Room Temperature,B199977,2024-05-01,2027-05-01,850,400,2323"
"INV00791,H008,El Khanka Central Hospital,MED091,Hepatitis B Vaccine,Vaccines,Cold Room,Cold Chain,B886086,2024-01-28,2025-01-28,400,150,1133"
"INV00792,H008,El Khanka Central Hospital,MED092,BCG Vaccine,Vaccines,Cold Room,Cold Chain,B407086,2024-04-27,2025-04-27,345,150,991"
"INV00793,H008,El Khanka Central Hospital,MED093,MMR Vaccine,Vaccines,Cold Room,Cold Chain,B115534,2024-05-16,2025-05-16,577,150,1439"
"INV00794,H008,El Khanka Central Hospital,MED094,Tetanus Vaccine,Vaccines,Cold Room,Cold Chain,B858761,2024-11-25,2025-11-25,406,150,1100"
"INV00795,H008,El Khanka Central Hospital,MED095,Influenza Vaccine,Vaccines,Cold Room,Cold Chain,B811413,2024-05-20,2025-05-20,514,150,1512"
"INV00796,H008,El Khanka Central Hospital,MED096,Propofol,Anesthesia,B,Room Temperature,B504015,2024-07-23,2026-07-23,528,150,1266"
"INV00797,H008,El Khanka Central Hospital,MED097,Ketamine,Anesthesia,A,Room Temperature,B184607,2024-10-21,2026-10-21,552,150,1976"
"INV00798,H008,El Khanka Central Hospital,MED098,Midazolam,Anesthesia,B,Room Temperature,B755129,2024-11-20,2026-11-20,496,150,1264"
"INV00799,H008,El Khanka Central Hospital,MED099,Thiopental,Anesthesia,B,Room Temperature,B453076,2024-04-12,2026-04-12,455,150,1771"
"INV00800,H008,El Khanka Central Hospital,MED100,Succinylcholine,Anesthesia,B,Room Temperature,B747418,2024-01-25,2026-01-25,275,150,945"
"INV00801,H009,Qaha Specialized Hospital,MED001,Paracetamol 500 mg Tablet,Analgesics,A,Room Temperature,B523291,2024-10-08,2027-10-08,4143,1280,5058"
"INV00802,H009,Qaha Specialized Hospital,MED002,Paracetamol IV Infusion,Analgesics,B,Room Temperature,B945623,2024-04-29,2027-04-29,3041,1280,3613"
"INV00803,H009,Qaha Specialized Hospital,MED003,Ibuprofen 400 mg Tablet,Analgesics,B,Room Temperature,B668242,2024-12-29,2027-12-29,3877,1280,4801"
"INV00804,H009,Qaha Specialized Hospital,MED004,Diclofenac Sodium Injection,Analgesics,C,Room Temperature,B280882,2024-12-04,2027-12-04,3036,1280,3948"
"INV00805,H009,Qaha Specialized Hospital,MED005,Diclofenac Tablet,Analgesics,C,Room Temperature,B169300,2024-05-18,2027-05-18,3185,1280,4583"
"INV00806,H009,Qaha Specialized Hospital,MED006,Ketorolac Injection,Analgesics,B,Room Temperature,B927585,2024-02-17,2027-02-17,3139,1280,4296"
"INV00807,H009,Qaha Specialized Hospital,MED007,Tramadol Injection,Analgesics,C,Room Temperature,B307139,2024-12-25,2027-12-25,2616,1280,3300"
"INV00808,H009,Qaha Specialized Hospital,MED008,Morphine Injection,Analgesics,A,Room Temperature,B892908,2024-03-22,2027-03-22,2977,1280,4161"
"INV00809,H009,Qaha Specialized Hospital,MED009,Aspirin 81 mg Tablet,Analgesics,B,Room Temperature,B585097,2024-08-08,2027-08-08,3081,1280,4540"
"INV00810,H009,Qaha Specialized Hospital,MED010,Aspirin 300 mg Tablet,Analgesics,A,Room Temperature,B145095,2024-11-15,2027-11-15,2108,1280,2813"
"INV00811,H009,Qaha Specialized Hospital,MED011,Amoxicillin 500 mg,Antibiotics,C,Room Temperature,B450067,2024-02-29,2026-02-28,2036,1280,3042"
"INV00812,H009,Qaha Specialized Hospital,MED012,Amoxicillin-Clavulanate,Antibiotics,C,Room Temperature,B427069,2024-12-12,2026-12-12,3257,1280,3852"
"INV00813,H009,Qaha Specialized Hospital,MED013,Ceftriaxone 1 g,Antibiotics,A,Room Temperature,B756030,2024-12-13,2026-12-13,4127,1280,5531"
"INV00814,H009,Qaha Specialized Hospital,MED014,Cefotaxime,Antibiotics,B,Room Temperature,B345144,2024-02-17,2026-02-17,3111,1280,4329"
"INV00815,H009,Qaha Specialized Hospital,MED015,Cefuroxime,Antibiotics,C,Room Temperature,B201158,2024-11-13,2026-11-13,3501,1280,4869"
"INV00816,H009,Qaha Specialized Hospital,MED016,Azithromycin,Antibiotics,C,Room Temperature,B973030,2024-02-28,2026-02-28,2323,1280,3363"
"INV00817,H009,Qaha Specialized Hospital,MED017,Clarithromycin,Antibiotics,C,Room Temperature,B903806,2024-08-02,2026-08-02,3179,1280,4580"
"INV00818,H009,Qaha Specialized Hospital,MED018,Ciprofloxacin,Antibiotics,A,Room Temperature,B388213,2024-09-01,2026-09-01,3121,1280,4424"
"INV00819,H009,Qaha Specialized Hospital,MED019,Levofloxacin,Antibiotics,A,Room Temperature,B919253,2024-09-23,2026-09-23,3050,1280,3818"
"INV00820,H009,Qaha Specialized Hospital,MED020,Metronidazole IV,Antibiotics,C,Room Temperature,B795532,2024-02-09,2026-02-09,2378,1280,3702"
"INV00821,H009,Qaha Specialized Hospital,MED021,Vancomycin,Antibiotics,B,Room Temperature,B735274,2024-05-17,2025-11-17,1002,240,2217"
"INV00822,H009,Qaha Specialized Hospital,MED022,Meropenem,Antibiotics,A,Room Temperature,B149522,2024-06-26,2025-12-26,551,240,1564"
"INV00823,H009,Qaha Specialized Hospital,MED023,Imipenem,Antibiotics,B,Room Temperature,B307352,2024-03-02,2025-09-02,740,240,1975"
"INV00824,H009,Qaha Specialized Hospital,MED024,Piperacillin/Tazobactam,Antibiotics,A,Room Temperature,B310048,2024-03-01,2025-09-01,2280,1280,3001"
"INV00825,H009,Qaha Specialized Hospital,MED025,Colistin,Antibiotics,A,Room Temperature,B821818,2024-04-19,2025-10-19,539,240,1416"
"INV00826,H009,Qaha Specialized Hospital,MED026,Regular Insulin,Diabetes,Cold Room,Cold Chain,B750102,2024-10-05,2026-10-05,1893,640,2599"
"INV00827,H009,Qaha Specialized Hospital,MED027,NPH Insulin,Diabetes,Cold Room,Cold Chain,B915495,2024-06-09,2026-06-09,1550,640,2253"
"INV00828,H009,Qaha Specialized Hospital,MED028,Insulin Glargine,Diabetes,Cold Room,Cold Chain,B564462,2024-04-05,2026-04-05,1651,640,2555"
"INV00829,H009,Qaha Specialized Hospital,MED029,Metformin 500 mg,Diabetes,B,Room Temperature,B225829,2024-06-24,2026-06-24,1765,640,2954"
"INV00830,H009,Qaha Specialized Hospital,MED030,Metformin 850 mg,Diabetes,B,Room Temperature,B722334,2024-08-19,2026-08-19,1396,640,2399"
"INV00831,H009,Qaha Specialized Hospital,MED031,Gliclazide,Diabetes,B,Room Temperature,B967591,2024-09-14,2026-09-14,1853,640,3266"
"INV00832,H009,Qaha Specialized Hospital,MED032,Glimepiride,Diabetes,A,Room Temperature,B921935,2024-02-07,2026-02-07,1553,640,2820"
"INV00833,H009,Qaha Specialized Hospital,MED033,Glibenclamide,Diabetes,B,Room Temperature,B436986,2024-10-13,2026-10-13,1101,640,2557"
"INV00834,H009,Qaha Specialized Hospital,MED034,Sitagliptin,Diabetes,B,Room Temperature,B277826,2024-12-12,2026-12-12,1730,640,2594"
"INV00835,H009,Qaha Specialized Hospital,MED035,Empagliflozin,Diabetes,B,Room Temperature,B998035,2024-10-17,2026-10-17,1234,640,2614"
"INV00836,H009,Qaha Specialized Hospital,MED036,Amlodipine,Cardiovascular,B,Room Temperature,B893076,2024-10-30,2027-10-30,1537,640,2986"
"INV00837,H009,Qaha Specialized Hospital,MED037,Captopril,Cardiovascular,B,Room Temperature,B545872,2024-04-23,2027-04-23,1540,640,2959"
"INV00838,H009,Qaha Specialized Hospital,MED038,Enalapril,Cardiovascular,B,Room Temperature,B799746,2024-08-22,2027-08-22,1240,640,2507"
"INV00839,H009,Qaha Specialized Hospital,MED039,Losartan,Cardiovascular,B,Room Temperature,B700600,2024-05-17,2027-05-17,1759,640,2383"
"INV00840,H009,Qaha Specialized Hospital,MED040,Valsartan,Cardiovascular,A,Room Temperature,B529505,2024-06-19,2027-06-19,1170,640,1688"
"INV00841,H009,Qaha Specialized Hospital,MED041,Bisoprolol,Cardiovascular,B,Room Temperature,B839538,2024-02-17,2027-02-17,906,640,1681"
"INV00842,H009,Qaha Specialized Hospital,MED042,Metoprolol,Cardiovascular,A,Room Temperature,B908596,2024-02-20,2027-02-20,1746,640,3146"
"INV00843,H009,Qaha Specialized Hospital,MED043,Atenolol,Cardiovascular,C,Room Temperature,B704056,2024-06-14,2027-06-14,1848,640,2517"
"INV00844,H009,Qaha Specialized Hospital,MED044,Furosemide,Cardiovascular,C,Room Temperature,B277718,2024-06-03,2027-06-03,828,640,1516"
"INV00845,H009,Qaha Specialized Hospital,MED045,Spironolactone,Cardiovascular,A,Room Temperature,B591006,2024-12-08,2027-12-08,1844,640,2988"
"INV00846,H009,Qaha Specialized Hospital,MED046,Hydrochlorothiazide,Cardiovascular,B,Room Temperature,B958950,2024-03-04,2027-03-04,1102,640,2434"
"INV00847,H009,Qaha Specialized Hospital,MED047,Atorvastatin,Cardiovascular,A,Room Temperature,B685457,2024-08-01,2027-08-01,1270,640,2741"
"INV00848,H009,Qaha Specialized Hospital,MED048,Rosuvastatin,Cardiovascular,C,Room Temperature,B374336,2024-04-21,2027-04-21,1200,640,2103"
"INV00849,H009,Qaha Specialized Hospital,MED049,Clopidogrel,Cardiovascular,A,Room Temperature,B428821,2024-10-22,2027-10-22,1326,640,2605"
"INV00850,H009,Qaha Specialized Hospital,MED050,Warfarin,Cardiovascular,C,Room Temperature,B812793,2024-07-02,2027-07-02,1969,640,2624"
"INV00851,H009,Qaha Specialized Hospital,MED051,Salbutamol Inhaler,Respiratory,A,Room Temperature,B808387,2024-08-17,2026-08-17,1180,640,2484"
"INV00852,H009,Qaha Specialized Hospital,MED052,Budesonide Inhaler,Respiratory,A,Room Temperature,B114995,2024-10-25,2026-10-25,1617,640,2992"
"INV00853,H009,Qaha Specialized Hospital,MED053,Ipratropium,Respiratory,A,Room Temperature,B776479,2024-07-27,2026-07-27,907,640,2332"
"INV00854,H009,Qaha Specialized Hospital,MED054,Montelukast,Respiratory,A,Room Temperature,B515466,2024-11-13,2026-11-13,1598,640,3039"
"INV00855,H009,Qaha Specialized Hospital,MED055,Theophylline,Respiratory,A,Room Temperature,B621396,2024-06-03,2026-06-03,1700,640,2438"
"INV00856,H009,Qaha Specialized Hospital,MED056,Acetylcysteine,Respiratory,C,Room Temperature,B798148,2024-06-27,2026-06-27,1153,640,2583"
"INV00857,H009,Qaha Specialized Hospital,MED057,Ambroxol,Respiratory,A,Room Temperature,B811943,2024-11-08,2026-11-08,1342,640,2472"
"INV00858,H009,Qaha Specialized Hospital,MED058,Dexamethasone Neb,Respiratory,A,Room Temperature,B507931,2024-10-02,2026-10-02,1359,640,2224"
"INV00859,H009,Qaha Specialized Hospital,MED059,Prednisolone,Respiratory,A,Room Temperature,B303561,2024-03-04,2026-03-04,1587,640,2871"
"INV00860,H009,Qaha Specialized Hospital,MED060,Hydrocortisone,Respiratory,B,Room Temperature,B969446,2024-04-07,2026-04-07,1354,640,2376"
"INV00861,H009,Qaha Specialized Hospital,MED061,Normal Saline,IV Fluids,C,Room Temperature,B102775,2024-12-23,2026-12-23,2126,1280,2675"
"INV00862,H009,Qaha Specialized Hospital,MED062,Ringer Lactate,IV Fluids,A,Room Temperature,B857634,2024-03-24,2026-03-24,2769,1280,3753"
"INV00863,H009,Qaha Specialized Hospital,MED063,Dextrose 5%,IV Fluids,C,Room Temperature,B452365,2024-12-25,2026-12-25,2658,1280,4076"
"INV00864,H009,Qaha Specialized Hospital,MED064,Dextrose 10%,IV Fluids,A,Room Temperature,B969001,2024-02-29,2026-02-28,1980,1280,3047"
"INV00865,H009,Qaha Specialized Hospital,MED065,Half Saline,IV Fluids,B,Room Temperature,B378495,2024-01-13,2026-01-13,1801,1280,2937"
"INV00866,H009,Qaha Specialized Hospital,MED066,DNS,IV Fluids,C,Room Temperature,B924657,2024-08-10,2026-08-10,1705,1280,2720"
"INV00867,H009,Qaha Specialized Hospital,MED067,Sterile Water,IV Fluids,B,Room Temperature,B800033,2024-10-04,2026-10-04,2313,1280,3188"
"INV00868,H009,Qaha Specialized Hospital,MED068,Mannitol,IV Fluids,B,Room Temperature,B897124,2024-04-05,2026-04-05,1752,1280,2553"
"INV00869,H009,Qaha Specialized Hospital,MED069,Albumin,IV Fluids,A,Room Temperature,B814647,2024-08-25,2026-08-25,2168,1280,2795"
"INV00870,H009,Qaha Specialized Hospital,MED070,Plasma Expander,IV Fluids,C,Room Temperature,B578454,2024-03-05,2026-03-05,3184,1280,3828"
"INV00871,H009,Qaha Specialized Hospital,MED071,Adrenaline,Emergency,C,Room Temperature,B876372,2024-04-15,2026-04-15,530,240,1468"
"INV00872,H009,Qaha Specialized Hospital,MED072,Atropine,Emergency,C,Room Temperature,B395599,2024-03-29,2026-03-29,484,240,1892"
"INV00873,H009,Qaha Specialized Hospital,MED073,Dopamine,Emergency,C,Room Temperature,B764846,2024-04-15,2026-04-15,457,240,1869"
"INV00874,H009,Qaha Specialized Hospital,MED074,Dobutamine,Emergency,A,Room Temperature,B593960,2024-02-01,2026-02-01,627,240,1975"
"INV00875,H009,Qaha Specialized Hospital,MED075,Nitroglycerin,Emergency,A,Room Temperature,B805356,2024-03-22,2026-03-22,508,240,1988"
"INV00876,H009,Qaha Specialized Hospital,MED076,Amiodarone,Emergency,B,Room Temperature,B510834,2024-02-07,2026-02-07,569,240,1496"
"INV00877,H009,Qaha Specialized Hospital,MED077,Lidocaine,Emergency,A,Room Temperature,B897583,2024-01-18,2026-01-18,861,240,1408"
"INV00878,H009,Qaha Specialized Hospital,MED078,Calcium Gluconate,Emergency,C,Room Temperature,B209373,2024-08-11,2026-08-11,949,240,1793"
"INV00879,H009,Qaha Specialized Hospital,MED079,Magnesium Sulfate,Emergency,A,Room Temperature,B966491,2024-03-17,2026-03-17,932,240,1660"
"INV00880,H009,Qaha Specialized Hospital,MED080,Naloxone,Emergency,B,Room Temperature,B932583,2024-02-08,2026-02-08,840,240,1471"
"INV00881,H009,Qaha Specialized Hospital,MED081,Omeprazole,Gastrointestinal,C,Room Temperature,B181972,2024-08-07,2027-08-07,1059,640,1678"
"INV00882,H009,Qaha Specialized Hospital,MED082,Pantoprazole,Gastrointestinal,C,Room Temperature,B592239,2024-08-13,2027-08-13,1454,640,2711"
"INV00883,H009,Qaha Specialized Hospital,MED083,Esomeprazole,Gastrointestinal,B,Room Temperature,B425437,2024-09-03,2027-09-03,1577,640,2788"
"INV00884,H009,Qaha Specialized Hospital,MED084,Famotidine,Gastrointestinal,B,Room Temperature,B543066,2024-09-12,2027-09-12,1299,640,2409"
"INV00885,H009,Qaha Specialized Hospital,MED085,Domperidone,Gastrointestinal,C,Room Temperature,B112100,2024-09-11,2027-09-11,1044,640,1892"
"INV00886,H009,Qaha Specialized Hospital,MED086,Ondansetron,Gastrointestinal,A,Room Temperature,B334196,2024-09-10,2027-09-10,1453,640,2239"
"INV00887,H009,Qaha Specialized Hospital,MED087,Lactulose,Gastrointestinal,A,Room Temperature,B902348,2024-01-13,2027-01-13,1672,640,2559"
"INV00888,H009,Qaha Specialized Hospital,MED088,ORS,Gastrointestinal,C,Room Temperature,B116279,2024-09-29,2027-09-29,1278,640,2727"
"INV00889,H009,Qaha Specialized Hospital,MED089,Loperamide,Gastrointestinal,C,Room Temperature,B963917,2024-10-05,2027-10-05,915,640,1523"
"INV00890,H009,Qaha Specialized Hospital,MED090,Hyoscine,Gastrointestinal,C,Room Temperature,B547244,2024-07-05,2027-07-05,1278,640,1888"
"INV00891,H009,Qaha Specialized Hospital,MED091,Hepatitis B Vaccine,Vaccines,Cold Room,Cold Chain,B938927,2024-07-07,2025-07-07,733,240,1705"
"INV00892,H009,Qaha Specialized Hospital,MED092,BCG Vaccine,Vaccines,Cold Room,Cold Chain,B297478,2024-10-12,2025-10-12,793,240,1803"
"INV00893,H009,Qaha Specialized Hospital,MED093,MMR Vaccine,Vaccines,Cold Room,Cold Chain,B537585,2024-04-03,2025-04-03,510,240,1247"
"INV00894,H009,Qaha Specialized Hospital,MED094,Tetanus Vaccine,Vaccines,Cold Room,Cold Chain,B441558,2024-04-21,2025-04-21,670,240,1830"
"INV00895,H009,Qaha Specialized Hospital,MED095,Influenza Vaccine,Vaccines,Cold Room,Cold Chain,B394067,2024-07-19,2025-07-19,741,240,1383"
"INV00896,H009,Qaha Specialized Hospital,MED096,Propofol,Anesthesia,A,Room Temperature,B746045,2024-06-28,2026-06-28,579,240,1549"
"INV00897,H009,Qaha Specialized Hospital,MED097,Ketamine,Anesthesia,A,Room Temperature,B568011,2024-01-01,2026-01-01,956,240,2149"
"INV00898,H009,Qaha Specialized Hospital,MED098,Midazolam,Anesthesia,C,Room Temperature,B331182,2024-10-14,2026-10-14,617,240,1381"
"INV00899,H009,Qaha Specialized Hospital,MED099,Thiopental,Anesthesia,B,Room Temperature,B118074,2024-03-12,2026-03-12,495,240,1947"
"INV00900,H009,Qaha Specialized Hospital,MED100,Succinylcholine,Anesthesia,C,Room Temperature,B116061,2024-02-11,2026-02-11,547,240,1278"
"INV00901,H010,Banha Fever Hospital,MED001,Paracetamol 500 mg Tablet,Analgesics,C,Room Temperature,B478336,2024-09-29,2027-09-29,2988,1120,4350"
"INV00902,H010,Banha Fever Hospital,MED002,Paracetamol IV Infusion,Analgesics,A,Room Temperature,B596005,2024-02-25,2027-02-25,2186,1120,3538"
"INV00903,H010,Banha Fever Hospital,MED003,Ibuprofen 400 mg Tablet,Analgesics,C,Room Temperature,B977042,2024-07-10,2027-07-10,1768,1120,2760"
"INV00904,H010,Banha Fever Hospital,MED004,Diclofenac Sodium Injection,Analgesics,A,Room Temperature,B254455,2024-05-18,2027-05-18,2337,1120,3063"
"INV00905,H010,Banha Fever Hospital,MED005,Diclofenac Tablet,Analgesics,B,Room Temperature,B527858,2024-04-13,2027-04-13,2539,1120,3101"
"INV00906,H010,Banha Fever Hospital,MED006,Ketorolac Injection,Analgesics,C,Room Temperature,B835415,2024-05-26,2027-05-26,2549,1120,3054"
"INV00907,H010,Banha Fever Hospital,MED007,Tramadol Injection,Analgesics,B,Room Temperature,B328931,2024-08-31,2027-08-31,3322,1120,4114"
"INV00908,H010,Banha Fever Hospital,MED008,Morphine Injection,Analgesics,C,Room Temperature,B231379,2024-09-25,2027-09-25,3669,1120,4226"
"INV00909,H010,Banha Fever Hospital,MED009,Aspirin 81 mg Tablet,Analgesics,B,Room Temperature,B580441,2024-03-23,2027-03-23,3082,1120,4281"
"INV00910,H010,Banha Fever Hospital,MED010,Aspirin 300 mg Tablet,Analgesics,A,Room Temperature,B367136,2024-10-10,2027-10-10,1832,1120,3027"
"INV00911,H010,Banha Fever Hospital,MED011,Amoxicillin 500 mg,Antibiotics,C,Room Temperature,B860177,2024-07-26,2026-07-26,2164,1120,3110"
"INV00912,H010,Banha Fever Hospital,MED012,Amoxicillin-Clavulanate,Antibiotics,C,Room Temperature,B103358,2024-07-02,2026-07-02,2525,1120,3161"
"INV00913,H010,Banha Fever Hospital,MED013,Ceftriaxone 1 g,Antibiotics,B,Room Temperature,B892130,2024-10-16,2026-10-16,2111,1120,3147"
"INV00914,H010,Banha Fever Hospital,MED014,Cefotaxime,Antibiotics,A,Room Temperature,B338483,2024-10-08,2026-10-08,2774,1120,3346"
"INV00915,H010,Banha Fever Hospital,MED015,Cefuroxime,Antibiotics,B,Room Temperature,B644026,2024-07-13,2026-07-13,2667,1120,3171"
"INV00916,H010,Banha Fever Hospital,MED016,Azithromycin,Antibiotics,B,Room Temperature,B931156,2024-04-14,2026-04-14,2410,1120,3369"
"INV00917,H010,Banha Fever Hospital,MED017,Clarithromycin,Antibiotics,A,Room Temperature,B746275,2024-05-19,2026-05-19,2013,1120,3364"
"INV00918,H010,Banha Fever Hospital,MED018,Ciprofloxacin,Antibiotics,B,Room Temperature,B873720,2024-09-02,2026-09-02,1601,1120,2229"
"INV00919,H010,Banha Fever Hospital,MED019,Levofloxacin,Antibiotics,B,Room Temperature,B695376,2024-12-05,2026-12-05,2831,1120,4315"
"INV00920,H010,Banha Fever Hospital,MED020,Metronidazole IV,Antibiotics,C,Room Temperature,B204188,2024-10-20,2026-10-20,2138,1120,3118"
"INV00921,H010,Banha Fever Hospital,MED021,Vancomycin,Antibiotics,B,Room Temperature,B778936,2024-10-28,2026-04-28,443,210,1890"
"INV00922,H010,Banha Fever Hospital,MED022,Meropenem,Antibiotics,C,Room Temperature,B397584,2024-03-10,2025-09-10,581,210,1981"
"INV00923,H010,Banha Fever Hospital,MED023,Imipenem,Antibiotics,A,Room Temperature,B780465,2024-03-31,2025-09-30,647,210,1617"
"INV00924,H010,Banha Fever Hospital,MED024,Piperacillin/Tazobactam,Antibiotics,B,Room Temperature,B929378,2024-05-30,2025-11-30,2724,1120,4095"
"INV00925,H010,Banha Fever Hospital,MED025,Colistin,Antibiotics,A,Room Temperature,B680086,2024-07-18,2026-01-18,348,210,1027"
"INV00926,H010,Banha Fever Hospital,MED026,Regular Insulin,Diabetes,Cold Room,Cold Chain,B591830,2024-08-24,2026-08-24,1168,560,2557"
"INV00927,H010,Banha Fever Hospital,MED027,NPH Insulin,Diabetes,Cold Room,Cold Chain,B963428,2024-12-14,2026-12-14,1342,560,2711"
"INV00928,H010,Banha Fever Hospital,MED028,Insulin Glargine,Diabetes,Cold Room,Cold Chain,B102866,2024-12-25,2026-12-25,1771,560,2719"
"INV00929,H010,Banha Fever Hospital,MED029,Metformin 500 mg,Diabetes,C,Room Temperature,B897388,2024-03-30,2026-03-30,932,560,2275"
"INV00930,H010,Banha Fever Hospital,MED030,Metformin 850 mg,Diabetes,C,Room Temperature,B741480,2024-04-03,2026-04-03,1277,560,2666"
"INV00931,H010,Banha Fever Hospital,MED031,Gliclazide,Diabetes,C,Room Temperature,B601323,2024-12-10,2026-12-10,1291,560,2354"
"INV00932,H010,Banha Fever Hospital,MED032,Glimepiride,Diabetes,B,Room Temperature,B915864,2024-11-16,2026-11-16,1257,560,1867"
"INV00933,H010,Banha Fever Hospital,MED033,Glibenclamide,Diabetes,C,Room Temperature,B699248,2024-11-30,2026-11-30,1113,560,2017"
"INV00934,H010,Banha Fever Hospital,MED034,Sitagliptin,Diabetes,C,Room Temperature,B532829,2024-01-08,2026-01-08,846,560,1553"
"INV00935,H010,Banha Fever Hospital,MED035,Empagliflozin,Diabetes,B,Room Temperature,B702960,2024-06-14,2026-06-14,1527,560,2683"
"INV00936,H010,Banha Fever Hospital,MED036,Amlodipine,Cardiovascular,B,Room Temperature,B666510,2024-01-14,2027-01-14,1448,560,2110"
"INV00937,H010,Banha Fever Hospital,MED037,Captopril,Cardiovascular,B,Room Temperature,B149420,2024-10-09,2027-10-09,979,560,1987"
"INV00938,H010,Banha Fever Hospital,MED038,Enalapril,Cardiovascular,C,Room Temperature,B768629,2024-01-06,2027-01-06,1264,560,1823"
"INV00939,H010,Banha Fever Hospital,MED039,Losartan,Cardiovascular,C,Room Temperature,B517582,2024-01-26,2027-01-26,1645,560,3074"
"INV00940,H010,Banha Fever Hospital,MED040,Valsartan,Cardiovascular,B,Room Temperature,B785503,2024-02-28,2027-02-28,755,560,1964"
"INV00941,H010,Banha Fever Hospital,MED041,Bisoprolol,Cardiovascular,B,Room Temperature,B553510,2024-01-13,2027-01-13,938,560,1963"
"INV00942,H010,Banha Fever Hospital,MED042,Metoprolol,Cardiovascular,A,Room Temperature,B124042,2024-03-03,2027-03-03,1199,560,1717"
"INV00943,H010,Banha Fever Hospital,MED043,Atenolol,Cardiovascular,A,Room Temperature,B961858,2024-04-09,2027-04-09,1172,560,2587"
"INV00944,H010,Banha Fever Hospital,MED044,Furosemide,Cardiovascular,B,Room Temperature,B909340,2024-11-12,2027-11-12,1059,560,2478"
"INV00945,H010,Banha Fever Hospital,MED045,Spironolactone,Cardiovascular,B,Room Temperature,B793023,2024-12-20,2027-12-20,1114,560,1678"
"INV00946,H010,Banha Fever Hospital,MED046,Hydrochlorothiazide,Cardiovascular,A,Room Temperature,B802461,2024-08-26,2027-08-26,986,560,1613"
"INV00947,H010,Banha Fever Hospital,MED047,Atorvastatin,Cardiovascular,B,Room Temperature,B872332,2024-12-11,2027-12-11,889,560,1578"
"INV00948,H010,Banha Fever Hospital,MED048,Rosuvastatin,Cardiovascular,C,Room Temperature,B824750,2024-10-06,2027-10-06,1073,560,1708"
"INV00949,H010,Banha Fever Hospital,MED049,Clopidogrel,Cardiovascular,C,Room Temperature,B811238,2024-09-20,2027-09-20,947,560,2003"
"INV00950,H010,Banha Fever Hospital,MED050,Warfarin,Cardiovascular,C,Room Temperature,B336495,2024-11-08,2027-11-08,1450,560,2074"
"INV00951,H010,Banha Fever Hospital,MED051,Salbutamol Inhaler,Respiratory,B,Room Temperature,B247878,2024-08-08,2026-08-08,1323,560,2019"
"INV00952,H010,Banha Fever Hospital,MED052,Budesonide Inhaler,Respiratory,B,Room Temperature,B813156,2024-05-30,2026-05-30,1529,560,2201"
"INV00953,H010,Banha Fever Hospital,MED053,Ipratropium,Respiratory,A,Room Temperature,B676515,2024-04-17,2026-04-17,1278,560,2271"
"INV00954,H010,Banha Fever Hospital,MED054,Montelukast,Respiratory,B,Room Temperature,B674887,2024-05-25,2026-05-25,1040,560,2157"
"INV00955,H010,Banha Fever Hospital,MED055,Theophylline,Respiratory,B,Room Temperature,B434199,2024-04-21,2026-04-21,1319,560,1824"
"INV00956,H010,Banha Fever Hospital,MED056,Acetylcysteine,Respiratory,A,Room Temperature,B834595,2024-04-05,2026-04-05,1291,560,2601"
"INV00957,H010,Banha Fever Hospital,MED057,Ambroxol,Respiratory,B,Room Temperature,B590999,2024-08-01,2026-08-01,1280,560,2680"
"INV00958,H010,Banha Fever Hospital,MED058,Dexamethasone Neb,Respiratory,A,Room Temperature,B507407,2024-05-29,2026-05-29,1374,560,2853"
"INV00959,H010,Banha Fever Hospital,MED059,Prednisolone,Respiratory,B,Room Temperature,B345984,2024-09-26,2026-09-26,1714,560,2812"
"INV00960,H010,Banha Fever Hospital,MED060,Hydrocortisone,Respiratory,B,Room Temperature,B178537,2024-10-05,2026-10-05,1321,560,2661"
"INV00961,H010,Banha Fever Hospital,MED061,Normal Saline,IV Fluids,B,Room Temperature,B933238,2024-09-12,2026-09-12,3441,1120,3987"
"INV00962,H010,Banha Fever Hospital,MED062,Ringer Lactate,IV Fluids,B,Room Temperature,B856079,2024-09-04,2026-09-04,1777,1120,2513"
"INV00963,H010,Banha Fever Hospital,MED063,Dextrose 5%,IV Fluids,C,Room Temperature,B735254,2024-11-09,2026-11-09,2436,1120,3425"
"INV00964,H010,Banha Fever Hospital,MED064,Dextrose 10%,IV Fluids,C,Room Temperature,B847567,2024-04-25,2026-04-25,2071,1120,2925"
"INV00965,H010,Banha Fever Hospital,MED065,Half Saline,IV Fluids,B,Room Temperature,B448844,2024-08-01,2026-08-01,1581,1120,2485"
"INV00966,H010,Banha Fever Hospital,MED066,DNS,IV Fluids,C,Room Temperature,B663457,2024-03-04,2026-03-04,2473,1120,3866"
"INV00967,H010,Banha Fever Hospital,MED067,Sterile Water,IV Fluids,A,Room Temperature,B453039,2024-11-26,2026-11-26,2318,1120,2871"
"INV00968,H010,Banha Fever Hospital,MED068,Mannitol,IV Fluids,C,Room Temperature,B409509,2024-12-11,2026-12-11,1618,1120,2304"
"INV00969,H010,Banha Fever Hospital,MED069,Albumin,IV Fluids,A,Room Temperature,B987081,2024-10-30,2026-10-30,3121,1120,3859"
"INV00970,H010,Banha Fever Hospital,MED070,Plasma Expander,IV Fluids,A,Room Temperature,B139553,2024-09-02,2026-09-02,1622,1120,3120"
"INV00971,H010,Banha Fever Hospital,MED071,Adrenaline,Emergency,A,Room Temperature,B655710,2024-09-19,2026-09-19,624,210,1195"
"INV00972,H010,Banha Fever Hospital,MED072,Atropine,Emergency,C,Room Temperature,B509740,2024-01-12,2026-01-12,689,210,2188"
"INV00973,H010,Banha Fever Hospital,MED073,Dopamine,Emergency,B,Room Temperature,B815732,2024-10-18,2026-10-18,479,210,1231"
"INV00974,H010,Banha Fever Hospital,MED074,Dobutamine,Emergency,B,Room Temperature,B194837,2024-10-10,2026-10-10,467,210,1770"
"INV00975,H010,Banha Fever Hospital,MED075,Nitroglycerin,Emergency,C,Room Temperature,B909359,2024-05-30,2026-05-30,688,210,2113"
"INV00976,H010,Banha Fever Hospital,MED076,Amiodarone,Emergency,A,Room Temperature,B330780,2024-05-03,2026-05-03,601,210,1280"
"INV00977,H010,Banha Fever Hospital,MED077,Lidocaine,Emergency,C,Room Temperature,B899180,2024-10-01,2026-10-01,630,210,1357"
"INV00978,H010,Banha Fever Hospital,MED078,Calcium Gluconate,Emergency,B,Room Temperature,B492179,2024-11-06,2026-11-06,424,210,950"
"INV00979,H010,Banha Fever Hospital,MED079,Magnesium Sulfate,Emergency,C,Room Temperature,B103969,2024-06-12,2026-06-12,513,210,1843"
"INV00980,H010,Banha Fever Hospital,MED080,Naloxone,Emergency,C,Room Temperature,B623293,2024-12-21,2026-12-21,650,210,2114"
"INV00981,H010,Banha Fever Hospital,MED081,Omeprazole,Gastrointestinal,B,Room Temperature,B970261,2024-11-13,2027-11-13,812,560,1964"
"INV00982,H010,Banha Fever Hospital,MED082,Pantoprazole,Gastrointestinal,B,Room Temperature,B157062,2024-11-24,2027-11-24,1037,560,2484"
"INV00983,H010,Banha Fever Hospital,MED083,Esomeprazole,Gastrointestinal,A,Room Temperature,B838591,2024-05-27,2027-05-27,1402,560,2236"
"INV00984,H010,Banha Fever Hospital,MED084,Famotidine,Gastrointestinal,A,Room Temperature,B778525,2024-12-08,2027-12-08,1149,560,2564"
"INV00985,H010,Banha Fever Hospital,MED085,Domperidone,Gastrointestinal,B,Room Temperature,B851393,2024-10-26,2027-10-26,1507,560,2842"
"INV00986,H010,Banha Fever Hospital,MED086,Ondansetron,Gastrointestinal,A,Room Temperature,B497891,2024-05-14,2027-05-14,1825,560,2931"
"INV00987,H010,Banha Fever Hospital,MED087,Lactulose,Gastrointestinal,B,Room Temperature,B831576,2024-06-11,2027-06-11,888,560,1771"
"INV00988,H010,Banha Fever Hospital,MED088,ORS,Gastrointestinal,C,Room Temperature,B122337,2024-10-14,2027-10-14,1093,560,1773"
"INV00989,H010,Banha Fever Hospital,MED089,Loperamide,Gastrointestinal,A,Room Temperature,B452215,2024-11-11,2027-11-11,1016,560,1709"
"INV00990,H010,Banha Fever Hospital,MED090,Hyoscine,Gastrointestinal,B,Room Temperature,B656119,2024-04-16,2027-04-16,1033,560,1777"
"INV00991,H010,Banha Fever Hospital,MED091,Hepatitis B Vaccine,Vaccines,Cold Room,Cold Chain,B474169,2024-11-22,2025-11-22,344,210,847"
"INV00992,H010,Banha Fever Hospital,MED092,BCG Vaccine,Vaccines,Cold Room,Cold Chain,B292458,2024-08-12,2025-08-12,755,210,1975"
"INV00993,H010,Banha Fever Hospital,MED093,MMR Vaccine,Vaccines,Cold Room,Cold Chain,B975206,2024-06-29,2025-06-29,597,210,2084"
"INV00994,H010,Banha Fever Hospital,MED094,Tetanus Vaccine,Vaccines,Cold Room,Cold Chain,B734151,2024-01-19,2025-01-19,734,210,1341"
"INV00995,H010,Banha Fever Hospital,MED095,Influenza Vaccine,Vaccines,Cold Room,Cold Chain,B804706,2024-01-12,2025-01-12,638,210,1332"
"INV00996,H010,Banha Fever Hospital,MED096,Propofol,Anesthesia,C,Room Temperature,B245281,2024-05-23,2026-05-23,591,210,1907"
"INV00997,H010,Banha Fever Hospital,MED097,Ketamine,Anesthesia,C,Room Temperature,B214456,2024-10-10,2026-10-10,521,210,1698"
"INV00998,H010,Banha Fever Hospital,MED098,Midazolam,Anesthesia,B,Room Temperature,B482688,2024-10-22,2026-10-22,447,210,1244"
"INV00999,H010,Banha Fever Hospital,MED099,Thiopental,Anesthesia,B,Room Temperature,B653380,2024-10-29,2026-10-29,673,210,1726"
"INV01000,H010,Banha Fever Hospital,MED100,Succinylcholine,Anesthesia,C,Room Temperature,B421898,2024-08-29,2026-08-29,464,210,1148"
