"InventoryID,HospitalID,HospitalName,ProductID,ProductName,Category,WarehouseZone,StorageCondition,BatchNumber,ManufacturingDate,ExpiryDate,CurrentStock,MinStock,MaxStock"
"INV00001,H001,Benha Teaching Hospital,MED001,Paracetamol 500 mg Tablet,Analgesics,C,Room Temperature,B210268,2024-03-12,2027-03-12,12756,1600,5439"
"INV00002,H001,Benha Teaching Hospital,MED002,Paracetamol IV Infusion,Analgesics,A,Room Temperature,B187498,2024-11-26,2027-11-26,11072,1600,4514"
"INV00003,H001,Benha Teaching Hospital,MED003,Ibuprofen 400 mg Tablet,Analgesics,A,Room Temperature,B429365,2024-05-10,2027-05-10,10322,1600,3479"
"INV00004,H001,Benha Teaching Hospital,MED004,Diclofenac Sodium Injection,Analgesics,C,Room Temperature,B203355,2024-07-10,2027-07-10,11743,1600,5308"
"INV00005,H001,Benha Teaching Hospital,MED005,Diclofenac Tablet,Analgesics,B,Room Temperature,B358795,2024-09-09,2027-09-09,10851,1600,3429"
"INV00006,H001,Benha Teaching Hospital,MED006,Ketorolac Injection,Analgesics,A,Room Temperature,B249503,2024-06-18,2027-06-18,11492,1600,4658"
"INV00007,H001,Benha Teaching Hospital,MED007,Tramadol Injection,Analgesics,A,Room Temperature,B691723,2024-06-23,2027-06-23,11731,1600,4912"
"INV00008,H001,Benha Teaching Hospital,MED008,Morphine Injection,Analgesics,A,Room Temperature,B665894,2024-11-02,2027-11-02,12396,1600,5808"
"INV00009,H001,Benha Teaching Hospital,MED009,Aspirin 81 mg Tablet,Analgesics,C,Room Temperature,B339931,2024-03-29,2027-03-29,10166,1600,3168"
"INV00010,H001,Benha Teaching Hospital,MED010,Aspirin 300 mg Tablet,Analgesics,A,Room Temperature,B877089,2024-02-22,2027-02-22,10782,1600,3374"
"INV00011,H001,Benha Teaching Hospital,MED011,Amoxicillin 500 mg,Antibiotics,C,Room Temperature,B996942,2024-09-20,2026-09-20,10418,1600,3333"
"INV00012,H001,Benha Teaching Hospital,MED012,Amoxicillin-Clavulanate,Antibiotics,C,Room Temperature,B905889,2024-12-25,2026-12-25,11001,1600,3708"
"INV00013,H001,Benha Teaching Hospital,MED013,Ceftriaxone 1 g,Antibiotics,C,Room Temperature,B371836,2024-11-05,2026-11-05,11880,1600,5517"
"INV00014,H001,Benha Teaching Hospital,MED014,Cefotaxime,Antibiotics,A,Room Temperature,B323165,2024-07-20,2026-07-20,11717,1600,4665"
"INV00015,H001,Benha Teaching Hospital,MED015,Cefuroxime,Antibiotics,C,Room Temperature,B453531,2024-08-02,2026-08-02,11354,1600,5069"
"INV00016,H001,Benha Teaching Hospital,MED016,Azithromycin,Antibiotics,B,Room Temperature,B567281,2024-08-24,2026-08-24,12944,1600,6042"
"INV00017,H001,Benha Teaching Hospital,MED017,Clarithromycin,Antibiotics,A,Room Temperature,B532315,2024-09-08,2026-09-08,12144,1600,5074"
"INV00018,H001,Benha Teaching Hospital,MED018,Ciprofloxacin,Antibiotics,A,Room Temperature,B476896,2024-10-27,2026-10-27,9634,1600,3301"
"INV00019,H001,Benha Teaching Hospital,MED019,Levofloxacin,Antibiotics,A,Room Temperature,B236330,2024-03-03,2026-03-03,11317,1600,4695"
"INV00020,H001,Benha Teaching Hospital,MED020,Metronidazole IV,Antibiotics,A,Room Temperature,B234633,2024-09-17,2026-09-17,11251,1600,4420"
"INV00021,H001,Benha Teaching Hospital,MED021,Vancomycin,Antibiotics,A,Room Temperature,B130535,2024-07-19,2026-01-19,2405,300,1390"
"INV00022,H001,Benha Teaching Hospital,MED022,Meropenem,Antibiotics,C,Room Temperature,B747972,2024-03-02,2025-09-02,2457,300,1751"
"INV00023,H001,Benha Teaching Hospital,MED023,Imipenem,Antibiotics,C,Room Temperature,B301664,2024-02-04,2025-08-04,2741,300,2049"
"INV00024,H001,Benha Teaching Hospital,MED024,Piperacillin/Tazobactam,Antibiotics,A,Room Temperature,B723094,2024-01-05,2025-07-05,11405,1600,5223"
"INV00025,H001,Benha Teaching Hospital,MED025,Colistin,Antibiotics,C,Room Temperature,B318126,2024-07-25,2026-01-25,2931,300,1600"
"INV00026,H001,Benha Teaching Hospital,MED026,Regular Insulin,Diabetes,Cold Room,Cold Chain,B872838,2024-12-17,2026-12-17,5482,800,3222"
"INV00027,H001,Benha Teaching Hospital,MED027,NPH Insulin,Diabetes,Cold Room,Cold Chain,B835716,2024-08-09,2026-08-09,5030,800,2901"
"INV00028,H001,Benha Teaching Hospital,MED028,Insulin Glargine,Diabetes,Cold Room,Cold Chain,B264899,2024-01-29,2026-01-29,5224,800,2644"
"INV00029,H001,Benha Teaching Hospital,MED029,Metformin 500 mg,Diabetes,A,Room Temperature,B515515,2024-03-26,2026-03-26,5565,800,2592"
"INV00030,H001,Benha Teaching Hospital,MED030,Metformin 850 mg,Diabetes,C,Room Temperature,B981691,2024-05-13,2026-05-13,5914,800,3776"
"INV00031,H001,Benha Teaching Hospital,MED031,Gliclazide,Diabetes,C,Room Temperature,B388249,2024-05-07,2026-05-07,5480,800,2966"
"INV00032,H001,Benha Teaching Hospital,MED032,Glimepiride,Diabetes,C,Room Temperature,B554589,2024-10-09,2026-10-09,5800,800,2441"
"INV00033,H001,Benha Teaching Hospital,MED033,Glibenclamide,Diabetes,C,Room Temperature,B890180,2024-05-16,2026-05-16,4727,800,2286"
"INV00034,H001,Benha Teaching Hospital,MED034,Sitagliptin,Diabetes,B,Room Temperature,B979989,2024-11-10,2026-11-10,5176,800,2540"
"INV00035,H001,Benha Teaching Hospital,MED035,Empagliflozin,Diabetes,A,Room Temperature,B314283,2024-02-21,2026-02-21,6318,800,3494"
"INV00036,H001,Benha Teaching Hospital,MED036,Amlodipine,Cardiovascular,B,Room Temperature,B840976,2024-04-10,2027-04-10,6135,800,2849"
"INV00037,H001,Benha Teaching Hospital,MED037,Captopril,Cardiovascular,C,Room Temperature,B998613,2024-08-07,2027-08-07,4968,800,2337"
"INV00038,H001,Benha Teaching Hospital,MED038,Enalapril,Cardiovascular,B,Room Temperature,B937291,2024-02-22,2027-02-22,5040,800,2261"
"INV00039,H001,Benha Teaching Hospital,MED039,Losartan,Cardiovascular,A,Room Temperature,B481050,2024-07-02,2027-07-02,6112,800,2686"
"INV00040,H001,Benha Teaching Hospital,MED040,Valsartan,Cardiovascular,A,Room Temperature,B713333,2024-04-07,2027-04-07,5830,800,3372"
"INV00041,H001,Benha Teaching Hospital,MED041,Bisoprolol,Cardiovascular,C,Room Temperature,B710490,2024-05-03,2027-05-03,5458,800,2536"
"INV00042,H001,Benha Teaching Hospital,MED042,Metoprolol,Cardiovascular,B,Room Temperature,B418394,2024-09-08,2027-09-08,5690,800,3025"
"INV00043,H001,Benha Teaching Hospital,MED043,Atenolol,Cardiovascular,B,Room Temperature,B314835,2024-12-17,2027-12-17,5393,800,2677"
"INV00044,H001,Benha Teaching Hospital,MED044,Furosemide,Cardiovascular,B,Room Temperature,B373255,2024-12-03,2027-12-03,6048,800,3241"
"INV00045,H001,Benha Teaching Hospital,MED045,Spironolactone,Cardiovascular,A,Room Temperature,B654594,2024-10-24,2027-10-24,5490,800,3338"
"INV00046,H001,Benha Teaching Hospital,MED046,Hydrochlorothiazide,Cardiovascular,A,Room Temperature,B473616,2024-02-29,2027-02-28,5264,800,2843"
"INV00047,H001,Benha Teaching Hospital,MED047,Atorvastatin,Cardiovascular,B,Room Temperature,B391999,2024-02-06,2027-02-06,4991,800,2272"
"INV00048,H001,Benha Teaching Hospital,MED048,Rosuvastatin,Cardiovascular,A,Room Temperature,B690978,2024-07-26,2027-07-26,4614,800,2389"
"INV00049,H001,Benha Teaching Hospital,MED049,Clopidogrel,Cardiovascular,A,Room Temperature,B768234,2024-04-25,2027-04-25,5981,800,3310"
"INV00050,H001,Benha Teaching Hospital,MED050,Warfarin,Cardiovascular,B,Room Temperature,B757917,2024-08-14,2027-08-14,6175,800,2932"
"INV00051,H001,Benha Teaching Hospital,MED051,Salbutamol Inhaler,Respiratory,A,Room Temperature,B177505,2024-12-03,2026-12-03,6091,800,3554"
"INV00052,H001,Benha Teaching Hospital,MED052,Budesonide Inhaler,Respiratory,B,Room Temperature,B138467,2024-06-09,2026-06-09,5606,800,3012"
"INV00053,H001,Benha Teaching Hospital,MED053,Ipratropium,Respiratory,B,Room Temperature,B710704,2024-05-14,2026-05-14,5988,800,2792"
"INV00054,H001,Benha Teaching Hospital,MED054,Montelukast,Respiratory,C,Room Temperature,B500109,2024-01-22,2026-01-22,5088,800,2598"
"INV00055,H001,Benha Teaching Hospital,MED055,Theophylline,Respiratory,B,Room Temperature,B250810,2024-09-20,2026-09-20,5148,800,2330"
"INV00056,H001,Benha Teaching Hospital,MED056,Acetylcysteine,Respiratory,A,Room Temperature,B469599,2024-10-10,2026-10-10,4882,800,2408"
"INV00057,H001,Benha Teaching Hospital,MED057,Ambroxol,Respiratory,C,Room Temperature,B727234,2024-05-26,2026-05-26,5803,800,3169"
"INV00058,H001,Benha Teaching Hospital,MED058,Dexamethasone Neb,Respiratory,B,Room Temperature,B405628,2024-08-07,2026-08-07,5085,800,2242"
"INV00059,H001,Benha Teaching Hospital,MED059,Prednisolone,Respiratory,C,Room Temperature,B920260,2024-08-20,2026-08-20,4786,800,2777"
"INV00060,H001,Benha Teaching Hospital,MED060,Hydrocortisone,Respiratory,A,Room Temperature,B559451,2024-04-04,2026-04-04,5215,800,2260"
"INV00061,H001,Benha Teaching Hospital,MED061,Normal Saline,IV Fluids,B,Room Temperature,B218015,2024-06-09,2026-06-09,11881,1600,5033"
"INV00062,H001,Benha Teaching Hospital,MED062,Ringer Lactate,IV Fluids,A,Room Temperature,B465890,2024-02-23,2026-02-23,10173,1600,3653"
"INV00063,H001,Benha Teaching Hospital,MED063,Dextrose 5%,IV Fluids,C,Room Temperature,B118070,2024-12-07,2026-12-07,10824,1600,4567"
"INV00064,H001,Benha Teaching Hospital,MED064,Dextrose 10%,IV Fluids,B,Room Temperature,B258823,2024-09-29,2026-09-29,12059,1600,4672"
"INV00065,H001,Benha Teaching Hospital,MED065,Half Saline,IV Fluids,C,Room Temperature,B542905,2024-09-03,2026-09-03,10117,1600,3804"
"INV00066,H001,Benha Teaching Hospital,MED066,DNS,IV Fluids,C,Room Temperature,B997059,2024-11-08,2026-11-08,12438,1600,5174"
"INV00067,H001,Benha Teaching Hospital,MED067,Sterile Water,IV Fluids,B,Room Temperature,B584299,2024-05-21,2026-05-21,11421,1600,4245"
"INV00068,H001,Benha Teaching Hospital,MED068,Mannitol,IV Fluids,C,Room Temperature,B766326,2024-10-14,2026-10-14,11017,1600,4032"
"INV00069,H001,Benha Teaching Hospital,MED069,Albumin,IV Fluids,A,Room Temperature,B805660,2024-07-08,2026-07-08,11589,1600,4763"
"INV00070,H001,Benha Teaching Hospital,MED070,Plasma Expander,IV Fluids,C,Room Temperature,B170313,2024-06-28,2026-06-28,10484,1600,3440"
"INV00071,H001,Benha Teaching Hospital,MED071,Adrenaline,Emergency,A,Room Temperature,B213632,2024-04-10,2026-04-10,2586,300,1789"
"INV00072,H001,Benha Teaching Hospital,MED072,Atropine,Emergency,A,Room Temperature,B711523,2024-01-05,2026-01-05,2480,300,1970"
"INV00073,H001,Benha Teaching Hospital,MED073,Dopamine,Emergency,C,Room Temperature,B311810,2024-02-16,2026-02-16,2841,300,1519"
"INV00074,H001,Benha Teaching Hospital,MED074,Dobutamine,Emergency,A,Room Temperature,B970045,2024-05-03,2026-05-03,2375,300,1542"
"INV00075,H001,Benha Teaching Hospital,MED075,Nitroglycerin,Emergency,B,Room Temperature,B727769,2024-04-01,2026-04-01,3013,300,1900"
"INV00076,H001,Benha Teaching Hospital,MED076,Amiodarone,Emergency,A,Room Temperature,B283062,2024-11-13,2026-11-13,3394,300,1645"
"INV00077,H001,Benha Teaching Hospital,MED077,Lidocaine,Emergency,A,Room Temperature,B850201,2024-02-27,2026-02-27,2154,300,1734"
"INV00078,H001,Benha Teaching Hospital,MED078,Calcium Gluconate,Emergency,A,Room Temperature,B120056,2024-04-27,2026-04-27,2825,300,1582"
"INV00079,H001,Benha Teaching Hospital,MED079,Magnesium Sulfate,Emergency,B,Room Temperature,B765022,2024-07-10,2026-07-10,2347,300,1370"
"INV00080,H001,Benha Teaching Hospital,MED080,Naloxone,Emergency,B,Room Temperature,B612153,2024-03-16,2026-03-16,3072,300,2058"
"INV00081,H001,Benha Teaching Hospital,MED081,Omeprazole,Gastrointestinal,B,Room Temperature,B547556,2024-08-07,2027-08-07,5667,800,2908"
"INV00082,H001,Benha Teaching Hospital,MED082,Pantoprazole,Gastrointestinal,C,Room Temperature,B406063,2024-07-22,2027-07-22,5259,800,2544"
"INV00083,H001,Benha Teaching Hospital,MED083,Esomeprazole,Gastrointestinal,B,Room Temperature,B555968,2024-04-09,2027-04-09,5522,800,2731"
"INV00084,H001,Benha Teaching Hospital,MED084,Famotidine,Gastrointestinal,A,Room Temperature,B834965,2024-01-10,2027-01-10,5084,800,2847"
"INV00085,H001,Benha Teaching Hospital,MED085,Domperidone,Gastrointestinal,B,Room Temperature,B472370,2024-09-06,2027-09-06,5231,800,2542"
"INV00086,H001,Benha Teaching Hospital,MED086,Ondansetron,Gastrointestinal,B,Room Temperature,B651951,2024-01-04,2027-01-04,5517,800,2802"
"INV00087,H001,Benha Teaching Hospital,MED087,Lactulose,Gastrointestinal,A,Room Temperature,B291962,2024-06-08,2027-06-08,5888,800,3343"
"INV00088,H001,Benha Teaching Hospital,MED088,ORS,Gastrointestinal,C,Room Temperature,B990123,2024-04-10,2027-04-10,5390,800,2831"
"INV00089,H001,Benha Teaching Hospital,MED089,Loperamide,Gastrointestinal,B,Room Temperature,B251836,2024-02-13,2027-02-13,5760,800,3101"
"INV00090,H001,Benha Teaching Hospital,MED090,Hyoscine,Gastrointestinal,C,Room Temperature,B979090,2024-09-09,2027-09-09,5508,800,3118"
"INV00091,H001,Benha Teaching Hospital,MED091,Hepatitis B Vaccine,Vaccines,Cold Room,Cold Chain,B712956,2024-09-20,2025-09-20,2338,300,1374"
"INV00092,H001,Benha Teaching Hospital,MED092,BCG Vaccine,Vaccines,Cold Room,Cold Chain,B906790,2024-04-14,2025-04-14,2942,300,1737"
"INV00093,H001,Benha Teaching Hospital,MED093,MMR Vaccine,Vaccines,Cold Room,Cold Chain,B231484,2024-03-15,2025-03-15,2239,300,1687"
"INV00094,H001,Benha Teaching Hospital,MED094,Tetanus Vaccine,Vaccines,Cold Room,Cold Chain,B930857,2024-06-12,2025-06-12,2753,300,2331"
"INV00095,H001,Benha Teaching Hospital,MED095,Influenza Vaccine,Vaccines,Cold Room,Cold Chain,B969474,2024-06-25,2025-06-25,2595,300,2275"
"INV00096,H001,Benha Teaching Hospital,MED096,Propofol,Anesthesia,C,Room Temperature,B844086,2024-05-31,2026-05-31,2589,300,1175"
"INV00097,H001,Benha Teaching Hospital,MED097,Ketamine,Anesthesia,C,Room Temperature,B695468,2024-07-01,2026-07-01,2823,300,1524"
"INV00098,H001,Benha Teaching Hospital,MED098,Midazolam,Anesthesia,A,Room Temperature,B734736,2024-09-29,2026-09-29,3275,300,2175"
"INV00099,H001,Benha Teaching Hospital,MED099,Thiopental,Anesthesia,C,Room Temperature,B664242,2024-07-05,2026-07-05,2625,300,1407"
"INV00100,H001,Benha Teaching Hospital,MED100,Succinylcholine,Anesthesia,C,Room Temperature,B825256,2024-03-16,2026-03-16,2938,300,1270"
"INV00101,H002,Benha General Hospital,MED001,Paracetamol 500 mg Tablet,Analgesics,A,Room Temperature,B940530,2024-02-21,2027-02-21,9669,960,3040"
"INV00102,H002,Benha General Hospital,MED002,Paracetamol IV Infusion,Analgesics,C,Room Temperature,B766490,2024-01-25,2027-01-25,9279,960,2401"
"INV00103,H002,Benha General Hospital,MED003,Ibuprofen 400 mg Tablet,Analgesics,C,Room Temperature,B252617,2024-06-29,2027-06-29,10927,960,3554"
"INV00104,H002,Benha General Hospital,MED004,Diclofenac Sodium Injection,Analgesics,A,Room Temperature,B138102,2024-05-12,2027-05-12,10593,960,3495"
"INV00105,H002,Benha General Hospital,MED005,Diclofenac Tablet,Analgesics,A,Room Temperature,B279208,2024-03-16,2027-03-16,9728,960,3348"
"INV00106,H002,Benha General Hospital,MED006,Ketorolac Injection,Analgesics,B,Room Temperature,B625830,2024-08-17,2027-08-17,10984,960,3649"
"INV00107,H002,Benha General Hospital,MED007,Tramadol Injection,Analgesics,B,Room Temperature,B905497,2024-10-09,2027-10-09,11016,960,3798"
"INV00108,H002,Benha General Hospital,MED008,Morphine Injection,Analgesics,B,Room Temperature,B128295,2024-12-04,2027-12-04,9607,960,3312"
"INV00109,H002,Benha General Hospital,MED009,Aspirin 81 mg Tablet,Analgesics,C,Room Temperature,B977699,2024-10-27,2027-10-27,9109,960,2491"
"INV00110,H002,Benha General Hospital,MED010,Aspirin 300 mg Tablet,Analgesics,C,Room Temperature,B334677,2024-12-29,2027-12-29,10560,960,3729"
"INV00111,H002,Benha General Hospital,MED011,Amoxicillin 500 mg,Antibiotics,C,Room Temperature,B639773,2024-02-08,2026-02-08,9712,960,2549"
"INV00112,H002,Benha General Hospital,MED012,Amoxicillin-Clavulanate,Antibiotics,A,Room Temperature,B130355,2024-02-27,2026-02-27,9058,960,2459"
"INV00113,H002,Benha General Hospital,MED013,Ceftriaxone 1 g,Antibiotics,C,Room Temperature,B663586,2024-01-01,2026-01-01,8456,960,2930"
"INV00114,H002,Benha General Hospital,MED014,Cefotaxime,Antibiotics,B,Room Temperature,B313920,2024-11-07,2026-11-07,8425,960,3027"
"INV00115,H002,Benha General Hospital,MED015,Cefuroxime,Antibiotics,A,Room Temperature,B753983,2024-06-21,2026-06-21,10549,960,3437"
"INV00116,H002,Benha General Hospital,MED016,Azithromycin,Antibiotics,A,Room Temperature,B292714,2024-07-31,2026-07-31,9411,960,1917"
"INV00117,H002,Benha General Hospital,MED017,Clarithromycin,Antibiotics,A,Room Temperature,B738353,2024-01-20,2026-01-20,9160,960,3094"
"INV00118,H002,Benha General Hospital,MED018,Ciprofloxacin,Antibiotics,B,Room Temperature,B601108,2024-01-01,2026-01-01,8770,960,2120"
"INV00119,H002,Benha General Hospital,MED019,Levofloxacin,Antibiotics,B,Room Temperature,B986089,2024-01-12,2026-01-12,11627,960,4657"
"INV00120,H002,Benha General Hospital,MED020,Metronidazole IV,Antibiotics,B,Room Temperature,B260775,2024-06-04,2026-06-04,9765,960,3368"
"INV00121,H002,Benha General Hospital,MED021,Vancomycin,Antibiotics,A,Room Temperature,B730075,2024-07-04,2026-01-04,2701,180,1466"
"INV00122,H002,Benha General Hospital,MED022,Meropenem,Antibiotics,A,Room Temperature,B644447,2024-08-15,2026-02-15,2320,180,885"
"INV00123,H002,Benha General Hospital,MED023,Imipenem,Antibiotics,C,Room Temperature,B790907,2024-07-30,2026-01-30,2270,180,1378"
"INV00124,H002,Benha General Hospital,MED024,Piperacillin/Tazobactam,Antibiotics,C,Room Temperature,B538661,2024-09-09,2026-03-09,9626,960,3033"
"INV00125,H002,Benha General Hospital,MED025,Colistin,Antibiotics,B,Room Temperature,B578007,2024-01-10,2025-07-10,2329,180,1740"
"INV00126,H002,Benha General Hospital,MED026,Regular Insulin,Diabetes,Cold Room,Cold Chain,B161813,2024-10-15,2026-10-15,5235,480,1592"
"INV00127,H002,Benha General Hospital,MED027,NPH Insulin,Diabetes,Cold Room,Cold Chain,B686580,2024-09-23,2026-09-23,5004,480,1444"
"INV00128,H002,Benha General Hospital,MED028,Insulin Glargine,Diabetes,Cold Room,Cold Chain,B932972,2024-10-09,2026-10-09,4358,480,2292"
"INV00129,H002,Benha General Hospital,MED029,Metformin 500 mg,Diabetes,A,Room Temperature,B374907,2024-11-06,2026-11-06,4734,480,1684"
"INV00130,H002,Benha General Hospital,MED030,Metformin 850 mg,Diabetes,C,Room Temperature,B263273,2024-07-20,2026-07-20,4931,480,2388"
"INV00131,H002,Benha General Hospital,MED031,Gliclazide,Diabetes,B,Room Temperature,B931538,2024-01-01,2026-01-01,4168,480,1671"
"INV00132,H002,Benha General Hospital,MED032,Glimepiride,Diabetes,B,Room Temperature,B136187,2024-02-03,2026-02-03,5300,480,2632"
"INV00133,H002,Benha General Hospital,MED033,Glibenclamide,Diabetes,C,Room Temperature,B686165,2024-06-10,2026-06-10,4750,480,1443"
"INV00134,H002,Benha General Hospital,MED034,Sitagliptin,Diabetes,B,Room Temperature,B960395,2024-02-23,2026-02-23,4774,480,1669"
"INV00135,H002,Benha General Hospital,MED035,Empagliflozin,Diabetes,A,Room Temperature,B381342,2024-04-21,2026-04-21,4692,480,1879"
"INV00136,H002,Benha General Hospital,MED036,Amlodipine,Cardiovascular,B,Room Temperature,B585450,2024-03-06,2027-03-06,5058,480,2354"
"INV00137,H002,Benha General Hospital,MED037,Captopril,Cardiovascular,A,Room Temperature,B106949,2024-08-13,2027-08-13,4992,480,2591"
"INV00138,H002,Benha General Hospital,MED038,Enalapril,Cardiovascular,A,Room Temperature,B880722,2024-12-12,2027-12-12,4780,480,1894"
"INV00139,H002,Benha General Hospital,MED039,Losartan,Cardiovascular,C,Room Temperature,B350875,2024-11-30,2027-11-30,5379,480,1942"
"INV00140,H002,Benha General Hospital,MED040,Valsartan,Cardiovascular,C,Room Temperature,B465340,2024-05-12,2027-05-12,5461,480,1930"
"INV00141,H002,Benha General Hospital,MED041,Bisoprolol,Cardiovascular,C,Room Temperature,B750199,2024-12-05,2027-12-05,4277,480,2237"
"INV00142,H002,Benha General Hospital,MED042,Metoprolol,Cardiovascular,B,Room Temperature,B728861,2024-07-23,2027-07-23,4656,480,1825"
"INV00143,H002,Benha General Hospital,MED043,Atenolol,Cardiovascular,C,Room Temperature,B779574,2024-09-05,2027-09-05,4759,480,1281"
"INV00144,H002,Benha General Hospital,MED044,Furosemide,Cardiovascular,C,Room Temperature,B682531,2024-01-08,2027-01-08,4333,480,1788"
"INV00145,H002,Benha General Hospital,MED045,Spironolactone,Cardiovascular,B,Room Temperature,B463714,2024-12-17,2027-12-17,5304,480,1855"
"INV00146,H002,Benha General Hospital,MED046,Hydrochlorothiazide,Cardiovascular,C,Room Temperature,B517170,2024-02-20,2027-02-20,4634,480,2039"
"INV00147,H002,Benha General Hospital,MED047,Atorvastatin,Cardiovascular,B,Room Temperature,B441396,2024-01-22,2027-01-22,4787,480,2027"
"INV00148,H002,Benha General Hospital,MED048,Rosuvastatin,Cardiovascular,B,Room Temperature,B151745,2024-02-15,2027-02-15,5150,480,2126"
"INV00149,H002,Benha General Hospital,MED049,Clopidogrel,Cardiovascular,A,Room Temperature,B503704,2024-10-08,2027-10-08,4665,480,1302"
"INV00150,H002,Benha General Hospital,MED050,Warfarin,Cardiovascular,A,Room Temperature,B480975,2024-12-15,2027-12-15,4650,480,1323"
"INV00151,H002,Benha General Hospital,MED051,Salbutamol Inhaler,Respiratory,C,Room Temperature,B572930,2024-01-08,2026-01-08,5293,480,1882"
"INV00152,H002,Benha General Hospital,MED052,Budesonide Inhaler,Respiratory,B,Room Temperature,B735605,2024-02-25,2026-02-25,5240,480,2258"
"INV00153,H002,Benha General Hospital,MED053,Ipratropium,Respiratory,A,Room Temperature,B345121,2024-08-03,2026-08-03,4983,480,1907"
"INV00154,H002,Benha General Hospital,MED054,Montelukast,Respiratory,A,Room Temperature,B760482,2024-01-07,2026-01-07,4910,480,1758"
"INV00155,H002,Benha General Hospital,MED055,Theophylline,Respiratory,A,Room Temperature,B729474,2024-10-20,2026-10-20,5198,480,1880"
"INV00156,H002,Benha General Hospital,MED056,Acetylcysteine,Respiratory,A,Room Temperature,B321897,2024-01-28,2026-01-28,4354,480,1632"
"INV00157,H002,Benha General Hospital,MED057,Ambroxol,Respiratory,C,Room Temperature,B672203,2024-05-05,2026-05-05,4158,480,1345"
"INV00158,H002,Benha General Hospital,MED058,Dexamethasone Neb,Respiratory,A,Room Temperature,B631849,2024-03-08,2026-03-08,5630,480,1978"
"INV00159,H002,Benha General Hospital,MED059,Prednisolone,Respiratory,C,Room Temperature,B126069,2024-08-15,2026-08-15,4582,480,1404"
"INV00160,H002,Benha General Hospital,MED060,Hydrocortisone,Respiratory,B,Room Temperature,B696562,2024-08-23,2026-08-23,4193,480,1602"
"INV00161,H002,Benha General Hospital,MED061,Normal Saline,IV Fluids,C,Room Temperature,B699991,2024-11-15,2026-11-15,9302,960,2537"
"INV00162,H002,Benha General Hospital,MED062,Ringer Lactate,IV Fluids,A,Room Temperature,B216421,2024-10-15,2026-10-15,10044,960,2867"
"INV00163,H002,Benha General Hospital,MED063,Dextrose 5%,IV Fluids,B,Room Temperature,B962557,2024-11-13,2026-11-13,9290,960,2800"
"INV00164,H002,Benha General Hospital,MED064,Dextrose 10%,IV Fluids,B,Room Temperature,B890756,2024-01-31,2026-01-31,10740,960,3296"
"INV00165,H002,Benha General Hospital,MED065,Half Saline,IV Fluids,C,Room Temperature,B784106,2024-08-07,2026-08-07,10344,960,3125"
"INV00166,H002,Benha General Hospital,MED066,DNS,IV Fluids,B,Room Temperature,B899666,2024-04-03,2026-04-03,9423,960,2537"
"INV00167,H002,Benha General Hospital,MED067,Sterile Water,IV Fluids,C,Room Temperature,B932946,2024-01-26,2026-01-26,9403,960,3509"
"INV00168,H002,Benha General Hospital,MED068,Mannitol,IV Fluids,B,Room Temperature,B164323,2024-04-27,2026-04-27,9673,960,2606"
"INV00169,H002,Benha General Hospital,MED069,Albumin,IV Fluids,C,Room Temperature,B954016,2024-02-16,2026-02-16,10386,960,2836"
"INV00170,H002,Benha General Hospital,MED070,Plasma Expander,IV Fluids,A,Room Temperature,B656542,2024-05-18,2026-05-18,9915,960,2897"
"INV00171,H002,Benha General Hospital,MED071,Adrenaline,Emergency,C,Room Temperature,B814743,2024-06-26,2026-06-26,2720,180,1715"
"INV00172,H002,Benha General Hospital,MED072,Atropine,Emergency,C,Room Temperature,B105287,2024-01-13,2026-01-13,1924,180,1038"
"INV00173,H002,Benha General Hospital,MED073,Dopamine,Emergency,A,Room Temperature,B872042,2024-11-24,2026-11-24,1991,180,1404"
"INV00174,H002,Benha General Hospital,MED074,Dobutamine,Emergency,C,Room Temperature,B142078,2024-04-03,2026-04-03,2538,180,1537"
"INV00175,H002,Benha General Hospital,MED075,Nitroglycerin,Emergency,C,Room Temperature,B429588,2024-11-29,2026-11-29,3027,180,1309"
"INV00176,H002,Benha General Hospital,MED076,Amiodarone,Emergency,B,Room Temperature,B872608,2024-02-04,2026-02-04,2305,180,1778"
"INV00177,H002,Benha General Hospital,MED077,Lidocaine,Emergency,C,Room Temperature,B632295,2024-12-14,2026-12-14,2415,180,1873"
"INV00178,H002,Benha General Hospital,MED078,Calcium Gluconate,Emergency,B,Room Temperature,B879554,2024-10-12,2026-10-12,2081,180,1845"
"INV00179,H002,Benha General Hospital,MED079,Magnesium Sulfate,Emergency,A,Room Temperature,B599097,2024-03-18,2026-03-18,2512,180,1249"
"INV00180,H002,Benha General Hospital,MED080,Naloxone,Emergency,B,Room Temperature,B618545,2024-03-29,2026-03-29,2733,180,1007"
"INV00181,H002,Benha General Hospital,MED081,Omeprazole,Gastrointestinal,B,Room Temperature,B243026,2024-10-14,2027-10-14,4418,480,2029"
"INV00182,H002,Benha General Hospital,MED082,Pantoprazole,Gastrointestinal,A,Room Temperature,B692016,2024-06-01,2027-06-01,5024,480,1820"
"INV00183,H002,Benha General Hospital,MED083,Esomeprazole,Gastrointestinal,B,Room Temperature,B192263,2024-11-04,2027-11-04,4392,480,2380"
"INV00184,H002,Benha General Hospital,MED084,Famotidine,Gastrointestinal,A,Room Temperature,B910951,2024-06-27,2027-06-27,4243,480,1741"
"INV00185,H002,Benha General Hospital,MED085,Domperidone,Gastrointestinal,C,Room Temperature,B367552,2024-06-05,2027-06-05,5278,480,2286"
"INV00186,H002,Benha General Hospital,MED086,Ondansetron,Gastrointestinal,C,Room Temperature,B984152,2024-02-07,2027-02-07,5638,480,2036"
"INV00187,H002,Benha General Hospital,MED087,Lactulose,Gastrointestinal,B,Room Temperature,B465821,2024-10-15,2027-10-15,5001,480,2295"
"INV00188,H002,Benha General Hospital,MED088,ORS,Gastrointestinal,C,Room Temperature,B274944,2024-05-02,2027-05-02,4514,480,1942"
"INV00189,H002,Benha General Hospital,MED089,Loperamide,Gastrointestinal,A,Room Temperature,B302967,2024-08-15,2027-08-15,4312,480,2214"
"INV00190,H002,Benha General Hospital,MED090,Hyoscine,Gastrointestinal,C,Room Temperature,B184291,2024-02-16,2027-02-16,4676,480,1421"
"INV00191,H002,Benha General Hospital,MED091,Hepatitis B Vaccine,Vaccines,Cold Room,Cold Chain,B532882,2024-04-24,2025-04-24,2185,180,1189"
"INV00192,H002,Benha General Hospital,MED092,BCG Vaccine,Vaccines,Cold Room,Cold Chain,B695603,2024-03-09,2025-03-09,2530,180,1439"
"INV00193,H002,Benha General Hospital,MED093,MMR Vaccine,Vaccines,Cold Room,Cold Chain,B155318,2024-05-13,2025-05-13,2681,180,1382"
"INV00194,H002,Benha General Hospital,MED094,Tetanus Vaccine,Vaccines,Cold Room,Cold Chain,B306988,2024-08-05,2025-08-05,2288,180,1375"
"INV00195,H002,Benha General Hospital,MED095,Influenza Vaccine,Vaccines,Cold Room,Cold Chain,B191751,2024-04-20,2025-04-20,2623,180,1938"
"INV00196,H002,Benha General Hospital,MED096,Propofol,Anesthesia,A,Room Temperature,B295716,2024-11-19,2026-11-19,2831,180,1400"
"INV00197,H002,Benha General Hospital,MED097,Ketamine,Anesthesia,C,Room Temperature,B820670,2024-04-01,2026-04-01,2870,180,1113"
"INV00198,H002,Benha General Hospital,MED098,Midazolam,Anesthesia,B,Room Temperature,B562120,2024-10-22,2026-10-22,2359,180,1046"
"INV00199,H002,Benha General Hospital,MED099,Thiopental,Anesthesia,C,Room Temperature,B232717,2024-04-10,2026-04-10,2179,180,1780"
"INV00200,H002,Benha General Hospital,MED100,Succinylcholine,Anesthesia,C,Room Temperature,B808533,2024-11-14,2026-11-14,2311,180,1071"
"INV00201,H003,Qanater Central Hospital,MED001,Paracetamol 500 mg Tablet,Analgesics,C,Room Temperature,B157545,2024-11-04,2027-11-04,9627,800,2693"
"INV00202,H003,Qanater Central Hospital,MED002,Paracetamol IV Infusion,Analgesics,A,Room Temperature,B950163,2024-03-03,2027-03-03,7540,800,2513"
"INV00203,H003,Qanater Central Hospital,MED003,Ibuprofen 400 mg Tablet,Analgesics,A,Room Temperature,B632954,2024-07-28,2027-07-28,10094,800,2723"
"INV00204,H003,Qanater Central Hospital,MED004,Diclofenac Sodium Injection,Analgesics,B,Room Temperature,B752026,2024-12-29,2027-12-29,9380,800,3177"
"INV00205,H003,Qanater Central Hospital,MED005,Diclofenac Tablet,Analgesics,A,Room Temperature,B906388,2024-06-28,2027-06-28,10214,800,3566"
"INV00206,H003,Qanater Central Hospital,MED006,Ketorolac Injection,Analgesics,C,Room Temperature,B765755,2024-06-02,2027-06-02,9624,800,3327"
"INV00207,H003,Qanater Central Hospital,MED007,Tramadol Injection,Analgesics,C,Room Temperature,B857907,2024-06-25,2027-06-25,9968,800,2798"
"INV00208,H003,Qanater Central Hospital,MED008,Morphine Injection,Analgesics,A,Room Temperature,B251878,2024-02-18,2027-02-18,9602,800,2131"
"INV00209,H003,Qanater Central Hospital,MED009,Aspirin 81 mg Tablet,Analgesics,C,Room Temperature,B193501,2024-07-29,2027-07-29,8357,800,3562"
"INV00210,H003,Qanater Central Hospital,MED010,Aspirin 300 mg Tablet,Analgesics,B,Room Temperature,B697135,2024-10-12,2027-10-12,9059,800,2085"
"INV00211,H003,Qanater Central Hospital,MED011,Amoxicillin 500 mg,Antibiotics,B,Room Temperature,B357009,2024-06-23,2026-06-23,10173,800,2707"
"INV00212,H003,Qanater Central Hospital,MED012,Amoxicillin-Clavulanate,Antibiotics,A,Room Temperature,B400709,2024-08-09,2026-08-09,9855,800,1950"
"INV00213,H003,Qanater Central Hospital,MED013,Ceftriaxone 1 g,Antibiotics,A,Room Temperature,B402950,2024-02-24,2026-02-24,9693,800,2579"
"INV00214,H003,Qanater Central Hospital,MED014,Cefotaxime,Antibiotics,B,Room Temperature,B283675,2024-06-10,2026-06-10,9466,800,3139"
"INV00215,H003,Qanater Central Hospital,MED015,Cefuroxime,Antibiotics,B,Room Temperature,B209575,2024-12-14,2026-12-14,8346,800,2083"
"INV00216,H003,Qanater Central Hospital,MED016,Azithromycin,Antibiotics,A,Room Temperature,B870044,2024-09-11,2026-09-11,9976,800,3444"
"INV00217,H003,Qanater Central Hospital,MED017,Clarithromycin,Antibiotics,A,Room Temperature,B139986,2024-03-07,2026-03-07,9178,800,1997"
"INV00218,H003,Qanater Central Hospital,MED018,Ciprofloxacin,Antibiotics,A,Room Temperature,B525037,2024-03-28,2026-03-28,10092,800,2836"
"INV00219,H003,Qanater Central Hospital,MED019,Levofloxacin,Antibiotics,C,Room Temperature,B745588,2024-06-13,2026-06-13,9835,800,3392"
"INV00220,H003,Qanater Central Hospital,MED020,Metronidazole IV,Antibiotics,A,Room Temperature,B890857,2024-01-07,2026-01-07,9934,800,3349"
"INV00221,H003,Qanater Central Hospital,MED021,Vancomycin,Antibiotics,A,Room Temperature,B267292,2024-04-21,2025-10-21,2042,150,1066"
"INV00222,H003,Qanater Central Hospital,MED022,Meropenem,Antibiotics,C,Room Temperature,B360910,2024-01-02,2025-07-02,2181,150,1119"
"INV00223,H003,Qanater Central Hospital,MED023,Imipenem,Antibiotics,B,Room Temperature,B989302,2024-07-13,2026-01-13,2826,150,1318"
"INV00224,H003,Qanater Central Hospital,MED024,Piperacillin/Tazobactam,Antibiotics,A,Room Temperature,B294269,2024-09-12,2026-03-12,8920,800,3365"
"INV00225,H003,Qanater Central Hospital,MED025,Colistin,Antibiotics,C,Room Temperature,B356713,2024-12-07,2026-06-07,2030,150,1870"
"INV00226,H003,Qanater Central Hospital,MED026,Regular Insulin,Diabetes,Cold Room,Cold Chain,B807280,2024-05-07,2026-05-07,4695,400,1942"
"INV00227,H003,Qanater Central Hospital,MED027,NPH Insulin,Diabetes,Cold Room,Cold Chain,B986040,2024-08-24,2026-08-24,4855,400,1731"
"INV00228,H003,Qanater Central Hospital,MED028,Insulin Glargine,Diabetes,Cold Room,Cold Chain,B942393,2024-01-04,2026-01-04,5033,400,1563"
"INV00229,H003,Qanater Central Hospital,MED029,Metformin 500 mg,Diabetes,A,Room Temperature,B444138,2024-10-19,2026-10-19,5273,400,2340"
"INV00230,H003,Qanater Central Hospital,MED030,Metformin 850 mg,Diabetes,A,Room Temperature,B655941,2024-02-10,2026-02-10,4577,400,1569"
"INV00231,H003,Qanater Central Hospital,MED031,Gliclazide,Diabetes,C,Room Temperature,B625910,2024-03-16,2026-03-16,4274,400,2108"
"INV00232,H003,Qanater Central Hospital,MED032,Glimepiride,Diabetes,B,Room Temperature,B129402,2024-05-13,2026-05-13,4389,400,1577"
"INV00233,H003,Qanater Central Hospital,MED033,Glibenclamide,Diabetes,C,Room Temperature,B397881,2024-06-21,2026-06-21,4496,400,2006"
"INV00234,H003,Qanater Central Hospital,MED034,Sitagliptin,Diabetes,A,Room Temperature,B201371,2024-05-09,2026-05-09,5289,400,2183"
"INV00235,H003,Qanater Central Hospital,MED035,Empagliflozin,Diabetes,B,Room Temperature,B677564,2024-10-08,2026-10-08,4909,400,1613"
"INV00236,H003,Qanater Central Hospital,MED036,Amlodipine,Cardiovascular,C,Room Temperature,B322320,2024-06-12,2027-06-12,4099,400,1797"
"INV00237,H003,Qanater Central Hospital,MED037,Captopril,Cardiovascular,C,Room Temperature,B808662,2024-04-07,2027-04-07,4058,400,1507"
"INV00238,H003,Qanater Central Hospital,MED038,Enalapril,Cardiovascular,B,Room Temperature,B305550,2024-02-05,2027-02-05,4640,400,2285"
"INV00239,H003,Qanater Central Hospital,MED039,Losartan,Cardiovascular,A,Room Temperature,B221789,2024-12-02,2027-12-02,3835,400,1683"
"INV00240,H003,Qanater Central Hospital,MED040,Valsartan,Cardiovascular,C,Room Temperature,B599137,2024-06-02,2027-06-02,5006,400,1782"
"INV00241,H003,Qanater Central Hospital,MED041,Bisoprolol,Cardiovascular,C,Room Temperature,B658296,2024-05-08,2027-05-08,4981,400,1509"
"INV00242,H003,Qanater Central Hospital,MED042,Metoprolol,Cardiovascular,C,Room Temperature,B124354,2024-02-08,2027-02-08,4868,400,1188"
"INV00243,H003,Qanater Central Hospital,MED043,Atenolol,Cardiovascular,A,Room Temperature,B713217,2024-04-11,2027-04-11,4144,400,1272"
"INV00244,H003,Qanater Central Hospital,MED044,Furosemide,Cardiovascular,C,Room Temperature,B528988,2024-10-31,2027-10-31,5226,400,2474"
"INV00245,H003,Qanater Central Hospital,MED045,Spironolactone,Cardiovascular,B,Room Temperature,B251563,2024-10-29,2027-10-29,4812,400,1664"
"INV00246,H003,Qanater Central Hospital,MED046,Hydrochlorothiazide,Cardiovascular,B,Room Temperature,B111344,2024-05-28,2027-05-28,4362,400,2272"
"INV00247,H003,Qanater Central Hospital,MED047,Atorvastatin,Cardiovascular,C,Room Temperature,B286833,2024-01-25,2027-01-25,5041,400,1791"
"INV00248,H003,Qanater Central Hospital,MED048,Rosuvastatin,Cardiovascular,C,Room Temperature,B616142,2024-12-30,2027-12-30,4192,400,2104"
"INV00249,H003,Qanater Central Hospital,MED049,Clopidogrel,Cardiovascular,B,Room Temperature,B418420,2024-10-08,2027-10-08,4913,400,1797"
"INV00250,H003,Qanater Central Hospital,MED050,Warfarin,Cardiovascular,B,Room Temperature,B386214,2024-04-26,2027-04-26,4267,400,1570"
"INV00251,H003,Qanater Central Hospital,MED051,Salbutamol Inhaler,Respiratory,C,Room Temperature,B850294,2024-11-10,2026-11-10,3988,400,1628"
"INV00252,H003,Qanater Central Hospital,MED052,Budesonide Inhaler,Respiratory,B,Room Temperature,B711600,2024-04-12,2026-04-12,4270,400,1884"
"INV00253,H003,Qanater Central Hospital,MED053,Ipratropium,Respiratory,A,Room Temperature,B550348,2024-07-06,2026-07-06,4991,400,2220"
"INV00254,H003,Qanater Central Hospital,MED054,Montelukast,Respiratory,A,Room Temperature,B909942,2024-07-01,2026-07-01,4715,400,2177"
"INV00255,H003,Qanater Central Hospital,MED055,Theophylline,Respiratory,A,Room Temperature,B941052,2024-01-04,2026-01-04,4821,400,1931"
"INV00256,H003,Qanater Central Hospital,MED056,Acetylcysteine,Respiratory,A,Room Temperature,B311837,2024-04-17,2026-04-17,4904,400,1975"
"INV00257,H003,Qanater Central Hospital,MED057,Ambroxol,Respiratory,B,Room Temperature,B915862,2024-09-07,2026-09-07,4312,400,1891"
"INV00258,H003,Qanater Central Hospital,MED058,Dexamethasone Neb,Respiratory,A,Room Temperature,B993741,2024-02-08,2026-02-08,4411,400,1915"
"INV00259,H003,Qanater Central Hospital,MED059,Prednisolone,Respiratory,C,Room Temperature,B293259,2024-09-01,2026-09-01,4801,400,1487"
"INV00260,H003,Qanater Central Hospital,MED060,Hydrocortisone,Respiratory,C,Room Temperature,B729661,2024-09-22,2026-09-22,4897,400,1801"
"INV00261,H003,Qanater Central Hospital,MED061,Normal Saline,IV Fluids,A,Room Temperature,B132733,2024-03-05,2026-03-05,9500,800,2797"
"INV00262,H003,Qanater Central Hospital,MED062,Ringer Lactate,IV Fluids,C,Room Temperature,B999005,2024-11-19,2026-11-19,8508,800,2299"
"INV00263,H003,Qanater Central Hospital,MED063,Dextrose 5%,IV Fluids,A,Room Temperature,B497710,2024-03-13,2026-03-13,7070,800,2660"
"INV00264,H003,Qanater Central Hospital,MED064,Dextrose 10%,IV Fluids,A,Room Temperature,B143001,2024-07-05,2026-07-05,10129,800,2488"
"INV00265,H003,Qanater Central Hospital,MED065,Half Saline,IV Fluids,A,Room Temperature,B811998,2024-10-21,2026-10-21,8892,800,2314"
"INV00266,H003,Qanater Central Hospital,MED066,DNS,IV Fluids,C,Room Temperature,B966867,2024-07-17,2026-07-17,9144,800,1948"
"INV00267,H003,Qanater Central Hospital,MED067,Sterile Water,IV Fluids,C,Room Temperature,B531413,2024-03-03,2026-03-03,9012,800,3073"
"INV00268,H003,Qanater Central Hospital,MED068,Mannitol,IV Fluids,A,Room Temperature,B161665,2024-04-16,2026-04-16,10389,800,3015"
"INV00269,H003,Qanater Central Hospital,MED069,Albumin,IV Fluids,A,Room Temperature,B245271,2024-09-15,2026-09-15,9439,800,2758"
"INV00270,H003,Qanater Central Hospital,MED070,Plasma Expander,IV Fluids,A,Room Temperature,B555699,2024-04-08,2026-04-08,8455,800,2386"
"INV00271,H003,Qanater Central Hospital,MED071,Adrenaline,Emergency,A,Room Temperature,B474999,2024-06-26,2026-06-26,2551,150,1493"
"INV00272,H003,Qanater Central Hospital,MED072,Atropine,Emergency,B,Room Temperature,B395804,2024-04-29,2026-04-29,2400,150,1709"
"INV00273,H003,Qanater Central Hospital,MED073,Dopamine,Emergency,A,Room Temperature,B773034,2024-04-07,2026-04-07,2499,150,1197"
"INV00274,H003,Qanater Central Hospital,MED074,Dobutamine,Emergency,C,Room Temperature,B427304,2024-01-29,2026-01-29,2027,150,1809"
"INV00275,H003,Qanater Central Hospital,MED075,Nitroglycerin,Emergency,A,Room Temperature,B932974,2024-01-09,2026-01-09,2020,150,1042"
"INV00276,H003,Qanater Central Hospital,MED076,Amiodarone,Emergency,B,Room Temperature,B125559,2024-08-13,2026-08-13,2387,150,1792"
"INV00277,H003,Qanater Central Hospital,MED077,Lidocaine,Emergency,C,Room Temperature,B212217,2024-06-24,2026-06-24,2665,150,1021"
"INV00278,H003,Qanater Central Hospital,MED078,Calcium Gluconate,Emergency,B,Room Temperature,B972388,2024-10-10,2026-10-10,2032,150,1641"
"INV00279,H003,Qanater Central Hospital,MED079,Magnesium Sulfate,Emergency,A,Room Temperature,B626684,2024-11-13,2026-11-13,2660,150,967"
"INV00280,H003,Qanater Central Hospital,MED080,Naloxone,Emergency,C,Room Temperature,B433863,2024-12-19,2026-12-19,2616,150,815"
"INV00281,H003,Qanater Central Hospital,MED081,Omeprazole,Gastrointestinal,A,Room Temperature,B823035,2024-06-16,2027-06-16,5187,400,1779"
"INV00282,H003,Qanater Central Hospital,MED082,Pantoprazole,Gastrointestinal,C,Room Temperature,B526346,2024-09-25,2027-09-25,4343,400,1986"
"INV00283,H003,Qanater Central Hospital,MED083,Esomeprazole,Gastrointestinal,C,Room Temperature,B169274,2024-07-09,2027-07-09,5192,400,2021"
"INV00284,H003,Qanater Central Hospital,MED084,Famotidine,Gastrointestinal,C,Room Temperature,B174553,2024-02-14,2027-02-14,4285,400,2120"
"INV00285,H003,Qanater Central Hospital,MED085,Domperidone,Gastrointestinal,B,Room Temperature,B570452,2024-12-28,2027-12-28,4551,400,1831"
"INV00286,H003,Qanater Central Hospital,MED086,Ondansetron,Gastrointestinal,A,Room Temperature,B289004,2024-07-24,2027-07-24,4324,400,1732"
"INV00287,H003,Qanater Central Hospital,MED087,Lactulose,Gastrointestinal,B,Room Temperature,B175418,2024-02-15,2027-02-15,4204,400,1924"
"INV00288,H003,Qanater Central Hospital,MED088,ORS,Gastrointestinal,B,Room Temperature,B268383,2024-12-19,2027-12-19,4547,400,1411"
"INV00289,H003,Qanater Central Hospital,MED089,Loperamide,Gastrointestinal,A,Room Temperature,B580488,2024-03-14,2027-03-14,5081,400,1962"
"INV00290,H003,Qanater Central Hospital,MED090,Hyoscine,Gastrointestinal,A,Room Temperature,B715645,2024-11-30,2027-11-30,5061,400,1936"
"INV00291,H003,Qanater Central Hospital,MED091,Hepatitis B Vaccine,Vaccines,Cold Room,Cold Chain,B538755,2024-12-17,2025-12-17,2321,150,1810"
"INV00292,H003,Qanater Central Hospital,MED092,BCG Vaccine,Vaccines,Cold Room,Cold Chain,B426032,2024-01-12,2025-01-12,1895,150,939"
"INV00293,H003,Qanater Central Hospital,MED093,MMR Vaccine,Vaccines,Cold Room,Cold Chain,B476826,2024-04-29,2025-04-29,2395,150,1484"
"INV00294,H003,Qanater Central Hospital,MED094,Tetanus Vaccine,Vaccines,Cold Room,Cold Chain,B776555,2024-10-11,2025-10-11,2268,150,1577"
"INV00295,H003,Qanater Central Hospital,MED095,Influenza Vaccine,Vaccines,Cold Room,Cold Chain,B943804,2024-01-07,2025-01-07,2287,150,1259"
"INV00296,H003,Qanater Central Hospital,MED096,Propofol,Anesthesia,A,Room Temperature,B327286,2024-02-27,2026-02-27,2159,150,1147"
"INV00297,H003,Qanater Central Hospital,MED097,Ketamine,Anesthesia,C,Room Temperature,B769648,2024-01-04,2026-01-04,2899,150,1209"
"INV00298,H003,Qanater Central Hospital,MED098,Midazolam,Anesthesia,B,Room Temperature,B438076,2024-10-11,2026-10-11,2345,150,1008"
"INV00299,H003,Qanater Central Hospital,MED099,Thiopental,Anesthesia,B,Room Temperature,B384186,2024-03-24,2026-03-24,2407,150,1515"
"INV00300,H003,Qanater Central Hospital,MED100,Succinylcholine,Anesthesia,B,Room Temperature,B395900,2024-04-01,2026-04-01,2689,150,1374"
"INV00301,H004,Toukh Central Hospital,MED001,Paracetamol 500 mg Tablet,Analgesics,B,Room Temperature,B673189,2024-03-24,2027-03-24,9741,800,2762"
"INV00302,H004,Toukh Central Hospital,MED002,Paracetamol IV Infusion,Analgesics,B,Room Temperature,B803650,2024-06-10,2027-06-10,8521,800,3248"
"INV00303,H004,Toukh Central Hospital,MED003,Ibuprofen 400 mg Tablet,Analgesics,C,Room Temperature,B516235,2024-09-27,2027-09-27,9627,800,3483"
"INV00304,H004,Toukh Central Hospital,MED004,Diclofenac Sodium Injection,Analgesics,A,Room Temperature,B529660,2024-05-24,2027-05-24,8875,800,2283"
"INV00305,H004,Toukh Central Hospital,MED005,Diclofenac Tablet,Analgesics,C,Room Temperature,B817148,2024-07-17,2027-07-17,10056,800,2833"
"INV00306,H004,Toukh Central Hospital,MED006,Ketorolac Injection,Analgesics,C,Room Temperature,B886958,2024-02-15,2027-02-15,9943,800,3244"
"INV00307,H004,Toukh Central Hospital,MED007,Tramadol Injection,Analgesics,C,Room Temperature,B658819,2024-08-23,2027-08-23,9713,800,2673"
"INV00308,H004,Toukh Central Hospital,MED008,Morphine Injection,Analgesics,A,Room Temperature,B754037,2024-11-14,2027-11-14,9200,800,2934"
"INV00309,H004,Toukh Central Hospital,MED009,Aspirin 81 mg Tablet,Analgesics,A,Room Temperature,B354346,2024-03-12,2027-03-12,9509,800,2829"
"INV00310,H004,Toukh Central Hospital,MED010,Aspirin 300 mg Tablet,Analgesics,B,Room Temperature,B257661,2024-09-30,2027-09-30,9688,800,3429"
"INV00311,H004,Toukh Central Hospital,MED011,Amoxicillin 500 mg,Antibiotics,C,Room Temperature,B106154,2024-02-01,2026-02-01,9273,800,2115"
"INV00312,H004,Toukh Central Hospital,MED012,Amoxicillin-Clavulanate,Antibiotics,B,Room Temperature,B264053,2024-09-23,2026-09-23,10198,800,2963"
"INV00313,H004,Toukh Central Hospital,MED013,Ceftriaxone 1 g,Antibiotics,A,Room Temperature,B793919,2024-02-15,2026-02-15,8117,800,3337"
"INV00314,H004,Toukh Central Hospital,MED014,Cefotaxime,Antibiotics,A,Room Temperature,B436585,2024-06-09,2026-06-09,8798,800,2850"
"INV00315,H004,Toukh Central Hospital,MED015,Cefuroxime,Antibiotics,A,Room Temperature,B998792,2024-08-12,2026-08-12,9410,800,2215"
"INV00316,H004,Toukh Central Hospital,MED016,Azithromycin,Antibiotics,A,Room Temperature,B836421,2024-07-12,2026-07-12,8385,800,2074"
"INV00317,H004,Toukh Central Hospital,MED017,Clarithromycin,Antibiotics,C,Room Temperature,B109078,2024-04-15,2026-04-15,9129,800,2422"
"INV00318,H004,Toukh Central Hospital,MED018,Ciprofloxacin,Antibiotics,B,Room Temperature,B495141,2024-05-02,2026-05-02,8725,800,2168"
"INV00319,H004,Toukh Central Hospital,MED019,Levofloxacin,Antibiotics,A,Room Temperature,B427025,2024-02-10,2026-02-10,7966,800,2027"
"INV00320,H004,Toukh Central Hospital,MED020,Metronidazole IV,Antibiotics,B,Room Temperature,B506845,2024-11-13,2026-11-13,9162,800,3391"
"INV00321,H004,Toukh Central Hospital,MED021,Vancomycin,Antibiotics,A,Room Temperature,B198511,2024-03-24,2025-09-24,2148,150,1229"
"INV00322,H004,Toukh Central Hospital,MED022,Meropenem,Antibiotics,B,Room Temperature,B252360,2024-01-03,2025-07-03,2351,150,1434"
"INV00323,H004,Toukh Central Hospital,MED023,Imipenem,Antibiotics,B,Room Temperature,B241398,2024-01-12,2025-07-12,2777,150,1879"
"INV00324,H004,Toukh Central Hospital,MED024,Piperacillin/Tazobactam,Antibiotics,A,Room Temperature,B251094,2024-05-26,2025-11-26,9468,800,2610"
"INV00325,H004,Toukh Central Hospital,MED025,Colistin,Antibiotics,A,Room Temperature,B364500,2024-04-28,2025-10-28,2549,150,1580"
"INV00326,H004,Toukh Central Hospital,MED026,Regular Insulin,Diabetes,Cold Room,Cold Chain,B887093,2024-07-29,2026-07-29,4287,400,2307"
"INV00327,H004,Toukh Central Hospital,MED027,NPH Insulin,Diabetes,Cold Room,Cold Chain,B441705,2024-05-10,2026-05-10,5443,400,1819"
"INV00328,H004,Toukh Central Hospital,MED028,Insulin Glargine,Diabetes,Cold Room,Cold Chain,B591872,2024-07-25,2026-07-25,4123,400,2089"
"INV00329,H004,Toukh Central Hospital,MED029,Metformin 500 mg,Diabetes,B,Room Temperature,B960563,2024-01-24,2026-01-24,4517,400,1451"
"INV00330,H004,Toukh Central Hospital,MED030,Metformin 850 mg,Diabetes,C,Room Temperature,B476369,2024-05-31,2026-05-31,5026,400,2168"
"INV00331,H004,Toukh Central Hospital,MED031,Gliclazide,Diabetes,A,Room Temperature,B667873,2024-08-15,2026-08-15,5170,400,1835"
"INV00332,H004,Toukh Central Hospital,MED032,Glimepiride,Diabetes,A,Room Temperature,B379922,2024-08-30,2026-08-30,4272,400,1793"
"INV00333,H004,Toukh Central Hospital,MED033,Glibenclamide,Diabetes,C,Room Temperature,B360116,2024-08-24,2026-08-24,4463,400,1984"
"INV00334,H004,Toukh Central Hospital,MED034,Sitagliptin,Diabetes,C,Room Temperature,B297133,2024-10-24,2026-10-24,4359,400,2129"
"INV00335,H004,Toukh Central Hospital,MED035,Empagliflozin,Diabetes,A,Room Temperature,B790493,2024-02-10,2026-02-10,4455,400,2225"
"INV00336,H004,Toukh Central Hospital,MED036,Amlodipine,Cardiovascular,A,Room Temperature,B540280,2024-08-18,2027-08-18,4896,400,1681"
"INV00337,H004,Toukh Central Hospital,MED037,Captopril,Cardiovascular,A,Room Temperature,B847512,2024-12-10,2027-12-10,4599,400,1311"
"INV00338,H004,Toukh Central Hospital,MED038,Enalapril,Cardiovascular,A,Room Temperature,B505804,2024-06-12,2027-06-12,4926,400,1438"
"INV00339,H004,Toukh Central Hospital,MED039,Losartan,Cardiovascular,B,Room Temperature,B444333,2024-04-27,2027-04-27,4998,400,1991"
"INV00340,H004,Toukh Central Hospital,MED040,Valsartan,Cardiovascular,B,Room Temperature,B119816,2024-12-15,2027-12-15,4338,400,2481"
"INV00341,H004,Toukh Central Hospital,MED041,Bisoprolol,Cardiovascular,B,Room Temperature,B471000,2024-01-01,2027-01-01,4401,400,1982"
"INV00342,H004,Toukh Central Hospital,MED042,Metoprolol,Cardiovascular,A,Room Temperature,B417348,2024-04-16,2027-04-16,5070,400,1686"
"INV00343,H004,Toukh Central Hospital,MED043,Atenolol,Cardiovascular,B,Room Temperature,B441815,2024-02-13,2027-02-13,4199,400,1887"
"INV00344,H004,Toukh Central Hospital,MED044,Furosemide,Cardiovascular,A,Room Temperature,B543324,2024-09-07,2027-09-07,4486,400,1918"
"INV00345,H004,Toukh Central Hospital,MED045,Spironolactone,Cardiovascular,A,Room Temperature,B258492,2024-10-08,2027-10-08,4165,400,1281"
"INV00346,H004,Toukh Central Hospital,MED046,Hydrochlorothiazide,Cardiovascular,B,Room Temperature,B858842,2024-09-01,2027-09-01,4787,400,1631"
"INV00347,H004,Toukh Central Hospital,MED047,Atorvastatin,Cardiovascular,A,Room Temperature,B348500,2024-10-02,2027-10-02,4277,400,1234"
"INV00348,H004,Toukh Central Hospital,MED048,Rosuvastatin,Cardiovascular,B,Room Temperature,B975825,2024-08-04,2027-08-04,4171,400,1541"
"INV00349,H004,Toukh Central Hospital,MED049,Clopidogrel,Cardiovascular,B,Room Temperature,B633398,2024-06-26,2027-06-26,4277,400,1757"
"INV00350,H004,Toukh Central Hospital,MED050,Warfarin,Cardiovascular,B,Room Temperature,B394700,2024-05-05,2027-05-05,5089,400,1868"
"INV00351,H004,Toukh Central Hospital,MED051,Salbutamol Inhaler,Respiratory,B,Room Temperature,B896657,2024-01-08,2026-01-08,4905,400,2308"
"INV00352,H004,Toukh Central Hospital,MED052,Budesonide Inhaler,Respiratory,B,Room Temperature,B900101,2024-12-17,2026-12-17,4332,400,1946"
"INV00353,H004,Toukh Central Hospital,MED053,Ipratropium,Respiratory,C,Room Temperature,B596758,2024-07-11,2026-07-11,5234,400,2516"
"INV00354,H004,Toukh Central Hospital,MED054,Montelukast,Respiratory,C,Room Temperature,B386233,2024-05-24,2026-05-24,4484,400,1358"
"INV00355,H004,Toukh Central Hospital,MED055,Theophylline,Respiratory,C,Room Temperature,B530424,2024-11-23,2026-11-23,4750,400,2362"
"INV00356,H004,Toukh Central Hospital,MED056,Acetylcysteine,Respiratory,C,Room Temperature,B572132,2024-02-22,2026-02-22,4593,400,1810"
"INV00357,H004,Toukh Central Hospital,MED057,Ambroxol,Respiratory,C,Room Temperature,B599653,2024-07-10,2026-07-10,4246,400,2259"
"INV00358,H004,Toukh Central Hospital,MED058,Dexamethasone Neb,Respiratory,B,Room Temperature,B782568,2024-06-24,2026-06-24,4862,400,1871"
"INV00359,H004,Toukh Central Hospital,MED059,Prednisolone,Respiratory,A,Room Temperature,B476188,2024-04-07,2026-04-07,4475,400,1876"
"INV00360,H004,Toukh Central Hospital,MED060,Hydrocortisone,Respiratory,A,Room Temperature,B983084,2024-03-22,2026-03-22,3877,400,1147"
"INV00361,H004,Toukh Central Hospital,MED061,Normal Saline,IV Fluids,B,Room Temperature,B494583,2024-05-08,2026-05-08,9664,800,2799"
"INV00362,H004,Toukh Central Hospital,MED062,Ringer Lactate,IV Fluids,A,Room Temperature,B127723,2024-03-05,2026-03-05,9173,800,3164"
"INV00363,H004,Toukh Central Hospital,MED063,Dextrose 5%,IV Fluids,A,Room Temperature,B990328,2024-04-02,2026-04-02,7632,800,3177"
"INV00364,H004,Toukh Central Hospital,MED064,Dextrose 10%,IV Fluids,C,Room Temperature,B949881,2024-04-11,2026-04-11,9288,800,2888"
"INV00365,H004,Toukh Central Hospital,MED065,Half Saline,IV Fluids,C,Room Temperature,B387681,2024-11-25,2026-11-25,10624,800,3915"
"INV00366,H004,Toukh Central Hospital,MED066,DNS,IV Fluids,C,Room Temperature,B266703,2024-11-23,2026-11-23,10196,800,3327"
"INV00367,H004,Toukh Central Hospital,MED067,Sterile Water,IV Fluids,A,Room Temperature,B394923,2024-06-01,2026-06-01,9386,800,2428"
"INV00368,H004,Toukh Central Hospital,MED068,Mannitol,IV Fluids,C,Room Temperature,B671107,2024-10-26,2026-10-26,9904,800,3640"
"INV00369,H004,Toukh Central Hospital,MED069,Albumin,IV Fluids,B,Room Temperature,B553105,2024-10-28,2026-10-28,9961,800,2645"
"INV00370,H004,Toukh Central Hospital,MED070,Plasma Expander,IV Fluids,A,Room Temperature,B159182,2024-04-16,2026-04-16,9694,800,2218"
"INV00371,H004,Toukh Central Hospital,MED071,Adrenaline,Emergency,A,Room Temperature,B923346,2024-07-21,2026-07-21,2546,150,1587"
"INV00372,H004,Toukh Central Hospital,MED072,Atropine,Emergency,C,Room Temperature,B540097,2024-10-01,2026-10-01,1904,150,1329"
"INV00373,H004,Toukh Central Hospital,MED073,Dopamine,Emergency,B,Room Temperature,B848013,2024-02-21,2026-02-21,2087,150,1328"
"INV00374,H004,Toukh Central Hospital,MED074,Dobutamine,Emergency,C,Room Temperature,B221999,2024-05-15,2026-05-15,2510,150,1145"
"INV00375,H004,Toukh Central Hospital,MED075,Nitroglycerin,Emergency,C,Room Temperature,B855801,2024-03-17,2026-03-17,2095,150,846"
"INV00376,H004,Toukh Central Hospital,MED076,Amiodarone,Emergency,A,Room Temperature,B279785,2024-04-17,2026-04-17,2053,150,1322"
"INV00377,H004,Toukh Central Hospital,MED077,Lidocaine,Emergency,A,Room Temperature,B934800,2024-11-07,2026-11-07,2724,150,1728"
"INV00378,H004,Toukh Central Hospital,MED078,Calcium Gluconate,Emergency,C,Room Temperature,B732259,2024-03-24,2026-03-24,2105,150,1026"
"INV00379,H004,Toukh Central Hospital,MED079,Magnesium Sulfate,Emergency,A,Room Temperature,B506889,2024-06-21,2026-06-21,1976,150,1215"
"INV00380,H004,Toukh Central Hospital,MED080,Naloxone,Emergency,A,Room Temperature,B265140,2024-04-27,2026-04-27,2668,150,1735"
"INV00381,H004,Toukh Central Hospital,MED081,Omeprazole,Gastrointestinal,A,Room Temperature,B700441,2024-01-10,2027-01-10,4001,400,1993"
"INV00382,H004,Toukh Central Hospital,MED082,Pantoprazole,Gastrointestinal,C,Room Temperature,B134084,2024-12-12,2027-12-12,4657,400,1872"
"INV00383,H004,Toukh Central Hospital,MED083,Esomeprazole,Gastrointestinal,A,Room Temperature,B262982,2024-02-29,2027-02-28,4740,400,2151"
"INV00384,H004,Toukh Central Hospital,MED084,Famotidine,Gastrointestinal,C,Room Temperature,B751844,2024-08-29,2027-08-29,4317,400,2010"
"INV00385,H004,Toukh Central Hospital,MED085,Domperidone,Gastrointestinal,A,Room Temperature,B966964,2024-04-28,2027-04-28,4742,400,2356"
"INV00386,H004,Toukh Central Hospital,MED086,Ondansetron,Gastrointestinal,B,Room Temperature,B191658,2024-06-08,2027-06-08,5017,400,2408"
"INV00387,H004,Toukh Central Hospital,MED087,Lactulose,Gastrointestinal,A,Room Temperature,B642015,2024-09-14,2027-09-14,4588,400,1929"
"INV00388,H004,Toukh Central Hospital,MED088,ORS,Gastrointestinal,C,Room Temperature,B394054,2024-05-04,2027-05-04,4856,400,1922"
"INV00389,H004,Toukh Central Hospital,MED089,Loperamide,Gastrointestinal,A,Room Temperature,B924899,2024-01-19,2027-01-19,4824,400,1962"
"INV00390,H004,Toukh Central Hospital,MED090,Hyoscine,Gastrointestinal,C,Room Temperature,B416397,2024-04-18,2027-04-18,4923,400,1402"
"INV00391,H004,Toukh Central Hospital,MED091,Hepatitis B Vaccine,Vaccines,Cold Room,Cold Chain,B655655,2024-03-13,2025-03-13,2533,150,1471"
"INV00392,H004,Toukh Central Hospital,MED092,BCG Vaccine,Vaccines,Cold Room,Cold Chain,B216492,2024-07-14,2025-07-14,2786,150,1933"
"INV00393,H004,Toukh Central Hospital,MED093,MMR Vaccine,Vaccines,Cold Room,Cold Chain,B235327,2024-01-27,2025-01-27,2119,150,1403"
"INV00394,H004,Toukh Central Hospital,MED094,Tetanus Vaccine,Vaccines,Cold Room,Cold Chain,B599499,2024-03-07,2025-03-07,2380,150,1460"
"INV00395,H004,Toukh Central Hospital,MED095,Influenza Vaccine,Vaccines,Cold Room,Cold Chain,B351051,2024-05-09,2025-05-09,2442,150,1833"
"INV00396,H004,Toukh Central Hospital,MED096,Propofol,Anesthesia,C,Room Temperature,B415507,2024-10-12,2026-10-12,2015,150,1222"
"INV00397,H004,Toukh Central Hospital,MED097,Ketamine,Anesthesia,A,Room Temperature,B935036,2024-11-28,2026-11-28,2009,150,1449"
"INV00398,H004,Toukh Central Hospital,MED098,Midazolam,Anesthesia,C,Room Temperature,B450877,2024-04-15,2026-04-15,2056,150,1154"
"INV00399,H004,Toukh Central Hospital,MED099,Thiopental,Anesthesia,A,Room Temperature,B270963,2024-05-15,2026-05-15,2510,150,1438"
"INV00400,H004,Toukh Central Hospital,MED100,Succinylcholine,Anesthesia,B,Room Temperature,B286994,2024-12-13,2026-12-13,2944,150,1214"
"INV00401,H005,Shibin El Qanater Central Hospital,MED001,Paracetamol 500 mg Tablet,Analgesics,C,Room Temperature,B796683,2024-09-04,2027-09-04,9877,800,3246"
"INV00402,H005,Shibin El Qanater Central Hospital,MED002,Paracetamol IV Infusion,Analgesics,C,Room Temperature,B891327,2024-08-18,2027-08-18,9429,800,2182"
"INV00403,H005,Shibin El Qanater Central Hospital,MED003,Ibuprofen 400 mg Tablet,Analgesics,C,Room Temperature,B618652,2024-08-13,2027-08-13,9934,800,3391"
"INV00404,H005,Shibin El Qanater Central Hospital,MED004,Diclofenac Sodium Injection,Analgesics,C,Room Temperature,B659873,2024-12-26,2027-12-26,9450,800,2535"
"INV00405,H005,Shibin El Qanater Central Hospital,MED005,Diclofenac Tablet,Analgesics,B,Room Temperature,B798045,2024-06-28,2027-06-28,9369,800,3227"
"INV00406,H005,Shibin El Qanater Central Hospital,MED006,Ketorolac Injection,Analgesics,B,Room Temperature,B826331,2024-05-22,2027-05-22,10250,800,3486"
"INV00407,H005,Shibin El Qanater Central Hospital,MED007,Tramadol Injection,Analgesics,A,Room Temperature,B767689,2024-02-18,2027-02-18,10123,800,2869"
"INV00408,H005,Shibin El Qanater Central Hospital,MED008,Morphine Injection,Analgesics,C,Room Temperature,B145033,2024-08-03,2027-08-03,9660,800,2618"
"INV00409,H005,Shibin El Qanater Central Hospital,MED009,Aspirin 81 mg Tablet,Analgesics,C,Room Temperature,B567016,2024-01-14,2027-01-14,8883,800,2569"
"INV00410,H005,Shibin El Qanater Central Hospital,MED010,Aspirin 300 mg Tablet,Analgesics,B,Room Temperature,B754801,2024-05-09,2027-05-09,9092,800,2829"
"INV00411,H005,Shibin El Qanater Central Hospital,MED011,Amoxicillin 500 mg,Antibiotics,A,Room Temperature,B556956,2024-10-07,2026-10-07,10465,800,3690"
"INV00412,H005,Shibin El Qanater Central Hospital,MED012,Amoxicillin-Clavulanate,Antibiotics,B,Room Temperature,B322317,2024-11-16,2026-11-16,9653,800,3088"
"INV00413,H005,Shibin El Qanater Central Hospital,MED013,Ceftriaxone 1 g,Antibiotics,B,Room Temperature,B302380,2024-01-25,2026-01-25,8197,800,2515"
"INV00414,H005,Shibin El Qanater Central Hospital,MED014,Cefotaxime,Antibiotics,A,Room Temperature,B656110,2024-01-25,2026-01-25,9765,800,3450"
"INV00415,H005,Shibin El Qanater Central Hospital,MED015,Cefuroxime,Antibiotics,C,Room Temperature,B325371,2024-04-05,2026-04-05,10554,800,2938"
"INV00416,H005,Shibin El Qanater Central Hospital,MED016,Azithromycin,Antibiotics,C,Room Temperature,B659550,2024-11-11,2026-11-11,9217,800,3146"
"INV00417,H005,Shibin El Qanater Central Hospital,MED017,Clarithromycin,Antibiotics,B,Room Temperature,B334555,2024-05-09,2026-05-09,8866,800,2024"
"INV00418,H005,Shibin El Qanater Central Hospital,MED018,Ciprofloxacin,Antibiotics,B,Room Temperature,B466936,2024-09-22,2026-09-22,7472,800,2590"
"INV00419,H005,Shibin El Qanater Central Hospital,MED019,Levofloxacin,Antibiotics,B,Room Temperature,B256104,2024-02-25,2026-02-25,9839,800,2492"
"INV00420,H005,Shibin El Qanater Central Hospital,MED020,Metronidazole IV,Antibiotics,A,Room Temperature,B325469,2024-11-24,2026-11-24,9247,800,2550"
"INV00421,H005,Shibin El Qanater Central Hospital,MED021,Vancomycin,Antibiotics,A,Room Temperature,B721827,2024-04-06,2025-10-06,2717,150,1706"
"INV00422,H005,Shibin El Qanater Central Hospital,MED022,Meropenem,Antibiotics,B,Room Temperature,B527387,2024-12-24,2026-06-24,2386,150,1049"
"INV00423,H005,Shibin El Qanater Central Hospital,MED023,Imipenem,Antibiotics,C,Room Temperature,B943441,2024-08-18,2026-02-18,2354,150,1012"
"INV00424,H005,Shibin El Qanater Central Hospital,MED024,Piperacillin/Tazobactam,Antibiotics,C,Room Temperature,B282268,2024-09-12,2026-03-12,10490,800,3445"
"INV00425,H005,Shibin El Qanater Central Hospital,MED025,Colistin,Antibiotics,A,Room Temperature,B597660,2024-08-16,2026-02-16,1909,150,1438"
"INV00426,H005,Shibin El Qanater Central Hospital,MED026,Regular Insulin,Diabetes,Cold Room,Cold Chain,B714106,2024-03-02,2026-03-02,4975,400,2188"
"INV00427,H005,Shibin El Qanater Central Hospital,MED027,NPH Insulin,Diabetes,Cold Room,Cold Chain,B386166,2024-05-17,2026-05-17,4235,400,1968"
"INV00428,H005,Shibin El Qanater Central Hospital,MED028,Insulin Glargine,Diabetes,Cold Room,Cold Chain,B737420,2024-08-29,2026-08-29,5087,400,1719"
"INV00429,H005,Shibin El Qanater Central Hospital,MED029,Metformin 500 mg,Diabetes,A,Room Temperature,B362307,2024-06-08,2026-06-08,4877,400,1370"
"INV00430,H005,Shibin El Qanater Central Hospital,MED030,Metformin 850 mg,Diabetes,C,Room Temperature,B384564,2024-07-09,2026-07-09,4752,400,1780"
"INV00431,H005,Shibin El Qanater Central Hospital,MED031,Gliclazide,Diabetes,A,Room Temperature,B780481,2024-07-14,2026-07-14,4683,400,2090"
"INV00432,H005,Shibin El Qanater Central Hospital,MED032,Glimepiride,Diabetes,C,Room Temperature,B769416,2024-08-14,2026-08-14,4434,400,2258"
"INV00433,H005,Shibin El Qanater Central Hospital,MED033,Glibenclamide,Diabetes,B,Room Temperature,B479504,2024-02-11,2026-02-11,4864,400,1614"
"INV00434,H005,Shibin El Qanater Central Hospital,MED034,Sitagliptin,Diabetes,A,Room Temperature,B295713,2024-05-08,2026-05-08,4828,400,1476"
"INV00435,H005,Shibin El Qanater Central Hospital,MED035,Empagliflozin,Diabetes,B,Room Temperature,B513497,2024-08-29,2026-08-29,4558,400,1472"
"INV00436,H005,Shibin El Qanater Central Hospital,MED036,Amlodipine,Cardiovascular,A,Room Temperature,B608679,2024-10-16,2027-10-16,4619,400,2037"
"INV00437,H005,Shibin El Qanater Central Hospital,MED037,Captopril,Cardiovascular,A,Room Temperature,B518647,2024-12-08,2027-12-08,4158,400,2148"
"INV00438,H005,Shibin El Qanater Central Hospital,MED038,Enalapril,Cardiovascular,B,Room Temperature,B323332,2024-03-27,2027-03-27,4161,400,2091"
"INV00439,H005,Shibin El Qanater Central Hospital,MED039,Losartan,Cardiovascular,B,Room Temperature,B529440,2024-02-12,2027-02-12,4569,400,1284"
"INV00440,H005,Shibin El Qanater Central Hospital,MED040,Valsartan,Cardiovascular,A,Room Temperature,B247603,2024-05-12,2027-05-12,5012,400,1365"
"INV00441,H005,Shibin El Qanater Central Hospital,MED041,Bisoprolol,Cardiovascular,B,Room Temperature,B503082,2024-08-15,2027-08-15,4197,400,1667"
"INV00442,H005,Shibin El Qanater Central Hospital,MED042,Metoprolol,Cardiovascular,C,Room Temperature,B551122,2024-01-28,2027-01-28,4730,400,2066"
"INV00443,H005,Shibin El Qanater Central Hospital,MED043,Atenolol,Cardiovascular,C,Room Temperature,B569511,2024-12-17,2027-12-17,4799,400,1855"
"INV00444,H005,Shibin El Qanater Central Hospital,MED044,Furosemide,Cardiovascular,B,Room Temperature,B248702,2024-08-07,2027-08-07,4429,400,2343"
"INV00445,H005,Shibin El Qanater Central Hospital,MED045,Spironolactone,Cardiovascular,C,Room Temperature,B282051,2024-02-18,2027-02-18,4943,400,1908"
"INV00446,H005,Shibin El Qanater Central Hospital,MED046,Hydrochlorothiazide,Cardiovascular,C,Room Temperature,B223257,2024-08-04,2027-08-04,4946,400,1529"
"INV00447,H005,Shibin El Qanater Central Hospital,MED047,Atorvastatin,Cardiovascular,C,Room Temperature,B518443,2024-05-28,2027-05-28,4381,400,1860"
"INV00448,H005,Shibin El Qanater Central Hospital,MED048,Rosuvastatin,Cardiovascular,A,Room Temperature,B212990,2024-06-08,2027-06-08,4808,400,2098"
"INV00449,H005,Shibin El Qanater Central Hospital,MED049,Clopidogrel,Cardiovascular,C,Room Temperature,B670126,2024-01-10,2027-01-10,4467,400,1895"
"INV00450,H005,Shibin El Qanater Central Hospital,MED050,Warfarin,Cardiovascular,C,Room Temperature,B170119,2024-06-01,2027-06-01,5158,400,2408"
"INV00451,H005,Shibin El Qanater Central Hospital,MED051,Salbutamol Inhaler,Respiratory,B,Room Temperature,B963403,2024-07-31,2026-07-31,4452,400,1951"
"INV00452,H005,Shibin El Qanater Central Hospital,MED052,Budesonide Inhaler,Respiratory,C,Room Temperature,B224447,2024-05-01,2026-05-01,4346,400,2228"
"INV00453,H005,Shibin El Qanater Central Hospital,MED053,Ipratropium,Respiratory,A,Room Temperature,B406094,2024-08-20,2026-08-20,5003,400,2147"
"INV00454,H005,Shibin El Qanater Central Hospital,MED054,Montelukast,Respiratory,A,Room Temperature,B941965,2024-10-28,2026-10-28,5086,400,2255"
"INV00455,H005,Shibin El Qanater Central Hospital,MED055,Theophylline,Respiratory,B,Room Temperature,B289784,2024-08-22,2026-08-22,4329,400,1842"
"INV00456,H005,Shibin El Qanater Central Hospital,MED056,Acetylcysteine,Respiratory,A,Room Temperature,B688316,2024-09-14,2026-09-14,5365,400,2054"
"INV00457,H005,Shibin El Qanater Central Hospital,MED057,Ambroxol,Respiratory,A,Room Temperature,B584814,2024-04-04,2026-04-04,4386,400,1887"
"INV00458,H005,Shibin El Qanater Central Hospital,MED058,Dexamethasone Neb,Respiratory,C,Room Temperature,B651332,2024-06-19,2026-06-19,4518,400,1835"
"INV00459,H005,Shibin El Qanater Central Hospital,MED059,Prednisolone,Respiratory,C,Room Temperature,B968374,2024-01-19,2026-01-19,4487,400,2035"
"INV00460,H005,Shibin El Qanater Central Hospital,MED060,Hydrocortisone,Respiratory,A,Room Temperature,B680735,2024-10-07,2026-10-07,4634,400,1704"
"INV00461,H005,Shibin El Qanater Central Hospital,MED061,Normal Saline,IV Fluids,B,Room Temperature,B515872,2024-05-23,2026-05-23,9408,800,2764"
"INV00462,H005,Shibin El Qanater Central Hospital,MED062,Ringer Lactate,IV Fluids,B,Room Temperature,B863711,2024-08-11,2026-08-11,10648,800,3247"
"INV00463,H005,Shibin El Qanater Central Hospital,MED063,Dextrose 5%,IV Fluids,C,Room Temperature,B180102,2024-10-28,2026-10-28,10032,800,2576"
"INV00464,H005,Shibin El Qanater Central Hospital,MED064,Dextrose 10%,IV Fluids,A,Room Temperature,B733065,2024-03-26,2026-03-26,9840,800,2647"
"INV00465,H005,Shibin El Qanater Central Hospital,MED065,Half Saline,IV Fluids,C,Room Temperature,B245016,2024-01-14,2026-01-14,9487,800,2602"
"INV00466,H005,Shibin El Qanater Central Hospital,MED066,DNS,IV Fluids,B,Room Temperature,B898519,2024-03-10,2026-03-10,10447,800,3248"
"INV00467,H005,Shibin El Qanater Central Hospital,MED067,Sterile Water,IV Fluids,A,Room Temperature,B731827,2024-05-11,2026-05-11,10234,800,3796"
"INV00468,H005,Shibin El Qanater Central Hospital,MED068,Mannitol,IV Fluids,C,Room Temperature,B203892,2024-08-17,2026-08-17,9121,800,2805"
"INV00469,H005,Shibin El Qanater Central Hospital,MED069,Albumin,IV Fluids,C,Room Temperature,B688717,2024-02-07,2026-02-07,10112,800,2739"
"INV00470,H005,Shibin El Qanater Central Hospital,MED070,Plasma Expander,IV Fluids,B,Room Temperature,B168099,2024-04-28,2026-04-28,9763,800,2212"
"INV00471,H005,Shibin El Qanater Central Hospital,MED071,Adrenaline,Emergency,C,Room Temperature,B516441,2024-12-01,2026-12-01,1929,150,1655"
"INV00472,H005,Shibin El Qanater Central Hospital,MED072,Atropine,Emergency,B,Room Temperature,B952129,2024-01-24,2026-01-24,2204,150,1584"
"INV00473,H005,Shibin El Qanater Central Hospital,MED073,Dopamine,Emergency,B,Room Temperature,B471602,2024-02-29,2026-02-28,2888,150,1045"
"INV00474,H005,Shibin El Qanater Central Hospital,MED074,Dobutamine,Emergency,A,Room Temperature,B142092,2024-05-31,2026-05-31,2858,150,1354"
"INV00475,H005,Shibin El Qanater Central Hospital,MED075,Nitroglycerin,Emergency,A,Room Temperature,B869727,2024-12-21,2026-12-21,2869,150,1045"
"INV00476,H005,Shibin El Qanater Central Hospital,MED076,Amiodarone,Emergency,C,Room Temperature,B761616,2024-07-01,2026-07-01,2834,150,1276"
"INV00477,H005,Shibin El Qanater Central Hospital,MED077,Lidocaine,Emergency,B,Room Temperature,B446874,2024-04-22,2026-04-22,2513,150,1416"
"INV00478,H005,Shibin El Qanater Central Hospital,MED078,Calcium Gluconate,Emergency,B,Room Temperature,B702272,2024-10-27,2026-10-27,2109,150,1028"
"INV00479,H005,Shibin El Qanater Central Hospital,MED079,Magnesium Sulfate,Emergency,A,Room Temperature,B839290,2024-02-16,2026-02-16,2092,150,1796"
"INV00480,H005,Shibin El Qanater Central Hospital,MED080,Naloxone,Emergency,A,Room Temperature,B507688,2024-03-15,2026-03-15,2488,150,1128"
"INV00481,H005,Shibin El Qanater Central Hospital,MED081,Omeprazole,Gastrointestinal,B,Room Temperature,B265937,2024-05-17,2027-05-17,4335,400,1932"
"INV00482,H005,Shibin El Qanater Central Hospital,MED082,Pantoprazole,Gastrointestinal,A,Room Temperature,B577746,2024-12-30,2027-12-30,4955,400,2180"
"INV00483,H005,Shibin El Qanater Central Hospital,MED083,Esomeprazole,Gastrointestinal,C,Room Temperature,B370143,2024-12-14,2027-12-14,5082,400,2162"
"INV00484,H005,Shibin El Qanater Central Hospital,MED084,Famotidine,Gastrointestinal,B,Room Temperature,B869605,2024-12-21,2027-12-21,4782,400,1401"
"INV00485,H005,Shibin El Qanater Central Hospital,MED085,Domperidone,Gastrointestinal,A,Room Temperature,B889271,2024-05-08,2027-05-08,4651,400,2130"
"INV00486,H005,Shibin El Qanater Central Hospital,MED086,Ondansetron,Gastrointestinal,C,Room Temperature,B605659,2024-06-22,2027-06-22,3937,400,1412"
"INV00487,H005,Shibin El Qanater Central Hospital,MED087,Lactulose,Gastrointestinal,B,Room Temperature,B686712,2024-05-31,2027-05-31,4128,400,1904"
"INV00488,H005,Shibin El Qanater Central Hospital,MED088,ORS,Gastrointestinal,C,Room Temperature,B979005,2024-04-15,2027-04-15,4923,400,2297"
"INV00489,H005,Shibin El Qanater Central Hospital,MED089,Loperamide,Gastrointestinal,C,Room Temperature,B173997,2024-08-07,2027-08-07,4405,400,2276"
"INV00490,H005,Shibin El Qanater Central Hospital,MED090,Hyoscine,Gastrointestinal,B,Room Temperature,B411877,2024-07-23,2027-07-23,4262,400,2254"
"INV00491,H005,Shibin El Qanater Central Hospital,MED091,Hepatitis B Vaccine,Vaccines,Cold Room,Cold Chain,B758003,2024-04-16,2025-04-16,2301,150,1622"
"INV00492,H005,Shibin El Qanater Central Hospital,MED092,BCG Vaccine,Vaccines,Cold Room,Cold Chain,B117073,2024-07-14,2025-07-14,2084,150,1554"
"INV00493,H005,Shibin El Qanater Central Hospital,MED093,MMR Vaccine,Vaccines,Cold Room,Cold Chain,B166707,2024-06-08,2025-06-08,2905,150,1721"
"INV00494,H005,Shibin El Qanater Central Hospital,MED094,Tetanus Vaccine,Vaccines,Cold Room,Cold Chain,B495755,2024-06-02,2025-06-02,2122,150,1273"
"INV00495,H005,Shibin El Qanater Central Hospital,MED095,Influenza Vaccine,Vaccines,Cold Room,Cold Chain,B351924,2024-11-09,2025-11-09,2585,150,1124"
"INV00496,H005,Shibin El Qanater Central Hospital,MED096,Propofol,Anesthesia,C,Room Temperature,B380466,2024-10-31,2026-10-31,1974,150,1515"
"INV00497,H005,Shibin El Qanater Central Hospital,MED097,Ketamine,Anesthesia,A,Room Temperature,B631633,2024-06-09,2026-06-09,2768,150,1974"
"INV00498,H005,Shibin El Qanater Central Hospital,MED098,Midazolam,Anesthesia,A,Room Temperature,B905878,2024-03-26,2026-03-26,2823,150,1259"
"INV00499,H005,Shibin El Qanater Central Hospital,MED099,Thiopental,Anesthesia,A,Room Temperature,B827067,2024-12-19,2026-12-19,2839,150,1491"
"INV00500,H005,Shibin El Qanater Central Hospital,MED100,Succinylcholine,Anesthesia,C,Room Temperature,B448688,2024-06-25,2026-06-25,2917,150,1665"
"INV00501,H006,Kafr Shukr Central Hospital,MED001,Paracetamol 500 mg Tablet,Analgesics,A,Room Temperature,B113140,2024-11-25,2027-11-25,8439,800,2954"
"INV00502,H006,Kafr Shukr Central Hospital,MED002,Paracetamol IV Infusion,Analgesics,C,Room Temperature,B832303,2024-04-07,2027-04-07,9143,800,2629"
"INV00503,H006,Kafr Shukr Central Hospital,MED003,Ibuprofen 400 mg Tablet,Analgesics,A,Room Temperature,B550542,2024-12-09,2027-12-09,9968,800,2713"
"INV00504,H006,Kafr Shukr Central Hospital,MED004,Diclofenac Sodium Injection,Analgesics,B,Room Temperature,B897232,2024-11-14,2027-11-14,9789,800,2401"
"INV00505,H006,Kafr Shukr Central Hospital,MED005,Diclofenac Tablet,Analgesics,C,Room Temperature,B688158,2024-06-02,2027-06-02,9770,800,2978"
"INV00506,H006,Kafr Shukr Central Hospital,MED006,Ketorolac Injection,Analgesics,C,Room Temperature,B720756,2024-08-19,2027-08-19,10069,800,3506"
"INV00507,H006,Kafr Shukr Central Hospital,MED007,Tramadol Injection,Analgesics,A,Room Temperature,B642777,2024-06-16,2027-06-16,8160,800,2640"
"INV00508,H006,Kafr Shukr Central Hospital,MED008,Morphine Injection,Analgesics,B,Room Temperature,B375709,2024-09-04,2027-09-04,9954,800,3595"
"INV00509,H006,Kafr Shukr Central Hospital,MED009,Aspirin 81 mg Tablet,Analgesics,A,Room Temperature,B557382,2024-09-18,2027-09-18,10478,800,2905"
"INV00510,H006,Kafr Shukr Central Hospital,MED010,Aspirin 300 mg Tablet,Analgesics,A,Room Temperature,B620498,2024-07-15,2027-07-15,8795,800,3068"
"INV00511,H006,Kafr Shukr Central Hospital,MED011,Amoxicillin 500 mg,Antibiotics,B,Room Temperature,B962371,2024-10-23,2026-10-23,9524,800,2210"
"INV00512,H006,Kafr Shukr Central Hospital,MED012,Amoxicillin-Clavulanate,Antibiotics,B,Room Temperature,B271918,2024-02-16,2026-02-16,7740,800,3071"
"INV00513,H006,Kafr Shukr Central Hospital,MED013,Ceftriaxone 1 g,Antibiotics,A,Room Temperature,B180257,2024-09-24,2026-09-24,9322,800,2706"
"INV00514,H006,Kafr Shukr Central Hospital,MED014,Cefotaxime,Antibiotics,B,Room Temperature,B310545,2024-10-09,2026-10-09,10039,800,2700"
"INV00515,H006,Kafr Shukr Central Hospital,MED015,Cefuroxime,Antibiotics,A,Room Temperature,B919812,2024-01-08,2026-01-08,9470,800,1807"
"INV00516,H006,Kafr Shukr Central Hospital,MED016,Azithromycin,Antibiotics,C,Room Temperature,B139901,2024-09-16,2026-09-16,10048,800,3231"
"INV00517,H006,Kafr Shukr Central Hospital,MED017,Clarithromycin,Antibiotics,A,Room Temperature,B687275,2024-05-16,2026-05-16,9075,800,3403"
"INV00518,H006,Kafr Shukr Central Hospital,MED018,Ciprofloxacin,Antibiotics,C,Room Temperature,B613012,2024-04-18,2026-04-18,9569,800,2877"
"INV00519,H006,Kafr Shukr Central Hospital,MED019,Levofloxacin,Antibiotics,A,Room Temperature,B298137,2024-04-11,2026-04-11,9915,800,3274"
"INV00520,H006,Kafr Shukr Central Hospital,MED020,Metronidazole IV,Antibiotics,B,Room Temperature,B339968,2024-05-10,2026-05-10,9051,800,2249"
"INV00521,H006,Kafr Shukr Central Hospital,MED021,Vancomycin,Antibiotics,C,Room Temperature,B395138,2024-05-12,2025-11-12,2400,150,1526"
"INV00522,H006,Kafr Shukr Central Hospital,MED022,Meropenem,Antibiotics,B,Room Temperature,B262002,2024-05-13,2025-11-13,2694,150,1175"
"INV00523,H006,Kafr Shukr Central Hospital,MED023,Imipenem,Antibiotics,C,Room Temperature,B257547,2024-12-29,2026-06-29,2079,150,1287"
"INV00524,H006,Kafr Shukr Central Hospital,MED024,Piperacillin/Tazobactam,Antibiotics,C,Room Temperature,B887019,2024-05-10,2025-11-10,8941,800,2983"
"INV00525,H006,Kafr Shukr Central Hospital,MED025,Colistin,Antibiotics,A,Room Temperature,B191353,2024-09-04,2026-03-04,2060,150,1025"
"INV00526,H006,Kafr Shukr Central Hospital,MED026,Regular Insulin,Diabetes,Cold Room,Cold Chain,B276168,2024-02-03,2026-02-03,4707,400,1992"
"INV00527,H006,Kafr Shukr Central Hospital,MED027,NPH Insulin,Diabetes,Cold Room,Cold Chain,B439119,2024-10-05,2026-10-05,4181,400,1421"
"INV00528,H006,Kafr Shukr Central Hospital,MED028,Insulin Glargine,Diabetes,Cold Room,Cold Chain,B394746,2024-09-27,2026-09-27,4483,400,2278"
"INV00529,H006,Kafr Shukr Central Hospital,MED029,Metformin 500 mg,Diabetes,A,Room Temperature,B305735,2024-03-06,2026-03-06,4393,400,2173"
"INV00530,H006,Kafr Shukr Central Hospital,MED030,Metformin 850 mg,Diabetes,A,Room Temperature,B138547,2024-07-19,2026-07-19,4208,400,1648"
"INV00531,H006,Kafr Shukr Central Hospital,MED031,Gliclazide,Diabetes,A,Room Temperature,B356190,2024-05-07,2026-05-07,4192,400,2147"
"INV00532,H006,Kafr Shukr Central Hospital,MED032,Glimepiride,Diabetes,B,Room Temperature,B212782,2024-10-20,2026-10-20,5384,400,2501"
"INV00533,H006,Kafr Shukr Central Hospital,MED033,Glibenclamide,Diabetes,A,Room Temperature,B410925,2024-10-28,2026-10-28,3912,400,1776"
"INV00534,H006,Kafr Shukr Central Hospital,MED034,Sitagliptin,Diabetes,A,Room Temperature,B915948,2024-09-08,2026-09-08,4537,400,2287"
"INV00535,H006,Kafr Shukr Central Hospital,MED035,Empagliflozin,Diabetes,C,Room Temperature,B909178,2024-09-07,2026-09-07,4177,400,1852"
"INV00536,H006,Kafr Shukr Central Hospital,MED036,Amlodipine,Cardiovascular,B,Room Temperature,B757957,2024-02-15,2027-02-15,4628,400,2242"
"INV00537,H006,Kafr Shukr Central Hospital,MED037,Captopril,Cardiovascular,B,Room Temperature,B802098,2024-02-04,2027-02-04,4255,400,1985"
"INV00538,H006,Kafr Shukr Central Hospital,MED038,Enalapril,Cardiovascular,C,Room Temperature,B346183,2024-10-07,2027-10-07,4791,400,2567"
"INV00539,H006,Kafr Shukr Central Hospital,MED039,Losartan,Cardiovascular,C,Room Temperature,B615693,2024-03-23,2027-03-23,4265,400,2095"
"INV00540,H006,Kafr Shukr Central Hospital,MED040,Valsartan,Cardiovascular,A,Room Temperature,B803814,2024-06-21,2027-06-21,4505,400,2514"
"INV00541,H006,Kafr Shukr Central Hospital,MED041,Bisoprolol,Cardiovascular,B,Room Temperature,B216219,2024-04-30,2027-04-30,4744,400,1514"
"INV00542,H006,Kafr Shukr Central Hospital,MED042,Metoprolol,Cardiovascular,A,Room Temperature,B524871,2024-06-12,2027-06-12,4982,400,2190"
"INV00543,H006,Kafr Shukr Central Hospital,MED043,Atenolol,Cardiovascular,C,Room Temperature,B408877,2024-11-03,2027-11-03,4521,400,2100"
"INV00544,H006,Kafr Shukr Central Hospital,MED044,Furosemide,Cardiovascular,A,Room Temperature,B225149,2024-11-29,2027-11-29,3995,400,2136"
"INV00545,H006,Kafr Shukr Central Hospital,MED045,Spironolactone,Cardiovascular,B,Room Temperature,B376993,2024-09-20,2027-09-20,4582,400,2008"
"INV00546,H006,Kafr Shukr Central Hospital,MED046,Hydrochlorothiazide,Cardiovascular,A,Room Temperature,B385711,2024-07-01,2027-07-01,4583,400,2032"
"INV00547,H006,Kafr Shukr Central Hospital,MED047,Atorvastatin,Cardiovascular,B,Room Temperature,B285378,2024-09-24,2027-09-24,4665,400,2300"
"INV00548,H006,Kafr Shukr Central Hospital,MED048,Rosuvastatin,Cardiovascular,A,Room Temperature,B805860,2024-05-28,2027-05-28,5428,400,2484"
"INV00549,H006,Kafr Shukr Central Hospital,MED049,Clopidogrel,Cardiovascular,A,Room Temperature,B971868,2024-07-19,2027-07-19,4245,400,2130"
"INV00550,H006,Kafr Shukr Central Hospital,MED050,Warfarin,Cardiovascular,B,Room Temperature,B582604,2024-03-05,2027-03-05,4604,400,2205"
"INV00551,H006,Kafr Shukr Central Hospital,MED051,Salbutamol Inhaler,Respiratory,B,Room Temperature,B433997,2024-03-16,2026-03-16,4355,400,1812"
"INV00552,H006,Kafr Shukr Central Hospital,MED052,Budesonide Inhaler,Respiratory,B,Room Temperature,B188668,2024-11-03,2026-11-03,4808,400,1499"
"INV00553,H006,Kafr Shukr Central Hospital,MED053,Ipratropium,Respiratory,A,Room Temperature,B964434,2024-10-02,2026-10-02,4163,400,2036"
"INV00554,H006,Kafr Shukr Central Hospital,MED054,Montelukast,Respiratory,A,Room Temperature,B655083,2024-09-16,2026-09-16,4334,400,1772"
"INV00555,H006,Kafr Shukr Central Hospital,MED055,Theophylline,Respiratory,A,Room Temperature,B897622,2024-06-10,2026-06-10,5221,400,2655"
"INV00556,H006,Kafr Shukr Central Hospital,MED056,Acetylcysteine,Respiratory,C,Room Temperature,B626549,2024-09-18,2026-09-18,4555,400,2346"
"INV00557,H006,Kafr Shukr Central Hospital,MED057,Ambroxol,Respiratory,A,Room Temperature,B474226,2024-05-15,2026-05-15,4865,400,1885"
"INV00558,H006,Kafr Shukr Central Hospital,MED058,Dexamethasone Neb,Respiratory,B,Room Temperature,B561552,2024-04-18,2026-04-18,5110,400,1513"
"INV00559,H006,Kafr Shukr Central Hospital,MED059,Prednisolone,Respiratory,B,Room Temperature,B982487,2024-12-05,2026-12-05,4374,400,2210"
"INV00560,H006,Kafr Shukr Central Hospital,MED060,Hydrocortisone,Respiratory,B,Room Temperature,B849971,2024-02-12,2026-02-12,4038,400,1274"
"INV00561,H006,Kafr Shukr Central Hospital,MED061,Normal Saline,IV Fluids,A,Room Temperature,B216656,2024-09-01,2026-09-01,10209,800,2691"
"INV00562,H006,Kafr Shukr Central Hospital,MED062,Ringer Lactate,IV Fluids,B,Room Temperature,B282024,2024-08-20,2026-08-20,9735,800,3136"
"INV00563,H006,Kafr Shukr Central Hospital,MED063,Dextrose 5%,IV Fluids,B,Room Temperature,B476742,2024-11-02,2026-11-02,10147,800,3274"
"INV00564,H006,Kafr Shukr Central Hospital,MED064,Dextrose 10%,IV Fluids,C,Room Temperature,B855181,2024-09-23,2026-09-23,8909,800,2671"
"INV00565,H006,Kafr Shukr Central Hospital,MED065,Half Saline,IV Fluids,C,Room Temperature,B947467,2024-01-01,2026-01-01,9512,800,2823"
"INV00566,H006,Kafr Shukr Central Hospital,MED066,DNS,IV Fluids,B,Room Temperature,B303196,2024-04-18,2026-04-18,8590,800,2580"
"INV00567,H006,Kafr Shukr Central Hospital,MED067,Sterile Water,IV Fluids,C,Room Temperature,B967780,2024-09-06,2026-09-06,9767,800,2791"
"INV00568,H006,Kafr Shukr Central Hospital,MED068,Mannitol,IV Fluids,C,Room Temperature,B266892,2024-06-06,2026-06-06,9507,800,2662"
"INV00569,H006,Kafr Shukr Central Hospital,MED069,Albumin,IV Fluids,B,Room Temperature,B539953,2024-12-03,2026-12-03,8574,800,2684"
"INV00570,H006,Kafr Shukr Central Hospital,MED070,Plasma Expander,IV Fluids,A,Room Temperature,B658830,2024-05-26,2026-05-26,10688,800,3369"
"INV00571,H006,Kafr Shukr Central Hospital,MED071,Adrenaline,Emergency,A,Room Temperature,B537625,2024-11-27,2026-11-27,2301,150,1777"
"INV00572,H006,Kafr Shukr Central Hospital,MED072,Atropine,Emergency,B,Room Temperature,B972552,2024-10-11,2026-10-11,2750,150,1635"
"INV00573,H006,Kafr Shukr Central Hospital,MED073,Dopamine,Emergency,A,Room Temperature,B961069,2024-09-22,2026-09-22,2713,150,1790"
"INV00574,H006,Kafr Shukr Central Hospital,MED074,Dobutamine,Emergency,C,Room Temperature,B801979,2024-02-08,2026-02-08,2800,150,1276"
"INV00575,H006,Kafr Shukr Central Hospital,MED075,Nitroglycerin,Emergency,B,Room Temperature,B986364,2024-01-02,2026-01-02,2651,150,1543"
"INV00576,H006,Kafr Shukr Central Hospital,MED076,Amiodarone,Emergency,A,Room Temperature,B349768,2024-09-14,2026-09-14,2230,150,1125"
"INV00577,H006,Kafr Shukr Central Hospital,MED077,Lidocaine,Emergency,A,Room Temperature,B953966,2024-10-27,2026-10-27,2512,150,1180"
"INV00578,H006,Kafr Shukr Central Hospital,MED078,Calcium Gluconate,Emergency,C,Room Temperature,B336440,2024-08-10,2026-08-10,2167,150,1049"
"INV00579,H006,Kafr Shukr Central Hospital,MED079,Magnesium Sulfate,Emergency,B,Room Temperature,B572501,2024-10-03,2026-10-03,1946,150,1742"
"INV00580,H006,Kafr Shukr Central Hospital,MED080,Naloxone,Emergency,B,Room Temperature,B792148,2024-03-13,2026-03-13,2621,150,1226"
"INV00581,H006,Kafr Shukr Central Hospital,MED081,Omeprazole,Gastrointestinal,C,Room Temperature,B703291,2024-07-13,2027-07-13,4677,400,1886"
"INV00582,H006,Kafr Shukr Central Hospital,MED082,Pantoprazole,Gastrointestinal,B,Room Temperature,B115434,2024-12-25,2027-12-25,4800,400,1350"
"INV00583,H006,Kafr Shukr Central Hospital,MED083,Esomeprazole,Gastrointestinal,B,Room Temperature,B752667,2024-04-09,2027-04-09,4924,400,1548"
"INV00584,H006,Kafr Shukr Central Hospital,MED084,Famotidine,Gastrointestinal,C,Room Temperature,B532548,2024-07-14,2027-07-14,4519,400,1261"
"INV00585,H006,Kafr Shukr Central Hospital,MED085,Domperidone,Gastrointestinal,C,Room Temperature,B345404,2024-10-01,2027-10-01,5288,400,1847"
"INV00586,H006,Kafr Shukr Central Hospital,MED086,Ondansetron,Gastrointestinal,A,Room Temperature,B278570,2024-05-05,2027-05-05,4705,400,1713"
"INV00587,H006,Kafr Shukr Central Hospital,MED087,Lactulose,Gastrointestinal,B,Room Temperature,B715863,2024-04-25,2027-04-25,5030,400,2340"
"INV00588,H006,Kafr Shukr Central Hospital,MED088,ORS,Gastrointestinal,C,Room Temperature,B839180,2024-04-22,2027-04-22,4699,400,1664"
"INV00589,H006,Kafr Shukr Central Hospital,MED089,Loperamide,Gastrointestinal,A,Room Temperature,B745194,2024-03-07,2027-03-07,4875,400,1819"
"INV00590,H006,Kafr Shukr Central Hospital,MED090,Hyoscine,Gastrointestinal,B,Room Temperature,B303199,2024-12-28,2027-12-28,4868,400,1987"
"INV00591,H006,Kafr Shukr Central Hospital,MED091,Hepatitis B Vaccine,Vaccines,Cold Room,Cold Chain,B215598,2024-05-04,2025-05-04,1869,150,1677"
"INV00592,H006,Kafr Shukr Central Hospital,MED092,BCG Vaccine,Vaccines,Cold Room,Cold Chain,B253124,2024-05-04,2025-05-04,2196,150,1049"
"INV00593,H006,Kafr Shukr Central Hospital,MED093,MMR Vaccine,Vaccines,Cold Room,Cold Chain,B785763,2024-05-13,2025-05-13,2012,150,877"
"INV00594,H006,Kafr Shukr Central Hospital,MED094,Tetanus Vaccine,Vaccines,Cold Room,Cold Chain,B906970,2024-03-17,2025-03-17,2680,150,1739"
"INV00595,H006,Kafr Shukr Central Hospital,MED095,Influenza Vaccine,Vaccines,Cold Room,Cold Chain,B336527,2024-08-11,2025-08-11,2330,150,1098"
"INV00596,H006,Kafr Shukr Central Hospital,MED096,Propofol,Anesthesia,A,Room Temperature,B233004,2024-10-31,2026-10-31,2744,150,1398"
"INV00597,H006,Kafr Shukr Central Hospital,MED097,Ketamine,Anesthesia,C,Room Temperature,B150098,2024-12-08,2026-12-08,1825,150,1142"
"INV00598,H006,Kafr Shukr Central Hospital,MED098,Midazolam,Anesthesia,B,Room Temperature,B825753,2024-02-20,2026-02-20,2875,150,1085"
"INV00599,H006,Kafr Shukr Central Hospital,MED099,Thiopental,Anesthesia,A,Room Temperature,B624426,2024-10-26,2026-10-26,1897,150,1474"
"INV00600,H006,Kafr Shukr Central Hospital,MED100,Succinylcholine,Anesthesia,C,Room Temperature,B967964,2024-10-06,2026-10-06,2568,150,1592"
"INV00601,H007,Qalyub Specialized Hospital,MED001,Paracetamol 500 mg Tablet,Analgesics,C,Room Temperature,B971522,2024-09-29,2027-09-29,9772,1280,2912"
"INV00602,H007,Qalyub Specialized Hospital,MED002,Paracetamol IV Infusion,Analgesics,C,Room Temperature,B702276,2024-10-01,2027-10-01,9847,1280,3132"
"INV00603,H007,Qalyub Specialized Hospital,MED003,Ibuprofen 400 mg Tablet,Analgesics,C,Room Temperature,B921860,2024-05-24,2027-05-24,10807,1280,4246"
"INV00604,H007,Qalyub Specialized Hospital,MED004,Diclofenac Sodium Injection,Analgesics,C,Room Temperature,B912853,2024-04-26,2027-04-26,10495,1280,2927"
"INV00605,H007,Qalyub Specialized Hospital,MED005,Diclofenac Tablet,Analgesics,C,Room Temperature,B191088,2024-01-05,2027-01-05,10919,1280,3961"
"INV00606,H007,Qalyub Specialized Hospital,MED006,Ketorolac Injection,Analgesics,C,Room Temperature,B591024,2024-03-10,2027-03-10,11273,1280,4422"
"INV00607,H007,Qalyub Specialized Hospital,MED007,Tramadol Injection,Analgesics,A,Room Temperature,B195071,2024-08-23,2027-08-23,11083,1280,4246"
"INV00608,H007,Qalyub Specialized Hospital,MED008,Morphine Injection,Analgesics,B,Room Temperature,B521280,2024-04-11,2027-04-11,10510,1280,3509"
"INV00609,H007,Qalyub Specialized Hospital,MED009,Aspirin 81 mg Tablet,Analgesics,B,Room Temperature,B692632,2024-07-10,2027-07-10,11946,1280,4852"
"INV00610,H007,Qalyub Specialized Hospital,MED010,Aspirin 300 mg Tablet,Analgesics,A,Room Temperature,B587505,2024-08-06,2027-08-06,11068,1280,4091"
"INV00611,H007,Qalyub Specialized Hospital,MED011,Amoxicillin 500 mg,Antibiotics,C,Room Temperature,B808770,2024-12-30,2026-12-30,10639,1280,4295"
"INV00612,H007,Qalyub Specialized Hospital,MED012,Amoxicillin-Clavulanate,Antibiotics,B,Room Temperature,B364528,2024-12-02,2026-12-02,11454,1280,4607"
"INV00613,H007,Qalyub Specialized Hospital,MED013,Ceftriaxone 1 g,Antibiotics,C,Room Temperature,B804293,2024-03-03,2026-03-03,10174,1280,3606"
"INV00614,H007,Qalyub Specialized Hospital,MED014,Cefotaxime,Antibiotics,B,Room Temperature,B585662,2024-07-07,2026-07-07,9844,1280,3119"
"INV00615,H007,Qalyub Specialized Hospital,MED015,Cefuroxime,Antibiotics,C,Room Temperature,B317770,2024-08-01,2026-08-01,10413,1280,4006"
"INV00616,H007,Qalyub Specialized Hospital,MED016,Azithromycin,Antibiotics,A,Room Temperature,B767304,2024-07-22,2026-07-22,10829,1280,3606"
"INV00617,H007,Qalyub Specialized Hospital,MED017,Clarithromycin,Antibiotics,C,Room Temperature,B177842,2024-06-11,2026-06-11,10949,1280,3708"
"INV00618,H007,Qalyub Specialized Hospital,MED018,Ciprofloxacin,Antibiotics,B,Room Temperature,B766246,2024-01-30,2026-01-30,10330,1280,3397"
"INV00619,H007,Qalyub Specialized Hospital,MED019,Levofloxacin,Antibiotics,C,Room Temperature,B881198,2024-01-01,2026-01-01,10985,1280,3953"
"INV00620,H007,Qalyub Specialized Hospital,MED020,Metronidazole IV,Antibiotics,B,Room Temperature,B534376,2024-05-07,2026-05-07,9933,1280,2886"
"INV00621,H007,Qalyub Specialized Hospital,MED021,Vancomycin,Antibiotics,C,Room Temperature,B849078,2024-07-09,2026-01-09,2742,240,1163"
"INV00622,H007,Qalyub Specialized Hospital,MED022,Meropenem,Antibiotics,B,Room Temperature,B632893,2024-09-16,2026-03-16,2245,240,1556"
"INV00623,H007,Qalyub Specialized Hospital,MED023,Imipenem,Antibiotics,B,Room Temperature,B685676,2024-07-06,2026-01-06,2431,240,1993"
"INV00624,H007,Qalyub Specialized Hospital,MED024,Piperacillin/Tazobactam,Antibiotics,B,Room Temperature,B563937,2024-01-16,2025-07-16,10130,1280,3019"
"INV00625,H007,Qalyub Specialized Hospital,MED025,Colistin,Antibiotics,C,Room Temperature,B861019,2024-05-23,2025-11-23,3033,240,2009"
"INV00626,H007,Qalyub Specialized Hospital,MED026,Regular Insulin,Diabetes,Cold Room,Cold Chain,B851518,2024-04-20,2026-04-20,4708,640,1894"
"INV00627,H007,Qalyub Specialized Hospital,MED027,NPH Insulin,Diabetes,Cold Room,Cold Chain,B223853,2024-08-02,2026-08-02,5631,640,3278"
"INV00628,H007,Qalyub Specialized Hospital,MED028,Insulin Glargine,Diabetes,Cold Room,Cold Chain,B914886,2024-02-22,2026-02-22,5577,640,2729"
"INV00629,H007,Qalyub Specialized Hospital,MED029,Metformin 500 mg,Diabetes,B,Room Temperature,B222258,2024-09-25,2026-09-25,5336,640,2356"
"INV00630,H007,Qalyub Specialized Hospital,MED030,Metformin 850 mg,Diabetes,C,Room Temperature,B378710,2024-01-31,2026-01-31,4922,640,2189"
"INV00631,H007,Qalyub Specialized Hospital,MED031,Gliclazide,Diabetes,A,Room Temperature,B649523,2024-02-23,2026-02-23,5017,640,1563"
"INV00632,H007,Qalyub Specialized Hospital,MED032,Glimepiride,Diabetes,A,Room Temperature,B114743,2024-02-22,2026-02-22,4780,640,2074"
"INV00633,H007,Qalyub Specialized Hospital,MED033,Glibenclamide,Diabetes,B,Room Temperature,B957558,2024-02-28,2026-02-28,5260,640,1666"
"INV00634,H007,Qalyub Specialized Hospital,MED034,Sitagliptin,Diabetes,C,Room Temperature,B268785,2024-10-16,2026-10-16,5041,640,3041"
"INV00635,H007,Qalyub Specialized Hospital,MED035,Empagliflozin,Diabetes,B,Room Temperature,B976110,2024-02-18,2026-02-18,4720,640,2764"
"INV00636,H007,Qalyub Specialized Hospital,MED036,Amlodipine,Cardiovascular,C,Room Temperature,B937393,2024-06-02,2027-06-02,5328,640,2691"
"INV00637,H007,Qalyub Specialized Hospital,MED037,Captopril,Cardiovascular,C,Room Temperature,B834983,2024-03-28,2027-03-28,4999,640,1929"
"INV00638,H007,Qalyub Specialized Hospital,MED038,Enalapril,Cardiovascular,A,Room Temperature,B468266,2024-06-05,2027-06-05,5341,640,2714"
"INV00639,H007,Qalyub Specialized Hospital,MED039,Losartan,Cardiovascular,C,Room Temperature,B596043,2024-06-10,2027-06-10,5589,640,3000"
"INV00640,H007,Qalyub Specialized Hospital,MED040,Valsartan,Cardiovascular,C,Room Temperature,B191218,2024-05-20,2027-05-20,5793,640,3061"
"INV00641,H007,Qalyub Specialized Hospital,MED041,Bisoprolol,Cardiovascular,B,Room Temperature,B865348,2024-06-27,2027-06-27,5052,640,2604"
"INV00642,H007,Qalyub Specialized Hospital,MED042,Metoprolol,Cardiovascular,B,Room Temperature,B716410,2024-11-11,2027-11-11,5142,640,3033"
"INV00643,H007,Qalyub Specialized Hospital,MED043,Atenolol,Cardiovascular,C,Room Temperature,B916228,2024-01-13,2027-01-13,4588,640,1786"
"INV00644,H007,Qalyub Specialized Hospital,MED044,Furosemide,Cardiovascular,A,Room Temperature,B961789,2024-10-07,2027-10-07,5140,640,2818"
"INV00645,H007,Qalyub Specialized Hospital,MED045,Spironolactone,Cardiovascular,B,Room Temperature,B487881,2024-10-19,2027-10-19,5716,640,2858"
"INV00646,H007,Qalyub Specialized Hospital,MED046,Hydrochlorothiazide,Cardiovascular,B,Room Temperature,B691202,2024-02-10,2027-02-10,4427,640,2102"
"INV00647,H007,Qalyub Specialized Hospital,MED047,Atorvastatin,Cardiovascular,A,Room Temperature,B940552,2024-08-23,2027-08-23,4585,640,1928"
"INV00648,H007,Qalyub Specialized Hospital,MED048,Rosuvastatin,Cardiovascular,B,Room Temperature,B126654,2024-04-09,2027-04-09,5861,640,2977"
"INV00649,H007,Qalyub Specialized Hospital,MED049,Clopidogrel,Cardiovascular,C,Room Temperature,B227927,2024-11-05,2027-11-05,5352,640,2601"
"INV00650,H007,Qalyub Specialized Hospital,MED050,Warfarin,Cardiovascular,C,Room Temperature,B972328,2024-06-10,2027-06-10,4657,640,2370"
"INV00651,H007,Qalyub Specialized Hospital,MED051,Salbutamol Inhaler,Respiratory,C,Room Temperature,B345739,2024-11-21,2026-11-21,4746,640,1682"
"INV00652,H007,Qalyub Specialized Hospital,MED052,Budesonide Inhaler,Respiratory,B,Room Temperature,B436227,2024-03-05,2026-03-05,5306,640,2139"
"INV00653,H007,Qalyub Specialized Hospital,MED053,Ipratropium,Respiratory,B,Room Temperature,B388816,2024-11-08,2026-11-08,5348,640,2629"
"INV00654,H007,Qalyub Specialized Hospital,MED054,Montelukast,Respiratory,B,Room Temperature,B233172,2024-10-29,2026-10-29,4567,640,1729"
"INV00655,H007,Qalyub Specialized Hospital,MED055,Theophylline,Respiratory,B,Room Temperature,B660897,2024-10-06,2026-10-06,5419,640,2126"
"INV00656,H007,Qalyub Specialized Hospital,MED056,Acetylcysteine,Respiratory,C,Room Temperature,B807173,2024-04-20,2026-04-20,5509,640,2360"
"INV00657,H007,Qalyub Specialized Hospital,MED057,Ambroxol,Respiratory,A,Room Temperature,B983096,2024-01-29,2026-01-29,4790,640,2091"
"INV00658,H007,Qalyub Specialized Hospital,MED058,Dexamethasone Neb,Respiratory,C,Room Temperature,B464662,2024-12-05,2026-12-05,4853,640,2825"
"INV00659,H007,Qalyub Specialized Hospital,MED059,Prednisolone,Respiratory,B,Room Temperature,B889177,2024-04-01,2026-04-01,4536,640,1666"
"INV00660,H007,Qalyub Specialized Hospital,MED060,Hydrocortisone,Respiratory,C,Room Temperature,B348552,2024-08-09,2026-08-09,5197,640,2092"
"INV00661,H007,Qalyub Specialized Hospital,MED061,Normal Saline,IV Fluids,A,Room Temperature,B927424,2024-06-01,2026-06-01,11953,1280,4509"
"INV00662,H007,Qalyub Specialized Hospital,MED062,Ringer Lactate,IV Fluids,C,Room Temperature,B499371,2024-05-05,2026-05-05,9266,1280,3240"
"INV00663,H007,Qalyub Specialized Hospital,MED063,Dextrose 5%,IV Fluids,A,Room Temperature,B549763,2024-05-14,2026-05-14,10170,1280,4204"
"INV00664,H007,Qalyub Specialized Hospital,MED064,Dextrose 10%,IV Fluids,B,Room Temperature,B914038,2024-09-20,2026-09-20,11063,1280,3752"
"INV00665,H007,Qalyub Specialized Hospital,MED065,Half Saline,IV Fluids,C,Room Temperature,B878883,2024-02-28,2026-02-28,10221,1280,3450"
"INV00666,H007,Qalyub Specialized Hospital,MED066,DNS,IV Fluids,C,Room Temperature,B187265,2024-04-07,2026-04-07,10051,1280,3036"
"INV00667,H007,Qalyub Specialized Hospital,MED067,Sterile Water,IV Fluids,C,Room Temperature,B862371,2024-08-05,2026-08-05,10135,1280,3398"
"INV00668,H007,Qalyub Specialized Hospital,MED068,Mannitol,IV Fluids,C,Room Temperature,B436851,2024-04-05,2026-04-05,11936,1280,5354"
"INV00669,H007,Qalyub Specialized Hospital,MED069,Albumin,IV Fluids,B,Room Temperature,B968584,2024-10-04,2026-10-04,10558,1280,3634"
"INV00670,H007,Qalyub Specialized Hospital,MED070,Plasma Expander,IV Fluids,A,Room Temperature,B213688,2024-01-26,2026-01-26,11409,1280,4118"
"INV00671,H007,Qalyub Specialized Hospital,MED071,Adrenaline,Emergency,A,Room Temperature,B811111,2024-06-29,2026-06-29,2814,240,1543"
"INV00672,H007,Qalyub Specialized Hospital,MED072,Atropine,Emergency,C,Room Temperature,B656718,2024-11-16,2026-11-16,2701,240,1783"
"INV00673,H007,Qalyub Specialized Hospital,MED073,Dopamine,Emergency,B,Room Temperature,B118990,2024-02-26,2026-02-26,2167,240,1670"
"INV00674,H007,Qalyub Specialized Hospital,MED074,Dobutamine,Emergency,A,Room Temperature,B902673,2024-08-28,2026-08-28,2633,240,1824"
"INV00675,H007,Qalyub Specialized Hospital,MED075,Nitroglycerin,Emergency,A,Room Temperature,B593216,2024-09-04,2026-09-04,1911,240,1352"
"INV00676,H007,Qalyub Specialized Hospital,MED076,Amiodarone,Emergency,A,Room Temperature,B595164,2024-08-11,2026-08-11,2770,240,1344"
"INV00677,H007,Qalyub Specialized Hospital,MED077,Lidocaine,Emergency,A,Room Temperature,B931037,2024-10-20,2026-10-20,2936,240,1375"
"INV00678,H007,Qalyub Specialized Hospital,MED078,Calcium Gluconate,Emergency,A,Room Temperature,B953900,2024-10-28,2026-10-28,2281,240,1599"
"INV00679,H007,Qalyub Specialized Hospital,MED079,Magnesium Sulfate,Emergency,A,Room Temperature,B667815,2024-04-02,2026-04-02,2890,240,1528"
"INV00680,H007,Qalyub Specialized Hospital,MED080,Naloxone,Emergency,B,Room Temperature,B565226,2024-07-27,2026-07-27,3101,240,1647"
"INV00681,H007,Qalyub Specialized Hospital,MED081,Omeprazole,Gastrointestinal,C,Room Temperature,B128328,2024-03-10,2027-03-10,5256,640,2595"
"INV00682,H007,Qalyub Specialized Hospital,MED082,Pantoprazole,Gastrointestinal,A,Room Temperature,B697690,2024-11-15,2027-11-15,5426,640,2576"
"INV00683,H007,Qalyub Specialized Hospital,MED083,Esomeprazole,Gastrointestinal,B,Room Temperature,B950193,2024-12-22,2027-12-22,5274,640,1692"
"INV00684,H007,Qalyub Specialized Hospital,MED084,Famotidine,Gastrointestinal,B,Room Temperature,B228389,2024-06-02,2027-06-02,4436,640,2228"
"INV00685,H007,Qalyub Specialized Hospital,MED085,Domperidone,Gastrointestinal,C,Room Temperature,B521217,2024-05-04,2027-05-04,4719,640,2511"
"INV00686,H007,Qalyub Specialized Hospital,MED086,Ondansetron,Gastrointestinal,C,Room Temperature,B316204,2024-09-03,2027-09-03,4923,640,2865"
"INV00687,H007,Qalyub Specialized Hospital,MED087,Lactulose,Gastrointestinal,A,Room Temperature,B514758,2024-04-03,2027-04-03,4770,640,2945"
"INV00688,H007,Qalyub Specialized Hospital,MED088,ORS,Gastrointestinal,C,Room Temperature,B599797,2024-12-07,2027-12-07,5795,640,2871"
"INV00689,H007,Qalyub Specialized Hospital,MED089,Loperamide,Gastrointestinal,C,Room Temperature,B239227,2024-04-10,2027-04-10,4971,640,1873"
"INV00690,H007,Qalyub Specialized Hospital,MED090,Hyoscine,Gastrointestinal,B,Room Temperature,B687515,2024-08-03,2027-08-03,5378,640,3196"
"INV00691,H007,Qalyub Specialized Hospital,MED091,Hepatitis B Vaccine,Vaccines,Cold Room,Cold Chain,B782773,2024-03-31,2025-03-31,2793,240,2301"
"INV00692,H007,Qalyub Specialized Hospital,MED092,BCG Vaccine,Vaccines,Cold Room,Cold Chain,B445740,2024-12-29,2025-12-29,2648,240,1332"
"INV00693,H007,Qalyub Specialized Hospital,MED093,MMR Vaccine,Vaccines,Cold Room,Cold Chain,B512918,2024-09-04,2025-09-04,1919,240,1367"
"INV00694,H007,Qalyub Specialized Hospital,MED094,Tetanus Vaccine,Vaccines,Cold Room,Cold Chain,B192764,2024-03-29,2025-03-29,2520,240,1699"
"INV00695,H007,Qalyub Specialized Hospital,MED095,Influenza Vaccine,Vaccines,Cold Room,Cold Chain,B732413,2024-04-26,2025-04-26,2326,240,1597"
"INV00696,H007,Qalyub Specialized Hospital,MED096,Propofol,Anesthesia,B,Room Temperature,B905581,2024-12-11,2026-12-11,2778,240,1510"
"INV00697,H007,Qalyub Specialized Hospital,MED097,Ketamine,Anesthesia,B,Room Temperature,B873210,2024-06-29,2026-06-29,2232,240,1765"
"INV00698,H007,Qalyub Specialized Hospital,MED098,Midazolam,Anesthesia,A,Room Temperature,B780089,2024-02-27,2026-02-27,2405,240,1671"
"INV00699,H007,Qalyub Specialized Hospital,MED099,Thiopental,Anesthesia,A,Room Temperature,B742762,2024-11-10,2026-11-10,2687,240,1663"
"INV00700,H007,Qalyub Specialized Hospital,MED100,Succinylcholine,Anesthesia,C,Room Temperature,B405505,2024-10-04,2026-10-04,2407,240,1103"
"INV00701,H008,El Khanka Central Hospital,MED001,Paracetamol 500 mg Tablet,Analgesics,C,Room Temperature,B811935,2024-07-15,2027-07-15,9497,800,3038"
"INV00702,H008,El Khanka Central Hospital,MED002,Paracetamol IV Infusion,Analgesics,A,Room Temperature,B357906,2024-03-16,2027-03-16,10102,800,2390"
"INV00703,H008,El Khanka Central Hospital,MED003,Ibuprofen 400 mg Tablet,Analgesics,A,Room Temperature,B728889,2024-11-22,2027-11-22,9793,800,2152"
"INV00704,H008,El Khanka Central Hospital,MED004,Diclofenac Sodium Injection,Analgesics,B,Room Temperature,B174601,2024-10-05,2027-10-05,9482,800,2242"
"INV00705,H008,El Khanka Central Hospital,MED005,Diclofenac Tablet,Analgesics,A,Room Temperature,B882215,2024-08-08,2027-08-08,8855,800,1825"
"INV00706,H008,El Khanka Central Hospital,MED006,Ketorolac Injection,Analgesics,A,Room Temperature,B291387,2024-02-15,2027-02-15,9305,800,2671"
"INV00707,H008,El Khanka Central Hospital,MED007,Tramadol Injection,Analgesics,C,Room Temperature,B453646,2024-07-13,2027-07-13,9379,800,2867"
"INV00708,H008,El Khanka Central Hospital,MED008,Morphine Injection,Analgesics,C,Room Temperature,B372919,2024-01-24,2027-01-24,8928,800,2506"
"INV00709,H008,El Khanka Central Hospital,MED009,Aspirin 81 mg Tablet,Analgesics,B,Room Temperature,B107415,2024-06-29,2027-06-29,9252,800,2814"
"INV00710,H008,El Khanka Central Hospital,MED010,Aspirin 300 mg Tablet,Analgesics,A,Room Temperature,B399188,2024-09-10,2027-09-10,9372,800,3056"
"INV00711,H008,El Khanka Central Hospital,MED011,Amoxicillin 500 mg,Antibiotics,C,Room Temperature,B596965,2024-02-23,2026-02-23,9623,800,2703"
"INV00712,H008,El Khanka Central Hospital,MED012,Amoxicillin-Clavulanate,Antibiotics,A,Room Temperature,B924834,2024-11-12,2026-11-12,9602,800,2214"
"INV00713,H008,El Khanka Central Hospital,MED013,Ceftriaxone 1 g,Antibiotics,A,Room Temperature,B840389,2024-11-27,2026-11-27,9633,800,2730"
"INV00714,H008,El Khanka Central Hospital,MED014,Cefotaxime,Antibiotics,B,Room Temperature,B151001,2024-12-08,2026-12-08,8497,800,3063"
"INV00715,H008,El Khanka Central Hospital,MED015,Cefuroxime,Antibiotics,A,Room Temperature,B654394,2024-04-21,2026-04-21,9510,800,2644"
"INV00716,H008,El Khanka Central Hospital,MED016,Azithromycin,Antibiotics,B,Room Temperature,B327189,2024-02-16,2026-02-16,8436,800,2054"
"INV00717,H008,El Khanka Central Hospital,MED017,Clarithromycin,Antibiotics,C,Room Temperature,B419759,2024-08-28,2026-08-28,9714,800,2911"
"INV00718,H008,El Khanka Central Hospital,MED018,Ciprofloxacin,Antibiotics,C,Room Temperature,B178077,2024-09-11,2026-09-11,9465,800,2825"
"INV00719,H008,El Khanka Central Hospital,MED019,Levofloxacin,Antibiotics,C,Room Temperature,B913560,2024-08-01,2026-08-01,8273,800,2023"
"INV00720,H008,El Khanka Central Hospital,MED020,Metronidazole IV,Antibiotics,C,Room Temperature,B351514,2024-06-01,2026-06-01,9274,800,2555"
"INV00721,H008,El Khanka Central Hospital,MED021,Vancomycin,Antibiotics,B,Room Temperature,B535928,2024-07-09,2026-01-09,2496,150,1868"
"INV00722,H008,El Khanka Central Hospital,MED022,Meropenem,Antibiotics,B,Room Temperature,B484193,2024-03-28,2025-09-28,2362,150,1826"
"INV00723,H008,El Khanka Central Hospital,MED023,Imipenem,Antibiotics,C,Room Temperature,B512672,2024-07-16,2026-01-16,2264,150,1756"
"INV00724,H008,El Khanka Central Hospital,MED024,Piperacillin/Tazobactam,Antibiotics,C,Room Temperature,B622552,2024-05-05,2025-11-05,8001,800,3232"
"INV00725,H008,El Khanka Central Hospital,MED025,Colistin,Antibiotics,C,Room Temperature,B645932,2024-03-13,2025-09-13,2575,150,1344"
"INV00726,H008,El Khanka Central Hospital,MED026,Regular Insulin,Diabetes,Cold Room,Cold Chain,B403664,2024-01-03,2026-01-03,5035,400,1807"
"INV00727,H008,El Khanka Central Hospital,MED027,NPH Insulin,Diabetes,Cold Room,Cold Chain,B808672,2024-07-10,2026-07-10,4406,400,1357"
"INV00728,H008,El Khanka Central Hospital,MED028,Insulin Glargine,Diabetes,Cold Room,Cold Chain,B435299,2024-05-07,2026-05-07,4522,400,2273"
"INV00729,H008,El Khanka Central Hospital,MED029,Metformin 500 mg,Diabetes,B,Room Temperature,B471513,2024-03-18,2026-03-18,4157,400,1699"
"INV00730,H008,El Khanka Central Hospital,MED030,Metformin 850 mg,Diabetes,C,Room Temperature,B259034,2024-08-03,2026-08-03,4852,400,2314"
"INV00731,H008,El Khanka Central Hospital,MED031,Gliclazide,Diabetes,B,Room Temperature,B472047,2024-10-09,2026-10-09,4355,400,1594"
"INV00732,H008,El Khanka Central Hospital,MED032,Glimepiride,Diabetes,A,Room Temperature,B397675,2024-05-26,2026-05-26,4815,400,2157"
"INV00733,H008,El Khanka Central Hospital,MED033,Glibenclamide,Diabetes,C,Room Temperature,B746238,2024-05-27,2026-05-27,4712,400,1587"
"INV00734,H008,El Khanka Central Hospital,MED034,Sitagliptin,Diabetes,B,Room Temperature,B510482,2024-01-22,2026-01-22,4463,400,1912"
"INV00735,H008,El Khanka Central Hospital,MED035,Empagliflozin,Diabetes,B,Room Temperature,B386479,2024-04-23,2026-04-23,5230,400,1652"
"INV00736,H008,El Khanka Central Hospital,MED036,Amlodipine,Cardiovascular,B,Room Temperature,B434971,2024-11-23,2027-11-23,4910,400,2143"
"INV00737,H008,El Khanka Central Hospital,MED037,Captopril,Cardiovascular,A,Room Temperature,B247595,2024-10-09,2027-10-09,4324,400,1403"
"INV00738,H008,El Khanka Central Hospital,MED038,Enalapril,Cardiovascular,C,Room Temperature,B254692,2024-11-29,2027-11-29,4944,400,2148"
"INV00739,H008,El Khanka Central Hospital,MED039,Losartan,Cardiovascular,B,Room Temperature,B742927,2024-02-19,2027-02-19,4696,400,1443"
"INV00740,H008,El Khanka Central Hospital,MED040,Valsartan,Cardiovascular,C,Room Temperature,B501062,2024-02-16,2027-02-16,4984,400,2484"
"INV00741,H008,El Khanka Central Hospital,MED041,Bisoprolol,Cardiovascular,B,Room Temperature,B175277,2024-03-19,2027-03-19,4599,400,2343"
"INV00742,H008,El Khanka Central Hospital,MED042,Metoprolol,Cardiovascular,C,Room Temperature,B647219,2024-09-04,2027-09-04,4900,400,1729"
"INV00743,H008,El Khanka Central Hospital,MED043,Atenolol,Cardiovascular,A,Room Temperature,B719064,2024-12-26,2027-12-26,3777,400,1776"
"INV00744,H008,El Khanka Central Hospital,MED044,Furosemide,Cardiovascular,B,Room Temperature,B503777,2024-01-17,2027-01-17,5052,400,1513"
"INV00745,H008,El Khanka Central Hospital,MED045,Spironolactone,Cardiovascular,B,Room Temperature,B495204,2024-06-17,2027-06-17,4829,400,1894"
"INV00746,H008,El Khanka Central Hospital,MED046,Hydrochlorothiazide,Cardiovascular,A,Room Temperature,B843088,2024-08-06,2027-08-06,4530,400,2132"
"INV00747,H008,El Khanka Central Hospital,MED047,Atorvastatin,Cardiovascular,C,Room Temperature,B656376,2024-04-07,2027-04-07,4055,400,1937"
"INV00748,H008,El Khanka Central Hospital,MED048,Rosuvastatin,Cardiovascular,B,Room Temperature,B235189,2024-06-14,2027-06-14,4298,400,1883"
"INV00749,H008,El Khanka Central Hospital,MED049,Clopidogrel,Cardiovascular,A,Room Temperature,B130949,2024-06-05,2027-06-05,4802,400,1456"
"INV00750,H008,El Khanka Central Hospital,MED050,Warfarin,Cardiovascular,B,Room Temperature,B161842,2024-04-17,2027-04-17,3911,400,1278"
"INV00751,H008,El Khanka Central Hospital,MED051,Salbutamol Inhaler,Respiratory,B,Room Temperature,B868917,2024-11-04,2026-11-04,5043,400,1902"
"INV00752,H008,El Khanka Central Hospital,MED052,Budesonide Inhaler,Respiratory,B,Room Temperature,B719055,2024-12-17,2026-12-17,4275,400,1213"
"INV00753,H008,El Khanka Central Hospital,MED053,Ipratropium,Respiratory,C,Room Temperature,B653372,2024-09-14,2026-09-14,4166,400,1384"
"INV00754,H008,El Khanka Central Hospital,MED054,Montelukast,Respiratory,A,Room Temperature,B948692,2024-09-22,2026-09-22,5296,400,2623"
"INV00755,H008,El Khanka Central Hospital,MED055,Theophylline,Respiratory,A,Room Temperature,B888245,2024-09-04,2026-09-04,4669,400,1687"
"INV00756,H008,El Khanka Central Hospital,MED056,Acetylcysteine,Respiratory,A,Room Temperature,B797411,2024-10-27,2026-10-27,5063,400,1965"
"INV00757,H008,El Khanka Central Hospital,MED057,Ambroxol,Respiratory,A,Room Temperature,B570435,2024-05-17,2026-05-17,4001,400,1195"
"INV00758,H008,El Khanka Central Hospital,MED058,Dexamethasone Neb,Respiratory,B,Room Temperature,B393125,2024-10-14,2026-10-14,4982,400,2133"
"INV00759,H008,El Khanka Central Hospital,MED059,Prednisolone,Respiratory,C,Room Temperature,B702801,2024-10-09,2026-10-09,4177,400,1643"
"INV00760,H008,El Khanka Central Hospital,MED060,Hydrocortisone,Respiratory,A,Room Temperature,B588067,2024-09-27,2026-09-27,5083,400,1712"
"INV00761,H008,El Khanka Central Hospital,MED061,Normal Saline,IV Fluids,C,Room Temperature,B821755,2024-09-04,2026-09-04,9804,800,3018"
"INV00762,H008,El Khanka Central Hospital,MED062,Ringer Lactate,IV Fluids,A,Room Temperature,B818316,2024-07-30,2026-07-30,9153,800,2676"
"INV00763,H008,El Khanka Central Hospital,MED063,Dextrose 5%,IV Fluids,A,Room Temperature,B989855,2024-02-16,2026-02-16,9181,800,1674"
"INV00764,H008,El Khanka Central Hospital,MED064,Dextrose 10%,IV Fluids,B,Room Temperature,B212935,2024-10-16,2026-10-16,9239,800,2471"
"INV00765,H008,El Khanka Central Hospital,MED065,Half Saline,IV Fluids,B,Room Temperature,B838464,2024-11-09,2026-11-09,9425,800,2643"
"INV00766,H008,El Khanka Central Hospital,MED066,DNS,IV Fluids,B,Room Temperature,B953329,2024-05-17,2026-05-17,9115,800,2300"
"INV00767,H008,El Khanka Central Hospital,MED067,Sterile Water,IV Fluids,C,Room Temperature,B737431,2024-03-17,2026-03-17,9916,800,2742"
"INV00768,H008,El Khanka Central Hospital,MED068,Mannitol,IV Fluids,B,Room Temperature,B996749,2024-03-31,2026-03-31,9693,800,2949"
"INV00769,H008,El Khanka Central Hospital,MED069,Albumin,IV Fluids,B,Room Temperature,B108024,2024-04-16,2026-04-16,9883,800,2521"
"INV00770,H008,El Khanka Central Hospital,MED070,Plasma Expander,IV Fluids,A,Room Temperature,B979140,2024-06-30,2026-06-30,9276,800,2679"
"INV00771,H008,El Khanka Central Hospital,MED071,Adrenaline,Emergency,A,Room Temperature,B616540,2024-09-14,2026-09-14,2764,150,1738"
"INV00772,H008,El Khanka Central Hospital,MED072,Atropine,Emergency,B,Room Temperature,B798787,2024-06-16,2026-06-16,2712,150,1628"
"INV00773,H008,El Khanka Central Hospital,MED073,Dopamine,Emergency,B,Room Temperature,B959665,2024-04-01,2026-04-01,1930,150,1095"
"INV00774,H008,El Khanka Central Hospital,MED074,Dobutamine,Emergency,C,Room Temperature,B834412,2024-07-03,2026-07-03,2595,150,1674"
"INV00775,H008,El Khanka Central Hospital,MED075,Nitroglycerin,Emergency,C,Room Temperature,B653781,2024-12-28,2026-12-28,2856,150,1471"
"INV00776,H008,El Khanka Central Hospital,MED076,Amiodarone,Emergency,A,Room Temperature,B397986,2024-11-06,2026-11-06,2428,150,1034"
"INV00777,H008,El Khanka Central Hospital,MED077,Lidocaine,Emergency,C,Room Temperature,B375796,2024-02-07,2026-02-07,2234,150,1682"
"INV00778,H008,El Khanka Central Hospital,MED078,Calcium Gluconate,Emergency,B,Room Temperature,B935825,2024-01-21,2026-01-21,2717,150,1820"
"INV00779,H008,El Khanka Central Hospital,MED079,Magnesium Sulfate,Emergency,B,Room Temperature,B752416,2024-03-09,2026-03-09,1920,150,1584"
"INV00780,H008,El Khanka Central Hospital,MED080,Naloxone,Emergency,A,Room Temperature,B758966,2024-08-21,2026-08-21,1896,150,1182"
"INV00781,H008,El Khanka Central Hospital,MED081,Omeprazole,Gastrointestinal,B,Room Temperature,B867286,2024-12-09,2027-12-09,4301,400,1446"
"INV00782,H008,El Khanka Central Hospital,MED082,Pantoprazole,Gastrointestinal,B,Room Temperature,B859785,2024-04-19,2027-04-19,5351,400,2238"
"INV00783,H008,El Khanka Central Hospital,MED083,Esomeprazole,Gastrointestinal,B,Room Temperature,B123408,2024-04-06,2027-04-06,4235,400,2085"
"INV00784,H008,El Khanka Central Hospital,MED084,Famotidine,Gastrointestinal,B,Room Temperature,B156358,2024-02-04,2027-02-04,4145,400,1477"
"INV00785,H008,El Khanka Central Hospital,MED085,Domperidone,Gastrointestinal,C,Room Temperature,B622710,2024-03-16,2027-03-16,5034,400,1669"
"INV00786,H008,El Khanka Central Hospital,MED086,Ondansetron,Gastrointestinal,C,Room Temperature,B979854,2024-10-11,2027-10-11,5045,400,1899"
"INV00787,H008,El Khanka Central Hospital,MED087,Lactulose,Gastrointestinal,C,Room Temperature,B613942,2024-04-21,2027-04-21,4594,400,1893"
"INV00788,H008,El Khanka Central Hospital,MED088,ORS,Gastrointestinal,C,Room Temperature,B639243,2024-05-13,2027-05-13,4087,400,1649"
"INV00789,H008,El Khanka Central Hospital,MED089,Loperamide,Gastrointestinal,C,Room Temperature,B694557,2024-07-27,2027-07-27,4575,400,1483"
"INV00790,H008,El Khanka Central Hospital,MED090,Hyoscine,Gastrointestinal,A,Room Temperature,B199977,2024-05-01,2027-05-01,4510,400,2323"
"INV00791,H008,El Khanka Central Hospital,MED091,Hepatitis B Vaccine,Vaccines,Cold Room,Cold Chain,B886086,2024-01-28,2025-01-28,2587,150,1133"
"INV00792,H008,El Khanka Central Hospital,MED092,BCG Vaccine,Vaccines,Cold Room,Cold Chain,B407086,2024-04-27,2025-04-27,2362,150,991"
"INV00793,H008,El Khanka Central Hospital,MED093,MMR Vaccine,Vaccines,Cold Room,Cold Chain,B115534,2024-05-16,2025-05-16,2895,150,1439"
"INV00794,H008,El Khanka Central Hospital,MED094,Tetanus Vaccine,Vaccines,Cold Room,Cold Chain,B858761,2024-11-25,2025-11-25,1914,150,1100"
"INV00795,H008,El Khanka Central Hospital,MED095,Influenza Vaccine,Vaccines,Cold Room,Cold Chain,B811413,2024-05-20,2025-05-20,2071,150,1512"
"INV00796,H008,El Khanka Central Hospital,MED096,Propofol,Anesthesia,B,Room Temperature,B504015,2024-07-23,2026-07-23,2657,150,1266"
"INV00797,H008,El Khanka Central Hospital,MED097,Ketamine,Anesthesia,A,Room Temperature,B184607,2024-10-21,2026-10-21,2328,150,1976"
"INV00798,H008,El Khanka Central Hospital,MED098,Midazolam,Anesthesia,B,Room Temperature,B755129,2024-11-20,2026-11-20,2564,150,1264"
"INV00799,H008,El Khanka Central Hospital,MED099,Thiopental,Anesthesia,B,Room Temperature,B453076,2024-04-12,2026-04-12,2787,150,1771"
"INV00800,H008,El Khanka Central Hospital,MED100,Succinylcholine,Anesthesia,B,Room Temperature,B747418,2024-01-25,2026-01-25,2115,150,945"
"INV00801,H009,Qaha Specialized Hospital,MED001,Paracetamol 500 mg Tablet,Analgesics,A,Room Temperature,B523291,2024-10-08,2027-10-08,12020,1280,5058"
"INV00802,H009,Qaha Specialized Hospital,MED002,Paracetamol IV Infusion,Analgesics,B,Room Temperature,B945623,2024-04-29,2027-04-29,10545,1280,3613"
"INV00803,H009,Qaha Specialized Hospital,MED003,Ibuprofen 400 mg Tablet,Analgesics,B,Room Temperature,B668242,2024-12-29,2027-12-29,11379,1280,4801"
"INV00804,H009,Qaha Specialized Hospital,MED004,Diclofenac Sodium Injection,Analgesics,C,Room Temperature,B280882,2024-12-04,2027-12-04,11076,1280,3948"
"INV00805,H009,Qaha Specialized Hospital,MED005,Diclofenac Tablet,Analgesics,C,Room Temperature,B169300,2024-05-18,2027-05-18,11285,1280,4583"
"INV00806,H009,Qaha Specialized Hospital,MED006,Ketorolac Injection,Analgesics,B,Room Temperature,B927585,2024-02-17,2027-02-17,10832,1280,4296"
"INV00807,H009,Qaha Specialized Hospital,MED007,Tramadol Injection,Analgesics,C,Room Temperature,B307139,2024-12-25,2027-12-25,10864,1280,3300"
"INV00808,H009,Qaha Specialized Hospital,MED008,Morphine Injection,Analgesics,A,Room Temperature,B892908,2024-03-22,2027-03-22,10590,1280,4161"
"INV00809,H009,Qaha Specialized Hospital,MED009,Aspirin 81 mg Tablet,Analgesics,B,Room Temperature,B585097,2024-08-08,2027-08-08,10703,1280,4540"
"INV00810,H009,Qaha Specialized Hospital,MED010,Aspirin 300 mg Tablet,Analgesics,A,Room Temperature,B145095,2024-11-15,2027-11-15,9790,1280,2813"
"INV00811,H009,Qaha Specialized Hospital,MED011,Amoxicillin 500 mg,Antibiotics,C,Room Temperature,B450067,2024-02-29,2026-02-28,9680,1280,3042"
"INV00812,H009,Qaha Specialized Hospital,MED012,Amoxicillin-Clavulanate,Antibiotics,C,Room Temperature,B427069,2024-12-12,2026-12-12,11154,1280,3852"
"INV00813,H009,Qaha Specialized Hospital,MED013,Ceftriaxone 1 g,Antibiotics,A,Room Temperature,B756030,2024-12-13,2026-12-13,12017,1280,5531"
"INV00814,H009,Qaha Specialized Hospital,MED014,Cefotaxime,Antibiotics,B,Room Temperature,B345144,2024-02-17,2026-02-17,11027,1280,4329"
"INV00815,H009,Qaha Specialized Hospital,MED015,Cefuroxime,Antibiotics,C,Room Temperature,B201158,2024-11-13,2026-11-13,11205,1280,4869"
"INV00816,H009,Qaha Specialized Hospital,MED016,Azithromycin,Antibiotics,C,Room Temperature,B973030,2024-02-28,2026-02-28,10221,1280,3363"
"INV00817,H009,Qaha Specialized Hospital,MED017,Clarithromycin,Antibiotics,C,Room Temperature,B903806,2024-08-02,2026-08-02,11318,1280,4580"
"INV00818,H009,Qaha Specialized Hospital,MED018,Ciprofloxacin,Antibiotics,A,Room Temperature,B388213,2024-09-01,2026-09-01,9955,1280,4424"
"INV00819,H009,Qaha Specialized Hospital,MED019,Levofloxacin,Antibiotics,A,Room Temperature,B919253,2024-09-23,2026-09-23,10763,1280,3818"
"INV00820,H009,Qaha Specialized Hospital,MED020,Metronidazole IV,Antibiotics,C,Room Temperature,B795532,2024-02-09,2026-02-09,9381,1280,3702"
"INV00821,H009,Qaha Specialized Hospital,MED021,Vancomycin,Antibiotics,B,Room Temperature,B735274,2024-05-17,2025-11-17,3114,240,2217"
"INV00822,H009,Qaha Specialized Hospital,MED022,Meropenem,Antibiotics,A,Room Temperature,B149522,2024-06-26,2025-12-26,1989,240,1564"
"INV00823,H009,Qaha Specialized Hospital,MED023,Imipenem,Antibiotics,B,Room Temperature,B307352,2024-03-02,2025-09-02,3038,240,1975"
"INV00824,H009,Qaha Specialized Hospital,MED024,Piperacillin/Tazobactam,Antibiotics,A,Room Temperature,B310048,2024-03-01,2025-09-01,9289,1280,3001"
"INV00825,H009,Qaha Specialized Hospital,MED025,Colistin,Antibiotics,A,Room Temperature,B821818,2024-04-19,2025-10-19,2539,240,1416"
"INV00826,H009,Qaha Specialized Hospital,MED026,Regular Insulin,Diabetes,Cold Room,Cold Chain,B750102,2024-10-05,2026-10-05,5761,640,2599"
"INV00827,H009,Qaha Specialized Hospital,MED027,NPH Insulin,Diabetes,Cold Room,Cold Chain,B915495,2024-06-09,2026-06-09,4968,640,2253"
"INV00828,H009,Qaha Specialized Hospital,MED028,Insulin Glargine,Diabetes,Cold Room,Cold Chain,B564462,2024-04-05,2026-04-05,5536,640,2555"
"INV00829,H009,Qaha Specialized Hospital,MED029,Metformin 500 mg,Diabetes,B,Room Temperature,B225829,2024-06-24,2026-06-24,5605,640,2954"
"INV00830,H009,Qaha Specialized Hospital,MED030,Metformin 850 mg,Diabetes,B,Room Temperature,B722334,2024-08-19,2026-08-19,5271,640,2399"
"INV00831,H009,Qaha Specialized Hospital,MED031,Gliclazide,Diabetes,B,Room Temperature,B967591,2024-09-14,2026-09-14,5757,640,3266"
"INV00832,H009,Qaha Specialized Hospital,MED032,Glimepiride,Diabetes,A,Room Temperature,B921935,2024-02-07,2026-02-07,5344,640,2820"
"INV00833,H009,Qaha Specialized Hospital,MED033,Glibenclamide,Diabetes,B,Room Temperature,B436986,2024-10-13,2026-10-13,4427,640,2557"
"INV00834,H009,Qaha Specialized Hospital,MED034,Sitagliptin,Diabetes,B,Room Temperature,B277826,2024-12-12,2026-12-12,5379,640,2594"
"INV00835,H009,Qaha Specialized Hospital,MED035,Empagliflozin,Diabetes,B,Room Temperature,B998035,2024-10-17,2026-10-17,4539,640,2614"
"INV00836,H009,Qaha Specialized Hospital,MED036,Amlodipine,Cardiovascular,B,Room Temperature,B893076,2024-10-30,2027-10-30,5155,640,2986"
"INV00837,H009,Qaha Specialized Hospital,MED037,Captopril,Cardiovascular,B,Room Temperature,B545872,2024-04-23,2027-04-23,4892,640,2959"
"INV00838,H009,Qaha Specialized Hospital,MED038,Enalapril,Cardiovascular,B,Room Temperature,B799746,2024-08-22,2027-08-22,5274,640,2507"
"INV00839,H009,Qaha Specialized Hospital,MED039,Losartan,Cardiovascular,B,Room Temperature,B700600,2024-05-17,2027-05-17,5460,640,2383"
"INV00840,H009,Qaha Specialized Hospital,MED040,Valsartan,Cardiovascular,A,Room Temperature,B529505,2024-06-19,2027-06-19,5410,640,1688"
"INV00841,H009,Qaha Specialized Hospital,MED041,Bisoprolol,Cardiovascular,B,Room Temperature,B839538,2024-02-17,2027-02-17,4143,640,1681"
"INV00842,H009,Qaha Specialized Hospital,MED042,Metoprolol,Cardiovascular,A,Room Temperature,B908596,2024-02-20,2027-02-20,5583,640,3146"
"INV00843,H009,Qaha Specialized Hospital,MED043,Atenolol,Cardiovascular,C,Room Temperature,B704056,2024-06-14,2027-06-14,5359,640,2517"
"INV00844,H009,Qaha Specialized Hospital,MED044,Furosemide,Cardiovascular,C,Room Temperature,B277718,2024-06-03,2027-06-03,4727,640,1516"
"INV00845,H009,Qaha Specialized Hospital,MED045,Spironolactone,Cardiovascular,A,Room Temperature,B591006,2024-12-08,2027-12-08,5304,640,2988"
"INV00846,H009,Qaha Specialized Hospital,MED046,Hydrochlorothiazide,Cardiovascular,B,Room Temperature,B958950,2024-03-04,2027-03-04,4572,640,2434"
"INV00847,H009,Qaha Specialized Hospital,MED047,Atorvastatin,Cardiovascular,A,Room Temperature,B685457,2024-08-01,2027-08-01,5006,640,2741"
"INV00848,H009,Qaha Specialized Hospital,MED048,Rosuvastatin,Cardiovascular,C,Room Temperature,B374336,2024-04-21,2027-04-21,5283,640,2103"
"INV00849,H009,Qaha Specialized Hospital,MED049,Clopidogrel,Cardiovascular,A,Room Temperature,B428821,2024-10-22,2027-10-22,5491,640,2605"
"INV00850,H009,Qaha Specialized Hospital,MED050,Warfarin,Cardiovascular,C,Room Temperature,B812793,2024-07-02,2027-07-02,5489,640,2624"
"INV00851,H009,Qaha Specialized Hospital,MED051,Salbutamol Inhaler,Respiratory,A,Room Temperature,B808387,2024-08-17,2026-08-17,5086,640,2484"
"INV00852,H009,Qaha Specialized Hospital,MED052,Budesonide Inhaler,Respiratory,A,Room Temperature,B114995,2024-10-25,2026-10-25,5495,640,2992"
"INV00853,H009,Qaha Specialized Hospital,MED053,Ipratropium,Respiratory,A,Room Temperature,B776479,2024-07-27,2026-07-27,4471,640,2332"
"INV00854,H009,Qaha Specialized Hospital,MED054,Montelukast,Respiratory,A,Room Temperature,B515466,2024-11-13,2026-11-13,5616,640,3039"
"INV00855,H009,Qaha Specialized Hospital,MED055,Theophylline,Respiratory,A,Room Temperature,B621396,2024-06-03,2026-06-03,5751,640,2438"
"INV00856,H009,Qaha Specialized Hospital,MED056,Acetylcysteine,Respiratory,C,Room Temperature,B798148,2024-06-27,2026-06-27,5181,640,2583"
"INV00857,H009,Qaha Specialized Hospital,MED057,Ambroxol,Respiratory,A,Room Temperature,B811943,2024-11-08,2026-11-08,4952,640,2472"
"INV00858,H009,Qaha Specialized Hospital,MED058,Dexamethasone Neb,Respiratory,A,Room Temperature,B507931,2024-10-02,2026-10-02,5427,640,2224"
"INV00859,H009,Qaha Specialized Hospital,MED059,Prednisolone,Respiratory,A,Room Temperature,B303561,2024-03-04,2026-03-04,5714,640,2871"
"INV00860,H009,Qaha Specialized Hospital,MED060,Hydrocortisone,Respiratory,B,Room Temperature,B969446,2024-04-07,2026-04-07,4783,640,2376"
"INV00861,H009,Qaha Specialized Hospital,MED061,Normal Saline,IV Fluids,C,Room Temperature,B102775,2024-12-23,2026-12-23,10425,1280,2675"
"INV00862,H009,Qaha Specialized Hospital,MED062,Ringer Lactate,IV Fluids,A,Room Temperature,B857634,2024-03-24,2026-03-24,10415,1280,3753"
"INV00863,H009,Qaha Specialized Hospital,MED063,Dextrose 5%,IV Fluids,C,Room Temperature,B452365,2024-12-25,2026-12-25,10073,1280,4076"
"INV00864,H009,Qaha Specialized Hospital,MED064,Dextrose 10%,IV Fluids,A,Room Temperature,B969001,2024-02-29,2026-02-28,9837,1280,3047"
"INV00865,H009,Qaha Specialized Hospital,MED065,Half Saline,IV Fluids,B,Room Temperature,B378495,2024-01-13,2026-01-13,9370,1280,2937"
"INV00866,H009,Qaha Specialized Hospital,MED066,DNS,IV Fluids,C,Room Temperature,B924657,2024-08-10,2026-08-10,9259,1280,2720"
"INV00867,H009,Qaha Specialized Hospital,MED067,Sterile Water,IV Fluids,B,Room Temperature,B800033,2024-10-04,2026-10-04,10021,1280,3188"
"INV00868,H009,Qaha Specialized Hospital,MED068,Mannitol,IV Fluids,B,Room Temperature,B897124,2024-04-05,2026-04-05,9328,1280,2553"
"INV00869,H009,Qaha Specialized Hospital,MED069,Albumin,IV Fluids,A,Room Temperature,B814647,2024-08-25,2026-08-25,9958,1280,2795"
"INV00870,H009,Qaha Specialized Hospital,MED070,Plasma Expander,IV Fluids,C,Room Temperature,B578454,2024-03-05,2026-03-05,11105,1280,3828"
"INV00871,H009,Qaha Specialized Hospital,MED071,Adrenaline,Emergency,C,Room Temperature,B876372,2024-04-15,2026-04-15,2588,240,1468"
"INV00872,H009,Qaha Specialized Hospital,MED072,Atropine,Emergency,C,Room Temperature,B395599,2024-03-29,2026-03-29,2438,240,1892"
"INV00873,H009,Qaha Specialized Hospital,MED073,Dopamine,Emergency,C,Room Temperature,B764846,2024-04-15,2026-04-15,2724,240,1869"
"INV00874,H009,Qaha Specialized Hospital,MED074,Dobutamine,Emergency,A,Room Temperature,B593960,2024-02-01,2026-02-01,2081,240,1975"
"INV00875,H009,Qaha Specialized Hospital,MED075,Nitroglycerin,Emergency,A,Room Temperature,B805356,2024-03-22,2026-03-22,2950,240,1988"
"INV00876,H009,Qaha Specialized Hospital,MED076,Amiodarone,Emergency,B,Room Temperature,B510834,2024-02-07,2026-02-07,2781,240,1496"
"INV00877,H009,Qaha Specialized Hospital,MED077,Lidocaine,Emergency,A,Room Temperature,B897583,2024-01-18,2026-01-18,2613,240,1408"
"INV00878,H009,Qaha Specialized Hospital,MED078,Calcium Gluconate,Emergency,C,Room Temperature,B209373,2024-08-11,2026-08-11,3202,240,1793"
"INV00879,H009,Qaha Specialized Hospital,MED079,Magnesium Sulfate,Emergency,A,Room Temperature,B966491,2024-03-17,2026-03-17,2903,240,1660"
"INV00880,H009,Qaha Specialized Hospital,MED080,Naloxone,Emergency,B,Room Temperature,B932583,2024-02-08,2026-02-08,2348,240,1471"
"INV00881,H009,Qaha Specialized Hospital,MED081,Omeprazole,Gastrointestinal,C,Room Temperature,B181972,2024-08-07,2027-08-07,4435,640,1678"
"INV00882,H009,Qaha Specialized Hospital,MED082,Pantoprazole,Gastrointestinal,C,Room Temperature,B592239,2024-08-13,2027-08-13,5024,640,2711"
"INV00883,H009,Qaha Specialized Hospital,MED083,Esomeprazole,Gastrointestinal,B,Room Temperature,B425437,2024-09-03,2027-09-03,5269,640,2788"
"INV00884,H009,Qaha Specialized Hospital,MED084,Famotidine,Gastrointestinal,B,Room Temperature,B543066,2024-09-12,2027-09-12,5393,640,2409"
"INV00885,H009,Qaha Specialized Hospital,MED085,Domperidone,Gastrointestinal,C,Room Temperature,B112100,2024-09-11,2027-09-11,5049,640,1892"
"INV00886,H009,Qaha Specialized Hospital,MED086,Ondansetron,Gastrointestinal,A,Room Temperature,B334196,2024-09-10,2027-09-10,5314,640,2239"
"INV00887,H009,Qaha Specialized Hospital,MED087,Lactulose,Gastrointestinal,A,Room Temperature,B902348,2024-01-13,2027-01-13,5799,640,2559"
"INV00888,H009,Qaha Specialized Hospital,MED088,ORS,Gastrointestinal,C,Room Temperature,B116279,2024-09-29,2027-09-29,5366,640,2727"
"INV00889,H009,Qaha Specialized Hospital,MED089,Loperamide,Gastrointestinal,C,Room Temperature,B963917,2024-10-05,2027-10-05,4515,640,1523"
"INV00890,H009,Qaha Specialized Hospital,MED090,Hyoscine,Gastrointestinal,C,Room Temperature,B547244,2024-07-05,2027-07-05,5198,640,1888"
"INV00891,H009,Qaha Specialized Hospital,MED091,Hepatitis B Vaccine,Vaccines,Cold Room,Cold Chain,B938927,2024-07-07,2025-07-07,2213,240,1705"
"INV00892,H009,Qaha Specialized Hospital,MED092,BCG Vaccine,Vaccines,Cold Room,Cold Chain,B297478,2024-10-12,2025-10-12,2565,240,1803"
"INV00893,H009,Qaha Specialized Hospital,MED093,MMR Vaccine,Vaccines,Cold Room,Cold Chain,B537585,2024-04-03,2025-04-03,2030,240,1247"
"INV00894,H009,Qaha Specialized Hospital,MED094,Tetanus Vaccine,Vaccines,Cold Room,Cold Chain,B441558,2024-04-21,2025-04-21,3005,240,1830"
"INV00895,H009,Qaha Specialized Hospital,MED095,Influenza Vaccine,Vaccines,Cold Room,Cold Chain,B394067,2024-07-19,2025-07-19,3182,240,1383"
"INV00896,H009,Qaha Specialized Hospital,MED096,Propofol,Anesthesia,A,Room Temperature,B746045,2024-06-28,2026-06-28,2218,240,1549"
"INV00897,H009,Qaha Specialized Hospital,MED097,Ketamine,Anesthesia,A,Room Temperature,B568011,2024-01-01,2026-01-01,3085,240,2149"
"INV00898,H009,Qaha Specialized Hospital,MED098,Midazolam,Anesthesia,C,Room Temperature,B331182,2024-10-14,2026-10-14,2927,240,1381"
"INV00899,H009,Qaha Specialized Hospital,MED099,Thiopental,Anesthesia,B,Room Temperature,B118074,2024-03-12,2026-03-12,2298,240,1947"
"INV00900,H009,Qaha Specialized Hospital,MED100,Succinylcholine,Anesthesia,C,Room Temperature,B116061,2024-02-11,2026-02-11,2582,240,1278"
"INV00901,H010,Banha Fever Hospital,MED001,Paracetamol 500 mg Tablet,Analgesics,C,Room Temperature,B478336,2024-09-29,2027-09-29,11254,1120,4350"
"INV00902,H010,Banha Fever Hospital,MED002,Paracetamol IV Infusion,Analgesics,A,Room Temperature,B596005,2024-02-25,2027-02-25,9733,1120,3538"
"INV00903,H010,Banha Fever Hospital,MED003,Ibuprofen 400 mg Tablet,Analgesics,C,Room Temperature,B977042,2024-07-10,2027-07-10,10106,1120,2760"
"INV00904,H010,Banha Fever Hospital,MED004,Diclofenac Sodium Injection,Analgesics,A,Room Temperature,B254455,2024-05-18,2027-05-18,8681,1120,3063"
"INV00905,H010,Banha Fever Hospital,MED005,Diclofenac Tablet,Analgesics,B,Room Temperature,B527858,2024-04-13,2027-04-13,10843,1120,3101"
"INV00906,H010,Banha Fever Hospital,MED006,Ketorolac Injection,Analgesics,C,Room Temperature,B835415,2024-05-26,2027-05-26,10662,1120,3054"
"INV00907,H010,Banha Fever Hospital,MED007,Tramadol Injection,Analgesics,B,Room Temperature,B328931,2024-08-31,2027-08-31,10641,1120,4114"
"INV00908,H010,Banha Fever Hospital,MED008,Morphine Injection,Analgesics,C,Room Temperature,B231379,2024-09-25,2027-09-25,11935,1120,4226"
"INV00909,H010,Banha Fever Hospital,MED009,Aspirin 81 mg Tablet,Analgesics,B,Room Temperature,B580441,2024-03-23,2027-03-23,9360,1120,4281"
"INV00910,H010,Banha Fever Hospital,MED010,Aspirin 300 mg Tablet,Analgesics,A,Room Temperature,B367136,2024-10-10,2027-10-10,9811,1120,3027"
"INV00911,H010,Banha Fever Hospital,MED011,Amoxicillin 500 mg,Antibiotics,C,Room Temperature,B860177,2024-07-26,2026-07-26,9818,1120,3110"
"INV00912,H010,Banha Fever Hospital,MED012,Amoxicillin-Clavulanate,Antibiotics,C,Room Temperature,B103358,2024-07-02,2026-07-02,8417,1120,3161"
"INV00913,H010,Banha Fever Hospital,MED013,Ceftriaxone 1 g,Antibiotics,B,Room Temperature,B892130,2024-10-16,2026-10-16,9079,1120,3147"
"INV00914,H010,Banha Fever Hospital,MED014,Cefotaxime,Antibiotics,A,Room Temperature,B338483,2024-10-08,2026-10-08,9878,1120,3346"
"INV00915,H010,Banha Fever Hospital,MED015,Cefuroxime,Antibiotics,B,Room Temperature,B644026,2024-07-13,2026-07-13,9694,1120,3171"
"INV00916,H010,Banha Fever Hospital,MED016,Azithromycin,Antibiotics,B,Room Temperature,B931156,2024-04-14,2026-04-14,8681,1120,3369"
"INV00917,H010,Banha Fever Hospital,MED017,Clarithromycin,Antibiotics,A,Room Temperature,B746275,2024-05-19,2026-05-19,9027,1120,3364"
"INV00918,H010,Banha Fever Hospital,MED018,Ciprofloxacin,Antibiotics,B,Room Temperature,B873720,2024-09-02,2026-09-02,9432,1120,2229"
"INV00919,H010,Banha Fever Hospital,MED019,Levofloxacin,Antibiotics,B,Room Temperature,B695376,2024-12-05,2026-12-05,10727,1120,4315"
"INV00920,H010,Banha Fever Hospital,MED020,Metronidazole IV,Antibiotics,C,Room Temperature,B204188,2024-10-20,2026-10-20,9638,1120,3118"
"INV00921,H010,Banha Fever Hospital,MED021,Vancomycin,Antibiotics,B,Room Temperature,B778936,2024-10-28,2026-04-28,2497,210,1890"
"INV00922,H010,Banha Fever Hospital,MED022,Meropenem,Antibiotics,C,Room Temperature,B397584,2024-03-10,2025-09-10,2146,210,1981"
"INV00923,H010,Banha Fever Hospital,MED023,Imipenem,Antibiotics,A,Room Temperature,B780465,2024-03-31,2025-09-30,2585,210,1617"
"INV00924,H010,Banha Fever Hospital,MED024,Piperacillin/Tazobactam,Antibiotics,B,Room Temperature,B929378,2024-05-30,2025-11-30,10818,1120,4095"
"INV00925,H010,Banha Fever Hospital,MED025,Colistin,Antibiotics,A,Room Temperature,B680086,2024-07-18,2026-01-18,2743,210,1027"
"INV00926,H010,Banha Fever Hospital,MED026,Regular Insulin,Diabetes,Cold Room,Cold Chain,B591830,2024-08-24,2026-08-24,4670,560,2557"
"INV00927,H010,Banha Fever Hospital,MED027,NPH Insulin,Diabetes,Cold Room,Cold Chain,B963428,2024-12-14,2026-12-14,5226,560,2711"
"INV00928,H010,Banha Fever Hospital,MED028,Insulin Glargine,Diabetes,Cold Room,Cold Chain,B102866,2024-12-25,2026-12-25,5350,560,2719"
"INV00929,H010,Banha Fever Hospital,MED029,Metformin 500 mg,Diabetes,C,Room Temperature,B897388,2024-03-30,2026-03-30,4850,560,2275"
"INV00930,H010,Banha Fever Hospital,MED030,Metformin 850 mg,Diabetes,C,Room Temperature,B741480,2024-04-03,2026-04-03,4925,560,2666"
"INV00931,H010,Banha Fever Hospital,MED031,Gliclazide,Diabetes,C,Room Temperature,B601323,2024-12-10,2026-12-10,5402,560,2354"
"INV00932,H010,Banha Fever Hospital,MED032,Glimepiride,Diabetes,B,Room Temperature,B915864,2024-11-16,2026-11-16,4982,560,1867"
"INV00933,H010,Banha Fever Hospital,MED033,Glibenclamide,Diabetes,C,Room Temperature,B699248,2024-11-30,2026-11-30,4538,560,2017"
"INV00934,H010,Banha Fever Hospital,MED034,Sitagliptin,Diabetes,C,Room Temperature,B532829,2024-01-08,2026-01-08,4177,560,1553"
"INV00935,H010,Banha Fever Hospital,MED035,Empagliflozin,Diabetes,B,Room Temperature,B702960,2024-06-14,2026-06-14,5160,560,2683"
"INV00936,H010,Banha Fever Hospital,MED036,Amlodipine,Cardiovascular,B,Room Temperature,B666510,2024-01-14,2027-01-14,5184,560,2110"
"INV00937,H010,Banha Fever Hospital,MED037,Captopril,Cardiovascular,B,Room Temperature,B149420,2024-10-09,2027-10-09,5009,560,1987"
"INV00938,H010,Banha Fever Hospital,MED038,Enalapril,Cardiovascular,C,Room Temperature,B768629,2024-01-06,2027-01-06,4568,560,1823"
"INV00939,H010,Banha Fever Hospital,MED039,Losartan,Cardiovascular,C,Room Temperature,B517582,2024-01-26,2027-01-26,5666,560,3074"
"INV00940,H010,Banha Fever Hospital,MED040,Valsartan,Cardiovascular,B,Room Temperature,B785503,2024-02-28,2027-02-28,4931,560,1964"
"INV00941,H010,Banha Fever Hospital,MED041,Bisoprolol,Cardiovascular,B,Room Temperature,B553510,2024-01-13,2027-01-13,4350,560,1963"
"INV00942,H010,Banha Fever Hospital,MED042,Metoprolol,Cardiovascular,A,Room Temperature,B124042,2024-03-03,2027-03-03,4653,560,1717"
"INV00943,H010,Banha Fever Hospital,MED043,Atenolol,Cardiovascular,A,Room Temperature,B961858,2024-04-09,2027-04-09,4798,560,2587"
"INV00944,H010,Banha Fever Hospital,MED044,Furosemide,Cardiovascular,B,Room Temperature,B909340,2024-11-12,2027-11-12,4943,560,2478"
"INV00945,H010,Banha Fever Hospital,MED045,Spironolactone,Cardiovascular,B,Room Temperature,B793023,2024-12-20,2027-12-20,5329,560,1678"
"INV00946,H010,Banha Fever Hospital,MED046,Hydrochlorothiazide,Cardiovascular,A,Room Temperature,B802461,2024-08-26,2027-08-26,5210,560,1613"
"INV00947,H010,Banha Fever Hospital,MED047,Atorvastatin,Cardiovascular,B,Room Temperature,B872332,2024-12-11,2027-12-11,4398,560,1578"
"INV00948,H010,Banha Fever Hospital,MED048,Rosuvastatin,Cardiovascular,C,Room Temperature,B824750,2024-10-06,2027-10-06,5321,560,1708"
"INV00949,H010,Banha Fever Hospital,MED049,Clopidogrel,Cardiovascular,C,Room Temperature,B811238,2024-09-20,2027-09-20,4566,560,2003"
"INV00950,H010,Banha Fever Hospital,MED050,Warfarin,Cardiovascular,C,Room Temperature,B336495,2024-11-08,2027-11-08,5579,560,2074"
"INV00951,H010,Banha Fever Hospital,MED051,Salbutamol Inhaler,Respiratory,B,Room Temperature,B247878,2024-08-08,2026-08-08,4475,560,2019"
"INV00952,H010,Banha Fever Hospital,MED052,Budesonide Inhaler,Respiratory,B,Room Temperature,B813156,2024-05-30,2026-05-30,4845,560,2201"
"INV00953,H010,Banha Fever Hospital,MED053,Ipratropium,Respiratory,A,Room Temperature,B676515,2024-04-17,2026-04-17,5055,560,2271"
"INV00954,H010,Banha Fever Hospital,MED054,Montelukast,Respiratory,B,Room Temperature,B674887,2024-05-25,2026-05-25,4246,560,2157"
"INV00955,H010,Banha Fever Hospital,MED055,Theophylline,Respiratory,B,Room Temperature,B434199,2024-04-21,2026-04-21,5081,560,1824"
"INV00956,H010,Banha Fever Hospital,MED056,Acetylcysteine,Respiratory,A,Room Temperature,B834595,2024-04-05,2026-04-05,5216,560,2601"
"INV00957,H010,Banha Fever Hospital,MED057,Ambroxol,Respiratory,B,Room Temperature,B590999,2024-08-01,2026-08-01,5255,560,2680"
"INV00958,H010,Banha Fever Hospital,MED058,Dexamethasone Neb,Respiratory,A,Room Temperature,B507407,2024-05-29,2026-05-29,5102,560,2853"
"INV00959,H010,Banha Fever Hospital,MED059,Prednisolone,Respiratory,B,Room Temperature,B345984,2024-09-26,2026-09-26,5936,560,2812"
"INV00960,H010,Banha Fever Hospital,MED060,Hydrocortisone,Respiratory,B,Room Temperature,B178537,2024-10-05,2026-10-05,5338,560,2661"
"INV00961,H010,Banha Fever Hospital,MED061,Normal Saline,IV Fluids,B,Room Temperature,B933238,2024-09-12,2026-09-12,11575,1120,3987"
"INV00962,H010,Banha Fever Hospital,MED062,Ringer Lactate,IV Fluids,B,Room Temperature,B856079,2024-09-04,2026-09-04,9976,1120,2513"
"INV00963,H010,Banha Fever Hospital,MED063,Dextrose 5%,IV Fluids,C,Room Temperature,B735254,2024-11-09,2026-11-09,10295,1120,3425"
"INV00964,H010,Banha Fever Hospital,MED064,Dextrose 10%,IV Fluids,C,Room Temperature,B847567,2024-04-25,2026-04-25,10419,1120,2925"
"INV00965,H010,Banha Fever Hospital,MED065,Half Saline,IV Fluids,B,Room Temperature,B448844,2024-08-01,2026-08-01,9434,1120,2485"
"INV00966,H010,Banha Fever Hospital,MED066,DNS,IV Fluids,C,Room Temperature,B663457,2024-03-04,2026-03-04,10255,1120,3866"
"INV00967,H010,Banha Fever Hospital,MED067,Sterile Water,IV Fluids,A,Room Temperature,B453039,2024-11-26,2026-11-26,10601,1120,2871"
"INV00968,H010,Banha Fever Hospital,MED068,Mannitol,IV Fluids,C,Room Temperature,B409509,2024-12-11,2026-12-11,9707,1120,2304"
"INV00969,H010,Banha Fever Hospital,MED069,Albumin,IV Fluids,A,Room Temperature,B987081,2024-10-30,2026-10-30,9823,1120,3859"
"INV00970,H010,Banha Fever Hospital,MED070,Plasma Expander,IV Fluids,A,Room Temperature,B139553,2024-09-02,2026-09-02,9757,1120,3120"
"INV00971,H010,Banha Fever Hospital,MED071,Adrenaline,Emergency,A,Room Temperature,B655710,2024-09-19,2026-09-19,3088,210,1195"
"INV00972,H010,Banha Fever Hospital,MED072,Atropine,Emergency,C,Room Temperature,B509740,2024-01-12,2026-01-12,2750,210,2188"
"INV00973,H010,Banha Fever Hospital,MED073,Dopamine,Emergency,B,Room Temperature,B815732,2024-10-18,2026-10-18,2660,210,1231"
"INV00974,H010,Banha Fever Hospital,MED074,Dobutamine,Emergency,B,Room Temperature,B194837,2024-10-10,2026-10-10,2271,210,1770"
"INV00975,H010,Banha Fever Hospital,MED075,Nitroglycerin,Emergency,C,Room Temperature,B909359,2024-05-30,2026-05-30,2661,210,2113"
"INV00976,H010,Banha Fever Hospital,MED076,Amiodarone,Emergency,A,Room Temperature,B330780,2024-05-03,2026-05-03,2630,210,1280"
"INV00977,H010,Banha Fever Hospital,MED077,Lidocaine,Emergency,C,Room Temperature,B899180,2024-10-01,2026-10-01,2042,210,1357"
"INV00978,H010,Banha Fever Hospital,MED078,Calcium Gluconate,Emergency,B,Room Temperature,B492179,2024-11-06,2026-11-06,2495,210,950"
"INV00979,H010,Banha Fever Hospital,MED079,Magnesium Sulfate,Emergency,C,Room Temperature,B103969,2024-06-12,2026-06-12,2062,210,1843"
"INV00980,H010,Banha Fever Hospital,MED080,Naloxone,Emergency,C,Room Temperature,B623293,2024-12-21,2026-12-21,2839,210,2114"
"INV00981,H010,Banha Fever Hospital,MED081,Omeprazole,Gastrointestinal,B,Room Temperature,B970261,2024-11-13,2027-11-13,4763,560,1964"
"INV00982,H010,Banha Fever Hospital,MED082,Pantoprazole,Gastrointestinal,B,Room Temperature,B157062,2024-11-24,2027-11-24,4358,560,2484"
"INV00983,H010,Banha Fever Hospital,MED083,Esomeprazole,Gastrointestinal,A,Room Temperature,B838591,2024-05-27,2027-05-27,5613,560,2236"
"INV00984,H010,Banha Fever Hospital,MED084,Famotidine,Gastrointestinal,A,Room Temperature,B778525,2024-12-08,2027-12-08,4422,560,2564"
"INV00985,H010,Banha Fever Hospital,MED085,Domperidone,Gastrointestinal,B,Room Temperature,B851393,2024-10-26,2027-10-26,5093,560,2842"
"INV00986,H010,Banha Fever Hospital,MED086,Ondansetron,Gastrointestinal,A,Room Temperature,B497891,2024-05-14,2027-05-14,5339,560,2931"
"INV00987,H010,Banha Fever Hospital,MED087,Lactulose,Gastrointestinal,B,Room Temperature,B831576,2024-06-11,2027-06-11,4297,560,1771"
"INV00988,H010,Banha Fever Hospital,MED088,ORS,Gastrointestinal,C,Room Temperature,B122337,2024-10-14,2027-10-14,4328,560,1773"
"INV00989,H010,Banha Fever Hospital,MED089,Loperamide,Gastrointestinal,A,Room Temperature,B452215,2024-11-11,2027-11-11,4531,560,1709"
"INV00990,H010,Banha Fever Hospital,MED090,Hyoscine,Gastrointestinal,B,Room Temperature,B656119,2024-04-16,2027-04-16,5133,560,1777"
"INV00991,H010,Banha Fever Hospital,MED091,Hepatitis B Vaccine,Vaccines,Cold Room,Cold Chain,B474169,2024-11-22,2025-11-22,1878,210,847"
"INV00992,H010,Banha Fever Hospital,MED092,BCG Vaccine,Vaccines,Cold Room,Cold Chain,B292458,2024-08-12,2025-08-12,2756,210,1975"
"INV00993,H010,Banha Fever Hospital,MED093,MMR Vaccine,Vaccines,Cold Room,Cold Chain,B975206,2024-06-29,2025-06-29,2283,210,2084"
"INV00994,H010,Banha Fever Hospital,MED094,Tetanus Vaccine,Vaccines,Cold Room,Cold Chain,B734151,2024-01-19,2025-01-19,3005,210,1341"
"INV00995,H010,Banha Fever Hospital,MED095,Influenza Vaccine,Vaccines,Cold Room,Cold Chain,B804706,2024-01-12,2025-01-12,2081,210,1332"
"INV00996,H010,Banha Fever Hospital,MED096,Propofol,Anesthesia,C,Room Temperature,B245281,2024-05-23,2026-05-23,2580,210,1907"
"INV00997,H010,Banha Fever Hospital,MED097,Ketamine,Anesthesia,C,Room Temperature,B214456,2024-10-10,2026-10-10,2605,210,1698"
"INV00998,H010,Banha Fever Hospital,MED098,Midazolam,Anesthesia,B,Room Temperature,B482688,2024-10-22,2026-10-22,1888,210,1244"
"INV00999,H010,Banha Fever Hospital,MED099,Thiopental,Anesthesia,B,Room Temperature,B653380,2024-10-29,2026-10-29,2207,210,1726"
"INV01000,H010,Banha Fever Hospital,MED100,Succinylcholine,Anesthesia,C,Room Temperature,B421898,2024-08-29,2026-08-29,2677,210,1148"
