"LineID,OrderID,ProductID,OrderedQty,UnitPrice,LineTotal,Status"
"LINE000001,PO00001,MED001,963,43,41409,Delivered"
"LINE000002,PO00001,MED004,905,35,31675,Delivered"
"LINE000003,PO00001,MED065,676,37,25012,Delivered"
"LINE000004,PO00001,MED082,1410,65,91650,Delivered"
"LINE000005,PO00001,MED088,1061,95,100795,Delivered"
"LINE000006,PO00002,MED002,603,29,17487,Delivered"
"LINE000007,PO00002,MED009,1081,38,41078,Delivered"
"LINE000008,PO00002,MED066,1451,109,158159,Delivered"
"LINE000009,PO00003,MED003,997,22,21934,Delivered"
"LINE000010,PO00003,MED005,1192,33,39336,Delivered"
"LINE000011,PO00003,MED010,1510,38,57380,Delivered"
"LINE000012,PO00003,MED085,1288,69,88872,Delivered"
"LINE000013,PO00003,MED089,526,33,17358,Delivered"
"LINE000014,PO00004,MED006,1012,37,37444,Delivered"
"LINE000015,PO00004,MED007,1483,25,37075,Delivered"
"LINE000016,PO00004,MED061,1513,23,34799,Delivered"
"LINE000017,PO00004,MED062,728,73,53144,Delivered"
"LINE000018,PO00004,MED069,1286,93,119598,Delivered"
"LINE000019,PO00004,MED070,1086,81,87966,Delivered"
"LINE000020,PO00004,MED086,790,89,70310,Delivered"
"LINE000021,PO00005,MED008,828,25,20700,Delivered"
"LINE000022,PO00005,MED090,991,112,110992,Delivered"
"LINE000023,PO00006,MED011,1212,210,254520,Delivered"
"LINE000024,PO00006,MED020,934,356,332504,Delivered"
"LINE000025,PO00006,MED033,556,239,132884,Delivered"
"LINE000026,PO00006,MED038,719,273,196287,Delivered"
"LINE000027,PO00006,MED039,1396,349,487204,Delivered"
"LINE000028,PO00006,MED047,899,118,106082,Delivered"
"LINE000029,PO00006,MED073,1162,505,586810,Delivered"
"LINE000030,PO00006,MED078,1415,102,144330,Delivered"
"LINE000031,PO00006,MED096,1071,491,525861,Delivered"
"LINE000032,PO00007,MED012,1361,229,311669,Delivered"
"LINE000033,PO00007,MED025,1266,315,398790,Delivered"
"LINE000034,PO00007,MED029,905,560,506800,Delivered"
"LINE000035,PO00007,MED032,1352,749,1012648,Delivered"
"LINE000036,PO00007,MED035,1474,612,902088,Delivered"
"LINE000037,PO00007,MED043,600,50,30000,Delivered"
"LINE000038,PO00007,MED051,1176,304,357504,Delivered"
"LINE000039,PO00008,MED013,551,388,213788,Delivered"
"LINE000040,PO00008,MED050,1325,271,359075,Delivered"
"LINE000041,PO00008,MED055,1076,74,79624,Delivered"
"LINE000042,PO00009,MED014,910,337,306670,Delivered"
"LINE000043,PO00009,MED021,703,240,168720,Delivered"
"LINE000044,PO00009,MED022,754,393,296322,Delivered"
"LINE000045,PO00009,MED028,576,108,62208,Delivered"
"LINE000046,PO00009,MED031,550,525,288750,Delivered"
"LINE000047,PO00009,MED045,849,196,166404,Delivered"
"LINE000048,PO00009,MED049,1154,43,49622,Delivered"
"LINE000049,PO00009,MED056,896,245,219520,Delivered"
"LINE000050,PO00009,MED058,755,89,67195,Delivered"
"LINE000051,PO00009,MED059,697,41,28577,Delivered"
"LINE000052,PO00009,MED072,664,320,212480,Delivered"
"LINE000053,PO00009,MED077,616,387,238392,Delivered"
"LINE000054,PO00009,MED097,1190,518,616420,Delivered"
"LINE000055,PO00009,MED099,1141,478,545398,Delivered"
"LINE000056,PO00010,MED015,764,423,323172,Delivered"
"LINE000057,PO00010,MED040,1077,160,172320,Delivered"
"LINE000058,PO00010,MED048,868,345,299460,Delivered"
"LINE000059,PO00010,MED054,1204,303,364812,Delivered"
"LINE000060,PO00010,MED094,754,1362,1026948,Delivered"
"LINE000061,PO00010,MED095,633,792,501336,Delivered"
"LINE000062,PO00011,MED016,1424,493,702032,Delivered"
"LINE000063,PO00011,MED053,1317,131,172527,Delivered"
"LINE000064,PO00011,MED075,1423,301,428323,Delivered"
"LINE000065,PO00011,MED098,1448,388,561824,Delivered"
"LINE000066,PO00012,MED017,982,373,366286,Delivered"
"LINE000067,PO00012,MED046,861,303,260883,Delivered"
"LINE000068,PO00012,MED052,1341,92,123372,Delivered"
"LINE000069,PO00012,MED057,1196,120,143520,Delivered"
"LINE000070,PO00013,MED018,720,465,334800,Delivered"
"LINE000071,PO00013,MED019,915,271,247965,Delivered"
"LINE000072,PO00013,MED026,662,610,403820,Delivered"
"LINE000073,PO00013,MED034,1198,736,881728,Delivered"
"LINE000074,PO00013,MED036,1154,393,453522,Delivered"
"LINE000075,PO00013,MED071,755,319,240845,Delivered"
"LINE000076,PO00013,MED076,1469,345,506805,Delivered"
"LINE000077,PO00013,MED092,852,847,721644,Delivered"
"LINE000078,PO00014,MED023,1220,101,123220,Delivered"
"LINE000079,PO00014,MED027,853,524,446972,Delivered"
"LINE000080,PO00014,MED037,1010,84,84840,Delivered"
"LINE000081,PO00014,MED041,912,336,306432,Delivered"
"LINE000082,PO00014,MED044,1081,358,386998,Delivered"
"LINE000083,PO00014,MED074,654,511,334194,Delivered"
"LINE000084,PO00015,MED024,584,332,193888,Delivered"
"LINE000085,PO00015,MED030,892,731,652052,Delivered"
"LINE000086,PO00015,MED091,601,1352,812552,Delivered"
"LINE000087,PO00015,MED093,601,1286,772886,Delivered"
"LINE000088,PO00015,MED100,1491,330,492030,Delivered"
"LINE000089,PO00016,MED042,1050,164,172200,Delivered"
"LINE000090,PO00016,MED060,786,93,73098,Delivered"
"LINE000091,PO00016,MED079,664,266,176624,Delivered"
"LINE000092,PO00016,MED080,1501,237,355737,Delivered"
"LINE000093,PO00017,MED063,875,112,98000,Delivered"
"LINE000094,PO00017,MED068,1476,53,78228,Delivered"
"LINE000095,PO00018,MED064,1470,82,120540,Delivered"
"LINE000096,PO00018,MED081,789,148,116772,Delivered"
"LINE000097,PO00018,MED083,1194,181,216114,Delivered"
"LINE000098,PO00019,MED067,1391,63,87633,Delivered"
"LINE000099,PO00020,MED084,737,39,28743,Delivered"
"LINE000100,PO00020,MED087,1386,113,156618,Delivered"
"LINE000101,PO00021,MED001,695,43,29885,Delivered"
"LINE000102,PO00022,MED002,1064,29,30856,Delivered"
"LINE000103,PO00022,MED007,1322,25,33050,Delivered"
"LINE000104,PO00022,MED067,697,63,43911,Delivered"
"LINE000105,PO00023,MED003,927,22,20394,Delivered"
"LINE000106,PO00023,MED005,854,33,28182,Delivered"
"LINE000107,PO00023,MED008,572,25,14300,Delivered"
"LINE000108,PO00023,MED064,1429,82,117178,Delivered"
"LINE000109,PO00023,MED066,1316,109,143444,Delivered"
"LINE000110,PO00023,MED081,715,148,105820,Delivered"
"LINE000111,PO00023,MED089,685,33,22605,Delivered"
"LINE000112,PO00024,MED004,1350,35,47250,Delivered"
"LINE000113,PO00024,MED009,713,38,27094,Delivered"
"LINE000114,PO00024,MED070,1397,81,113157,Delivered"
"LINE000115,PO00024,MED082,1170,65,76050,Delivered"
"LINE000116,PO00025,MED006,1176,37,43512,Delivered"
"LINE000117,PO00025,MED065,1175,37,43475,Delivered"
"LINE000118,PO00025,MED068,1179,53,62487,Delivered"
"LINE000119,PO00025,MED069,1328,93,123504,Delivered"
"LINE000120,PO00025,MED086,1459,89,129851,Delivered"
"LINE000121,PO00026,MED010,1093,38,41534,Delivered"
"LINE000122,PO00026,MED084,925,39,36075,Delivered"
"LINE000123,PO00026,MED088,862,95,81890,Delivered"
"LINE000124,PO00027,MED011,1357,210,284970,Delivered"
"LINE000125,PO00027,MED019,1465,271,397015,Delivered"
"LINE000126,PO00027,MED073,721,505,364105,Delivered"
"LINE000127,PO00027,MED076,690,345,238050,Delivered"
"LINE000128,PO00027,MED078,622,102,63444,Delivered"
"LINE000129,PO00027,MED095,1209,792,957528,Delivered"
"LINE000130,PO00028,MED012,959,229,219611,Delivered"
"LINE000131,PO00028,MED016,1347,493,664071,Delivered"
"LINE000132,PO00028,MED022,1017,393,399681,Delivered"
"LINE000133,PO00028,MED030,985,731,720035,Delivered"
"LINE000134,PO00028,MED042,1011,164,165804,Delivered"
"LINE000135,PO00028,MED045,1335,196,261660,Delivered"
"LINE000136,PO00028,MED046,920,303,278760,Delivered"
"LINE000137,PO00028,MED058,1458,89,129762,Delivered"
"LINE000138,PO00028,MED079,1189,266,316274,Delivered"
"LINE000139,PO00028,MED093,1411,1286,1814546,Delivered"
"LINE000140,PO00028,MED094,893,1362,1216266,Delivered"
"LINE000141,PO00029,MED013,571,388,221548,Delivered"
"LINE000142,PO00029,MED023,618,101,62418,Delivered"
"LINE000143,PO00029,MED036,1271,393,499503,Delivered"
"LINE000144,PO00029,MED060,690,93,64170,Delivered"
"LINE000145,PO00030,MED014,618,337,208266,Delivered"
"LINE000146,PO00030,MED024,764,332,253648,Delivered"
"LINE000147,PO00030,MED028,580,108,62640,Delivered"
"LINE000148,PO00030,MED032,1274,749,954226,Delivered"
"LINE000149,PO00030,MED056,1072,245,262640,Delivered"
"LINE000150,PO00030,MED059,1078,41,44198,Delivered"
"LINE000151,PO00031,MED015,1408,423,595584,Delivered"
"LINE000152,PO00031,MED020,1359,356,483804,Delivered"
"LINE000153,PO00031,MED038,1052,273,287196,Delivered"
"LINE000154,PO00031,MED049,1249,43,53707,Delivered"
"LINE000155,PO00031,MED052,1389,92,127788,Delivered"
"LINE000156,PO00031,MED072,628,320,200960,Delivered"
"LINE000157,PO00031,MED099,739,478,353242,Delivered"
"LINE000158,PO00032,MED017,886,373,330478,Delivered"
"LINE000159,PO00032,MED025,951,315,299565,Delivered"
"LINE000160,PO00032,MED037,984,84,82656,Delivered"
"LINE000161,PO00032,MED044,622,358,222676,Delivered"
"LINE000162,PO00032,MED071,1214,319,387266,Delivered"
"LINE000163,PO00032,MED077,913,387,353331,Delivered"
"LINE000164,PO00032,MED092,966,847,818202,Delivered"
"LINE000165,PO00033,MED018,648,465,301320,Delivered"
"LINE000166,PO00033,MED021,1409,240,338160,Delivered"
"LINE000167,PO00033,MED035,1030,612,630360,Delivered"
"LINE000168,PO00033,MED040,1352,160,216320,Delivered"
"LINE000169,PO00033,MED041,524,336,176064,Delivered"
"LINE000170,PO00033,MED053,910,131,119210,Delivered"
"LINE000171,PO00033,MED080,1316,237,311892,Delivered"
"LINE000172,PO00034,MED026,1476,610,900360,Delivered"
"LINE000173,PO00034,MED027,1505,524,788620,Delivered"
"LINE000174,PO00034,MED034,1116,736,821376,Delivered"
"LINE000175,PO00034,MED047,1374,118,162132,Delivered"
"LINE000176,PO00034,MED048,1054,345,363630,Delivered"
"LINE000177,PO00034,MED051,1381,304,419824,Delivered"
"LINE000178,PO00034,MED054,1124,303,340572,Delivered"
"LINE000179,PO00034,MED074,980,511,500780,Delivered"
"LINE000180,PO00034,MED091,648,1352,876096,Delivered"
"LINE000181,PO00035,MED029,1255,560,702800,Delivered"
"LINE000182,PO00035,MED033,1308,239,312612,Delivered"
"LINE000183,PO00035,MED039,1345,349,469405,Delivered"
"LINE000184,PO00035,MED050,1202,271,325742,Delivered"
"LINE000185,PO00035,MED055,1306,74,96644,Delivered"
"LINE000186,PO00035,MED096,1325,491,650575,Delivered"
"LINE000187,PO00035,MED097,1380,518,714840,Delivered"
"LINE000188,PO00035,MED100,786,330,259380,Delivered"
"LINE000189,PO00036,MED031,760,525,399000,Delivered"
"LINE000190,PO00036,MED043,1288,50,64400,Delivered"
"LINE000191,PO00036,MED075,1437,301,432537,Delivered"
"LINE000192,PO00036,MED098,878,388,340664,Delivered"
"LINE000193,PO00037,MED057,656,120,78720,Delivered"
"LINE000194,PO00038,MED061,692,23,15916,Delivered"
"LINE000195,PO00038,MED085,1394,69,96186,Delivered"
"LINE000196,PO00039,MED062,1358,73,99134,Delivered"
"LINE000197,PO00039,MED063,526,112,58912,Delivered"
"LINE000198,PO00039,MED083,743,181,134483,Delivered"
"LINE000199,PO00039,MED087,1481,113,167353,Delivered"
"LINE000200,PO00040,MED090,1245,112,139440,Delivered"
"LINE000201,PO00041,MED001,1311,43,56373,Delivered"
"LINE000202,PO00041,MED065,973,37,36001,Delivered"
"LINE000203,PO00041,MED081,1507,148,223036,Delivered"
"LINE000204,PO00041,MED085,1233,69,85077,Delivered"
"LINE000205,PO00042,MED002,623,29,18067,Delivered"
"LINE000206,PO00042,MED061,763,23,17549,Delivered"
"LINE000207,PO00042,MED066,909,109,99081,Delivered"
"LINE000208,PO00043,MED003,1396,22,30712,Delivered"
"LINE000209,PO00043,MED007,1239,25,30975,Delivered"
"LINE000210,PO00043,MED009,590,38,22420,Delivered"
"LINE000211,PO00043,MED086,585,89,52065,Delivered"
"LINE000212,PO00044,MED004,952,35,33320,Delivered"
"LINE000213,PO00044,MED006,593,37,21941,Delivered"
"LINE000214,PO00044,MED087,595,113,67235,Delivered"
"LINE000215,PO00045,MED005,1236,33,40788,Delivered"
"LINE000216,PO00045,MED067,824,63,51912,Delivered"
"LINE000217,PO00045,MED088,1126,95,106970,Delivered"
"LINE000218,PO00046,MED008,1414,25,35350,Delivered"
"LINE000219,PO00046,MED064,1402,82,114964,Delivered"
"LINE000220,PO00046,MED070,530,81,42930,Delivered"
"LINE000221,PO00046,MED083,1353,181,244893,Delivered"
"LINE000222,PO00047,MED010,1202,38,45676,Delivered"
"LINE000223,PO00047,MED062,522,73,38106,Delivered"
"LINE000224,PO00047,MED082,830,65,53950,Delivered"
"LINE000225,PO00047,MED084,774,39,30186,Delivered"
"LINE000226,PO00048,MED011,1483,210,311430,Delivered"
"LINE000227,PO00048,MED012,1520,229,348080,Delivered"
"LINE000228,PO00048,MED018,953,465,443145,Delivered"
"LINE000229,PO00048,MED042,1488,164,244032,Delivered"
"LINE000230,PO00048,MED045,1256,196,246176,Delivered"
"LINE000231,PO00048,MED052,621,92,57132,Delivered"
"LINE000232,PO00048,MED059,1355,41,55555,Delivered"
"LINE000233,PO00048,MED071,1055,319,336545,Delivered"
"LINE000234,PO00048,MED076,1116,345,385020,Delivered"
"LINE000235,PO00048,MED100,1311,330,432630,Delivered"
"LINE000236,PO00049,MED013,1157,388,448916,Delivered"
"LINE000237,PO00049,MED022,684,393,268812,Delivered"
"LINE000238,PO00049,MED024,982,332,326024,Delivered"
"LINE000239,PO00049,MED036,722,393,283746,Delivered"
"LINE000240,PO00049,MED077,1425,387,551475,Delivered"
"LINE000241,PO00050,MED014,755,337,254435,Delivered"
"LINE000242,PO00050,MED041,1234,336,414624,Delivered"
"LINE000243,PO00050,MED054,1253,303,379659,Delivered"
"LINE000244,PO00050,MED055,1123,74,83102,Delivered"
"LINE000245,PO00050,MED074,761,511,388871,Delivered"
"LINE000246,PO00051,MED015,595,423,251685,Delivered"
"LINE000247,PO00051,MED032,909,749,680841,Delivered"
"LINE000248,PO00051,MED034,1449,736,1066464,Delivered"
"LINE000249,PO00051,MED056,1249,245,306005,Delivered"
"LINE000250,PO00051,MED079,1460,266,388360,Delivered"
"LINE000251,PO00052,MED016,1257,493,619701,Delivered"
"LINE000252,PO00052,MED020,1283,356,456748,Delivered"
"LINE000253,PO00052,MED031,915,525,480375,Delivered"
"LINE000254,PO00052,MED033,1033,239,246887,Delivered"
"LINE000255,PO00052,MED051,581,304,176624,Delivered"
"LINE000256,PO00052,MED060,1272,93,118296,Delivered"
"LINE000257,PO00052,MED075,671,301,201971,Delivered"
"LINE000258,PO00052,MED097,1501,518,777518,Delivered"
"LINE000259,PO00053,MED017,1366,373,509518,Delivered"
"LINE000260,PO00053,MED037,612,84,51408,Delivered"
"LINE000261,PO00053,MED038,851,273,232323,Delivered"
"LINE000262,PO00053,MED048,743,345,256335,Delivered"
"LINE000263,PO00053,MED058,1013,89,90157,Delivered"
"LINE000264,PO00053,MED093,893,1286,1148398,Delivered"
"LINE000265,PO00054,MED019,1013,271,274523,Delivered"
"LINE000266,PO00054,MED029,1374,560,769440,Delivered"
"LINE000267,PO00054,MED039,513,349,179037,Delivered"
"LINE000268,PO00054,MED043,871,50,43550,Delivered"
"LINE000269,PO00054,MED047,1223,118,144314,Delivered"
"LINE000270,PO00054,MED050,719,271,194849,Delivered"
"LINE000271,PO00054,MED053,1135,131,148685,Delivered"
"LINE000272,PO00054,MED091,1007,1352,1361464,Delivered"
"LINE000273,PO00055,MED021,634,240,152160,Delivered"
"LINE000274,PO00055,MED023,1486,101,150086,Delivered"
"LINE000275,PO00055,MED030,1176,731,859656,Delivered"
"LINE000276,PO00055,MED044,1396,358,499768,Delivered"
"LINE000277,PO00055,MED078,598,102,60996,Delivered"
"LINE000278,PO00056,MED025,545,315,171675,Delivered"
"LINE000279,PO00056,MED028,1406,108,151848,Delivered"
"LINE000280,PO00056,MED080,1386,237,328482,Delivered"
"LINE000281,PO00056,MED099,1140,478,544920,Delivered"
"LINE000282,PO00057,MED026,1265,610,771650,Delivered"
"LINE000283,PO00057,MED027,1475,524,772900,Delivered"
"LINE000284,PO00057,MED049,1324,43,56932,Delivered"
"LINE000285,PO00057,MED057,798,120,95760,Delivered"
"LINE000286,PO00057,MED095,979,792,775368,Delivered"
"LINE000287,PO00057,MED098,1098,388,426024,Delivered"
"LINE000288,PO00058,MED035,1305,612,798660,Delivered"
"LINE000289,PO00058,MED040,1205,160,192800,Delivered"
"LINE000290,PO00058,MED046,697,303,211191,Delivered"
"LINE000291,PO00058,MED072,1016,320,325120,Delivered"
"LINE000292,PO00058,MED073,1178,505,594890,Delivered"
"LINE000293,PO00058,MED092,541,847,458227,Delivered"
"LINE000294,PO00058,MED094,952,1362,1296624,Delivered"
"LINE000295,PO00058,MED096,657,491,322587,Delivered"
"LINE000296,PO00059,MED063,527,112,59024,Delivered"
"LINE000297,PO00059,MED068,1368,53,72504,Delivered"
"LINE000298,PO00059,MED089,1374,33,45342,Delivered"
"LINE000299,PO00060,MED069,1047,93,97371,Delivered"
"LINE000300,PO00060,MED090,1497,112,167664,Delivered"
"LINE000301,PO00061,MED001,1403,43,60329,Delivered"
"LINE000302,PO00061,MED004,925,35,32375,Delivered"
"LINE000303,PO00061,MED006,1194,37,44178,Delivered"
"LINE000304,PO00061,MED061,590,23,13570,Delivered"
"LINE000305,PO00061,MED084,788,39,30732,Delivered"
"LINE000306,PO00062,MED002,689,29,19981,Delivered"
"LINE000307,PO00062,MED005,1451,33,47883,Delivered"
"LINE000308,PO00062,MED063,535,112,59920,Delivered"
"LINE000309,PO00062,MED067,974,63,61362,Delivered"
"LINE000310,PO00062,MED081,547,148,80956,Delivered"
"LINE000311,PO00062,MED082,738,65,47970,Delivered"
"LINE000312,PO00062,MED083,985,181,178285,Delivered"
"LINE000313,PO00063,MED003,568,22,12496,Delivered"
"LINE000314,PO00063,MED007,1071,25,26775,Delivered"
"LINE000315,PO00063,MED064,911,82,74702,Delivered"
"LINE000316,PO00063,MED089,971,33,32043,Delivered"
"LINE000317,PO00063,MED090,1431,112,160272,Delivered"
"LINE000318,PO00064,MED008,862,25,21550,Delivered"
"LINE000319,PO00064,MED009,740,38,28120,Delivered"
"LINE000320,PO00064,MED065,1506,37,55722,Delivered"
"LINE000321,PO00064,MED069,1340,93,124620,Delivered"
"LINE000322,PO00064,MED086,1327,89,118103,Delivered"
"LINE000323,PO00064,MED088,1235,95,117325,Delivered"
"LINE000324,PO00065,MED010,734,38,27892,Delivered"
"LINE000325,PO00065,MED066,1252,109,136468,Delivered"
"LINE000326,PO00065,MED087,728,113,82264,Delivered"
"LINE000327,PO00066,MED011,1215,210,255150,Delivered"
"LINE000328,PO00066,MED016,715,493,352495,Delivered"
"LINE000329,PO00066,MED042,1275,164,209100,Delivered"
"LINE000330,PO00066,MED094,1024,1362,1394688,Delivered"
"LINE000331,PO00066,MED098,689,388,267332,Delivered"
"LINE000332,PO00067,MED012,1408,229,322432,Delivered"
"LINE000333,PO00067,MED023,1456,101,147056,Delivered"
"LINE000334,PO00067,MED031,1504,525,789600,Delivered"
"LINE000335,PO00067,MED048,591,345,203895,Delivered"
"LINE000336,PO00067,MED053,1246,131,163226,Delivered"
"LINE000337,PO00067,MED095,1002,792,793584,Delivered"
"LINE000338,PO00068,MED013,623,388,241724,Delivered"
"LINE000339,PO00068,MED041,862,336,289632,Delivered"
"LINE000340,PO00068,MED051,1253,304,380912,Delivered"
"LINE000341,PO00068,MED055,1136,74,84064,Delivered"
"LINE000342,PO00068,MED091,1282,1352,1733264,Delivered"
"LINE000343,PO00068,MED097,661,518,342398,Delivered"
"LINE000344,PO00069,MED014,569,337,191753,Delivered"
"LINE000345,PO00069,MED019,637,271,172627,Delivered"
"LINE000346,PO00069,MED029,984,560,551040,Delivered"
"LINE000347,PO00069,MED037,1187,84,99708,Delivered"
"LINE000348,PO00069,MED049,794,43,34142,Delivered"
"LINE000349,PO00069,MED054,1019,303,308757,Delivered"
"LINE000350,PO00069,MED059,742,41,30422,Delivered"
"LINE000351,PO00069,MED072,613,320,196160,Delivered"
"LINE000352,PO00069,MED073,728,505,367640,Delivered"
"LINE000353,PO00069,MED074,1165,511,595315,Delivered"
"LINE000354,PO00070,MED015,934,423,395082,Delivered"
"LINE000355,PO00070,MED020,770,356,274120,Delivered"
"LINE000356,PO00070,MED025,1214,315,382410,Delivered"
"LINE000357,PO00070,MED052,906,92,83352,Delivered"
"LINE000358,PO00070,MED079,519,266,138054,Delivered"
"LINE000359,PO00071,MED017,892,373,332716,Delivered"
"LINE000360,PO00071,MED027,1386,524,726264,Delivered"
"LINE000361,PO00071,MED033,933,239,222987,Delivered"
"LINE000362,PO00071,MED034,527,736,387872,Delivered"
"LINE000363,PO00071,MED038,1436,273,392028,Delivered"
"LINE000364,PO00071,MED043,743,50,37150,Delivered"
"LINE000365,PO00071,MED046,1421,303,430563,Delivered"
"LINE000366,PO00071,MED076,648,345,223560,Delivered"
"LINE000367,PO00071,MED092,1422,847,1204434,Delivered"
"LINE000368,PO00071,MED093,755,1286,970930,Delivered"
"LINE000369,PO00072,MED018,831,465,386415,Delivered"
"LINE000370,PO00072,MED032,543,749,406707,Delivered"
"LINE000371,PO00072,MED036,1008,393,396144,Delivered"
"LINE000372,PO00072,MED071,1280,319,408320,Delivered"
"LINE000373,PO00072,MED075,789,301,237489,Delivered"
"LINE000374,PO00072,MED077,1461,387,565407,Delivered"
"LINE000375,PO00072,MED080,1441,237,341517,Delivered"
"LINE000376,PO00073,MED021,887,240,212880,Delivered"
"LINE000377,PO00073,MED026,789,610,481290,Delivered"
"LINE000378,PO00073,MED035,876,612,536112,Delivered"
"LINE000379,PO00073,MED039,1486,349,518614,Delivered"
"LINE000380,PO00073,MED078,659,102,67218,Delivered"
"LINE000381,PO00074,MED022,852,393,334836,Delivered"
"LINE000382,PO00074,MED058,790,89,70310,Delivered"
"LINE000383,PO00074,MED060,536,93,49848,Delivered"
"LINE000384,PO00074,MED100,1486,330,490380,Delivered"
"LINE000385,PO00075,MED024,707,332,234724,Delivered"
"LINE000386,PO00075,MED030,1067,731,779977,Delivered"
"LINE000387,PO00075,MED045,585,196,114660,Delivered"
"LINE000388,PO00075,MED047,836,118,98648,Delivered"
"LINE000389,PO00075,MED096,724,491,355484,Delivered"
"LINE000390,PO00075,MED099,1305,478,623790,Delivered"
"LINE000391,PO00076,MED028,874,108,94392,Delivered"
"LINE000392,PO00076,MED040,562,160,89920,Delivered"
"LINE000393,PO00076,MED044,926,358,331508,Delivered"
"LINE000394,PO00076,MED050,1407,271,381297,Delivered"
"LINE000395,PO00076,MED056,1240,245,303800,Delivered"
"LINE000396,PO00076,MED057,719,120,86280,Delivered"
"LINE000397,PO00077,MED062,875,73,63875,Delivered"
"LINE000398,PO00078,MED068,997,53,52841,Delivered"
"LINE000399,PO00078,MED085,839,69,57891,Delivered"
"LINE000400,PO00079,MED070,1211,81,98091,Delivered"
"LINE000401,PO00080,MED001,1046,43,44978,Delivered"
"LINE000402,PO00080,MED089,850,33,28050,Delivered"
"LINE000403,PO00081,MED002,922,29,26738,Delivered"
"LINE000404,PO00081,MED007,1341,25,33525,Delivered"
"LINE000405,PO00081,MED009,804,38,30552,Delivered"
"LINE000406,PO00082,MED003,1012,22,22264,Delivered"
"LINE000407,PO00082,MED065,566,37,20942,Delivered"
"LINE000408,PO00082,MED083,1242,181,224802,Delivered"
"LINE000409,PO00082,MED086,626,89,55714,Delivered"
"LINE000410,PO00082,MED088,1298,95,123310,Delivered"
"LINE000411,PO00083,MED004,1254,35,43890,Delivered"
"LINE000412,PO00083,MED081,704,148,104192,Delivered"
"LINE000413,PO00084,MED005,785,33,25905,Delivered"
"LINE000414,PO00084,MED006,808,37,29896,Delivered"
"LINE000415,PO00084,MED064,908,82,74456,Delivered"
"LINE000416,PO00084,MED067,816,63,51408,Delivered"
"LINE000417,PO00084,MED070,1319,81,106839,Delivered"
"LINE000418,PO00085,MED008,834,25,20850,Delivered"
"LINE000419,PO00085,MED061,649,23,14927,Delivered"
"LINE000420,PO00085,MED066,1460,109,159140,Delivered"
"LINE000421,PO00085,MED090,524,112,58688,Delivered"
"LINE000422,PO00086,MED010,789,38,29982,Delivered"
"LINE000423,PO00086,MED068,922,53,48866,Delivered"
"LINE000424,PO00086,MED069,1330,93,123690,Delivered"
"LINE000425,PO00086,MED082,1338,65,86970,Delivered"
"LINE000426,PO00086,MED087,568,113,64184,Delivered"
"LINE000427,PO00087,MED011,1108,210,232680,Delivered"
"LINE000428,PO00087,MED035,834,612,510408,Delivered"
"LINE000429,PO00087,MED044,860,358,307880,Delivered"
"LINE000430,PO00087,MED059,834,41,34194,Delivered"
"LINE000431,PO00087,MED060,1037,93,96441,Delivered"
"LINE000432,PO00087,MED072,886,320,283520,Delivered"
"LINE000433,PO00087,MED100,1372,330,452760,Delivered"
"LINE000434,PO00088,MED012,908,229,207932,Delivered"
"LINE000435,PO00088,MED020,771,356,274476,Delivered"
"LINE000436,PO00088,MED024,1250,332,415000,Delivered"
"LINE000437,PO00088,MED076,1438,345,496110,Delivered"
"LINE000438,PO00088,MED078,772,102,78744,Delivered"
"LINE000439,PO00088,MED080,1025,237,242925,Delivered"
"LINE000440,PO00089,MED013,671,388,260348,Delivered"
"LINE000441,PO00089,MED014,1226,337,413162,Delivered"
"LINE000442,PO00089,MED029,1424,560,797440,Delivered"
"LINE000443,PO00089,MED033,1044,239,249516,Delivered"
"LINE000444,PO00089,MED036,1108,393,435444,Delivered"
"LINE000445,PO00089,MED046,1333,303,403899,Delivered"
"LINE000446,PO00089,MED073,1493,505,753965,Delivered"
"LINE000447,PO00089,MED091,925,1352,1250600,Delivered"
"LINE000448,PO00090,MED015,1410,423,596430,Delivered"
"LINE000449,PO00090,MED016,718,493,353974,Delivered"
"LINE000450,PO00090,MED017,901,373,336073,Delivered"
"LINE000451,PO00090,MED018,585,465,272025,Delivered"
"LINE000452,PO00090,MED031,1163,525,610575,Delivered"
"LINE000453,PO00090,MED032,682,749,510818,Delivered"
"LINE000454,PO00090,MED050,1503,271,407313,Delivered"
"LINE000455,PO00090,MED051,1039,304,315856,Delivered"
"LINE000456,PO00090,MED054,1183,303,358449,Delivered"
"LINE000457,PO00090,MED094,811,1362,1104582,Delivered"
"LINE000458,PO00091,MED019,1238,271,335498,Delivered"
"LINE000459,PO00091,MED023,1020,101,103020,Delivered"
"LINE000460,PO00091,MED034,1489,736,1095904,Delivered"
"LINE000461,PO00091,MED043,1065,50,53250,Delivered"
"LINE000462,PO00091,MED045,1208,196,236768,Delivered"
"LINE000463,PO00091,MED079,563,266,149758,Delivered"
"LINE000464,PO00091,MED092,591,847,500577,Delivered"
"LINE000465,PO00091,MED095,1177,792,932184,Delivered"
"LINE000466,PO00091,MED096,743,491,364813,Delivered"
"LINE000467,PO00092,MED021,1330,240,319200,Delivered"
"LINE000468,PO00092,MED026,932,610,568520,Delivered"
"LINE000469,PO00092,MED037,620,84,52080,Delivered"
"LINE000470,PO00092,MED038,824,273,224952,Delivered"
"LINE000471,PO00092,MED097,1306,518,676508,Delivered"
"LINE000472,PO00092,MED098,1432,388,555616,Delivered"
"LINE000473,PO00093,MED022,1007,393,395751,Delivered"
"LINE000474,PO00093,MED027,673,524,352652,Delivered"
"LINE000475,PO00093,MED040,1371,160,219360,Delivered"
"LINE000476,PO00093,MED042,864,164,141696,Delivered"
"LINE000477,PO00093,MED047,1041,118,122838,Delivered"
"LINE000478,PO00093,MED048,1174,345,405030,Delivered"
"LINE000479,PO00093,MED049,862,43,37066,Delivered"
"LINE000480,PO00093,MED056,1502,245,367990,Delivered"
"LINE000481,PO00093,MED058,702,89,62478,Delivered"
"LINE000482,PO00093,MED077,1295,387,501165,Delivered"
"LINE000483,PO00093,MED093,1390,1286,1787540,Delivered"
"LINE000484,PO00094,MED025,524,315,165060,Delivered"
"LINE000485,PO00094,MED075,1455,301,437955,Delivered"
"LINE000486,PO00095,MED028,1405,108,151740,Delivered"
"LINE000487,PO00095,MED030,1126,731,823106,Delivered"
"LINE000488,PO00095,MED052,742,92,68264,Delivered"
"LINE000489,PO00095,MED074,1460,511,746060,Delivered"
"LINE000490,PO00095,MED099,1423,478,680194,Delivered"
"LINE000491,PO00096,MED039,1075,349,375175,Delivered"
"LINE000492,PO00096,MED041,728,336,244608,Delivered"
"LINE000493,PO00097,MED053,1372,131,179732,Delivered"
"LINE000494,PO00097,MED055,962,74,71188,Delivered"
"LINE000495,PO00097,MED057,842,120,101040,Delivered"
"LINE000496,PO00097,MED071,525,319,167475,Delivered"
"LINE000497,PO00098,MED062,1218,73,88914,Delivered"
"LINE000498,PO00098,MED063,1206,112,135072,Delivered"
"LINE000499,PO00098,MED084,1403,39,54717,Delivered"
"LINE000500,PO00099,MED085,1188,69,81972,Delivered"
"LINE000501,PO00100,MED001,672,43,28896,Delivered"
"LINE000502,PO00100,MED087,1161,113,131193,Delivered"
"LINE000503,PO00100,MED089,1158,33,38214,Delivered"
"LINE000504,PO00101,MED002,827,29,23983,Delivered"
"LINE000505,PO00101,MED081,1326,148,196248,Delivered"
"LINE000506,PO00102,MED003,1494,22,32868,Delivered"
"LINE000507,PO00102,MED009,1417,38,53846,Delivered"
"LINE000508,PO00102,MED010,543,38,20634,Delivered"
"LINE000509,PO00102,MED083,1292,181,233852,Delivered"
"LINE000510,PO00103,MED004,1306,35,45710,Delivered"
"LINE000511,PO00103,MED007,537,25,13425,Delivered"
"LINE000512,PO00103,MED061,1476,23,33948,Delivered"
"LINE000513,PO00103,MED068,981,53,51993,Delivered"
"LINE000514,PO00103,MED082,1301,65,84565,Delivered"
"LINE000515,PO00104,MED005,891,33,29403,Delivered"
"LINE000516,PO00104,MED063,1202,112,134624,Delivered"
"LINE000517,PO00104,MED067,800,63,50400,Delivered"
"LINE000518,PO00104,MED085,1403,69,96807,Delivered"
"LINE000519,PO00104,MED088,1184,95,112480,Delivered"
"LINE000520,PO00105,MED006,840,37,31080,Delivered"
"LINE000521,PO00105,MED008,921,25,23025,Delivered"
"LINE000522,PO00105,MED066,983,109,107147,Delivered"
"LINE000523,PO00105,MED069,600,93,55800,Delivered"
"LINE000524,PO00105,MED090,966,112,108192,Delivered"
"LINE000525,PO00106,MED011,1060,210,222600,Delivered"
"LINE000526,PO00106,MED028,804,108,86832,Delivered"
"LINE000527,PO00106,MED053,518,131,67858,Delivered"
"LINE000528,PO00106,MED057,1052,120,126240,Delivered"
"LINE000529,PO00106,MED059,659,41,27019,Delivered"
"LINE000530,PO00106,MED075,1296,301,390096,Delivered"
"LINE000531,PO00107,MED012,672,229,153888,Delivered"
"LINE000532,PO00107,MED021,1037,240,248880,Delivered"
"LINE000533,PO00107,MED024,867,332,287844,Delivered"
"LINE000534,PO00107,MED035,791,612,484092,Delivered"
"LINE000535,PO00107,MED044,630,358,225540,Delivered"
"LINE000536,PO00107,MED072,1443,320,461760,Delivered"
"LINE000537,PO00107,MED076,958,345,330510,Delivered"
"LINE000538,PO00107,MED079,544,266,144704,Delivered"
"LINE000539,PO00107,MED100,1084,330,357720,Delivered"
"LINE000540,PO00108,MED013,1220,388,473360,Delivered"
"LINE000541,PO00108,MED038,826,273,225498,Delivered"
"LINE000542,PO00108,MED054,870,303,263610,Delivered"
"LINE000543,PO00108,MED099,514,478,245692,Delivered"
"LINE000544,PO00109,MED014,1243,337,418891,Delivered"
"LINE000545,PO00109,MED029,884,560,495040,Delivered"
"LINE000546,PO00109,MED032,1397,749,1046353,Delivered"
"LINE000547,PO00109,MED036,1106,393,434658,Delivered"
"LINE000548,PO00109,MED039,635,349,221615,Delivered"
"LINE000549,PO00109,MED043,799,50,39950,Delivered"
"LINE000550,PO00109,MED046,520,303,157560,Delivered"
"LINE000551,PO00109,MED049,547,43,23521,Delivered"
"LINE000552,PO00109,MED060,816,93,75888,Delivered"
"LINE000553,PO00109,MED071,805,319,256795,Delivered"
"LINE000554,PO00109,MED077,1165,387,450855,Delivered"
"LINE000555,PO00109,MED091,543,1352,734136,Delivered"
"LINE000556,PO00109,MED097,618,518,320124,Delivered"
"LINE000557,PO00110,MED015,1393,423,589239,Delivered"
"LINE000558,PO00110,MED018,849,465,394785,Delivered"
"LINE000559,PO00110,MED040,669,160,107040,Delivered"
"LINE000560,PO00110,MED056,933,245,228585,Delivered"
"LINE000561,PO00110,MED092,815,847,690305,Delivered"
"LINE000562,PO00111,MED016,1231,493,606883,Delivered"
"LINE000563,PO00111,MED023,751,101,75851,Delivered"
"LINE000564,PO00111,MED033,571,239,136469,Delivered"
"LINE000565,PO00111,MED041,1336,336,448896,Delivered"
"LINE000566,PO00111,MED047,728,118,85904,Delivered"
"LINE000567,PO00111,MED055,1311,74,97014,Delivered"
"LINE000568,PO00111,MED096,1396,491,685436,Delivered"
"LINE000569,PO00112,MED017,622,373,232006,Delivered"
"LINE000570,PO00112,MED019,1472,271,398912,Delivered"
"LINE000571,PO00112,MED022,1447,393,568671,Delivered"
"LINE000572,PO00112,MED026,1157,610,705770,Delivered"
"LINE000573,PO00112,MED037,762,84,64008,Delivered"
"LINE000574,PO00112,MED051,805,304,244720,Delivered"
"LINE000575,PO00113,MED020,1040,356,370240,Delivered"
"LINE000576,PO00113,MED027,608,524,318592,Delivered"
"LINE000577,PO00113,MED030,832,731,608192,Delivered"
"LINE000578,PO00113,MED031,742,525,389550,Delivered"
"LINE000579,PO00113,MED074,1442,511,736862,Delivered"
"LINE000580,PO00114,MED025,690,315,217350,Delivered"
"LINE000581,PO00114,MED034,964,736,709504,Delivered"
"LINE000582,PO00114,MED042,1471,164,241244,Delivered"
"LINE000583,PO00114,MED050,931,271,252301,Delivered"
"LINE000584,PO00114,MED058,1494,89,132966,Delivered"
"LINE000585,PO00114,MED094,1278,1362,1740636,Delivered"
"LINE000586,PO00114,MED095,877,792,694584,Delivered"
"LINE000587,PO00115,MED045,1271,196,249116,Delivered"
"LINE000588,PO00115,MED048,1500,345,517500,Delivered"
"LINE000589,PO00115,MED073,1371,505,692355,Delivered"
"LINE000590,PO00115,MED080,1391,237,329667,Delivered"
"LINE000591,PO00115,MED093,802,1286,1031372,Delivered"
"LINE000592,PO00116,MED052,1144,92,105248,Delivered"
"LINE000593,PO00116,MED078,797,102,81294,Delivered"
"LINE000594,PO00116,MED098,1406,388,545528,Delivered"
"LINE000595,PO00117,MED062,1118,73,81614,Delivered"
"LINE000596,PO00117,MED065,1010,37,37370,Delivered"
"LINE000597,PO00118,MED064,676,82,55432,Delivered"
"LINE000598,PO00118,MED070,1449,81,117369,Delivered"
"LINE000599,PO00118,MED086,1180,89,105020,Delivered"
"LINE000600,PO00119,MED084,981,39,38259,Delivered"
"LINE000601,PO00120,MED001,674,43,28982,Delivered"
"LINE000602,PO00120,MED005,962,33,31746,Delivered"
"LINE000603,PO00120,MED007,1155,25,28875,Delivered"
"LINE000604,PO00121,MED002,1195,29,34655,Delivered"
"LINE000605,PO00121,MED004,1436,35,50260,Delivered"
"LINE000606,PO00121,MED008,960,25,24000,Delivered"
"LINE000607,PO00121,MED063,712,112,79744,Delivered"
"LINE000608,PO00122,MED003,701,22,15422,Delivered"
"LINE000609,PO00122,MED067,942,63,59346,Delivered"
"LINE000610,PO00122,MED081,1071,148,158508,Delivered"
"LINE000611,PO00122,MED083,1436,181,259916,Delivered"
"LINE000612,PO00122,MED086,638,89,56782,Delivered"
"LINE000613,PO00122,MED087,605,113,68365,Delivered"
"LINE000614,PO00122,MED090,974,112,109088,Delivered"
"LINE000615,PO00123,MED006,1094,37,40478,Delivered"
"LINE000616,PO00123,MED064,1291,82,105862,Delivered"
"LINE000617,PO00123,MED082,1250,65,81250,Delivered"
"LINE000618,PO00123,MED084,911,39,35529,Delivered"
"LINE000619,PO00123,MED085,530,69,36570,Delivered"
"LINE000620,PO00123,MED088,1300,95,123500,Delivered"
"LINE000621,PO00123,MED089,1459,33,48147,Delivered"
"LINE000622,PO00124,MED009,1504,38,57152,Delivered"
"LINE000623,PO00124,MED069,998,93,92814,Delivered"
"LINE000624,PO00125,MED010,1492,38,56696,Delivered"
"LINE000625,PO00125,MED061,1459,23,33557,Delivered"
"LINE000626,PO00125,MED070,1505,81,121905,Delivered"
"LINE000627,PO00126,MED011,969,210,203490,Delivered"
"LINE000628,PO00126,MED014,807,337,271959,Delivered"
"LINE000629,PO00126,MED039,1277,349,445673,Delivered"
"LINE000630,PO00126,MED053,988,131,129428,Delivered"
"LINE000631,PO00126,MED058,642,89,57138,Delivered"
"LINE000632,PO00127,MED012,847,229,193963,Delivered"
"LINE000633,PO00127,MED022,571,393,224403,Delivered"
"LINE000634,PO00127,MED033,1491,239,356349,Delivered"
"LINE000635,PO00127,MED051,841,304,255664,Delivered"
"LINE000636,PO00127,MED056,1353,245,331485,Delivered"
"LINE000637,PO00127,MED072,886,320,283520,Delivered"
"LINE000638,PO00127,MED095,653,792,517176,Delivered"
"LINE000639,PO00127,MED099,853,478,407734,Delivered"
"LINE000640,PO00128,MED013,699,388,271212,Delivered"
"LINE000641,PO00128,MED024,1260,332,418320,Delivered"
"LINE000642,PO00128,MED032,853,749,638897,Delivered"
"LINE000643,PO00128,MED037,1162,84,97608,Delivered"
"LINE000644,PO00128,MED055,1120,74,82880,Delivered"
"LINE000645,PO00128,MED075,569,301,171269,Delivered"
"LINE000646,PO00128,MED097,899,518,465682,Delivered"
"LINE000647,PO00129,MED015,627,423,265221,Delivered"
"LINE000648,PO00129,MED060,1150,93,106950,Delivered"
"LINE000649,PO00130,MED016,1155,493,569415,Delivered"
"LINE000650,PO00130,MED021,1279,240,306960,Delivered"
"LINE000651,PO00130,MED031,1167,525,612675,Delivered"
"LINE000652,PO00130,MED038,1261,273,344253,Delivered"
"LINE000653,PO00130,MED057,898,120,107760,Delivered"
"LINE000654,PO00130,MED071,1099,319,350581,Delivered"
"LINE000655,PO00130,MED076,995,345,343275,Delivered"
"LINE000656,PO00130,MED078,966,102,98532,Delivered"
"LINE000657,PO00130,MED079,1418,266,377188,Delivered"
"LINE000658,PO00130,MED096,1432,491,703112,Delivered"
"LINE000659,PO00131,MED017,1207,373,450211,Delivered"
"LINE000660,PO00131,MED046,640,303,193920,Delivered"
"LINE000661,PO00132,MED018,954,465,443610,Delivered"
"LINE000662,PO00132,MED023,760,101,76760,Delivered"
"LINE000663,PO00132,MED026,777,610,473970,Delivered"
"LINE000664,PO00132,MED029,1182,560,661920,Delivered"
"LINE000665,PO00132,MED035,588,612,359856,Delivered"
"LINE000666,PO00132,MED041,1176,336,395136,Delivered"
"LINE000667,PO00132,MED042,766,164,125624,Delivered"
"LINE000668,PO00132,MED052,1413,92,129996,Delivered"
"LINE000669,PO00132,MED059,795,41,32595,Delivered"
"LINE000670,PO00132,MED091,954,1352,1289808,Delivered"
"LINE000671,PO00133,MED019,1345,271,364495,Delivered"
"LINE000672,PO00133,MED034,831,736,611616,Delivered"
"LINE000673,PO00133,MED043,750,50,37500,Delivered"
"LINE000674,PO00133,MED047,579,118,68322,Delivered"
"LINE000675,PO00133,MED073,747,505,377235,Delivered"
"LINE000676,PO00133,MED077,1497,387,579339,Delivered"
"LINE000677,PO00133,MED100,1051,330,346830,Delivered"
"LINE000678,PO00134,MED020,942,356,335352,Delivered"
"LINE000679,PO00134,MED025,1308,315,412020,Delivered"
"LINE000680,PO00134,MED048,1436,345,495420,Delivered"
"LINE000681,PO00134,MED080,1133,237,268521,Delivered"
"LINE000682,PO00134,MED092,1345,847,1139215,Delivered"
"LINE000683,PO00134,MED094,986,1362,1342932,Delivered"
"LINE000684,PO00134,MED098,1063,388,412444,Delivered"
"LINE000685,PO00135,MED027,1052,524,551248,Delivered"
"LINE000686,PO00135,MED040,1353,160,216480,Delivered"
"LINE000687,PO00135,MED045,1314,196,257544,Delivered"
"LINE000688,PO00135,MED050,675,271,182925,Delivered"
"LINE000689,PO00135,MED054,680,303,206040,Delivered"
"LINE000690,PO00135,MED074,1153,511,589183,Delivered"
"LINE000691,PO00135,MED093,543,1286,698298,Delivered"
"LINE000692,PO00136,MED028,815,108,88020,Delivered"
"LINE000693,PO00136,MED030,1164,731,850884,Delivered"
"LINE000694,PO00136,MED036,1293,393,508149,Delivered"
"LINE000695,PO00136,MED044,556,358,199048,Delivered"
"LINE000696,PO00136,MED049,1044,43,44892,Delivered"
"LINE000697,PO00137,MED062,610,73,44530,Delivered"
"LINE000698,PO00137,MED065,628,37,23236,Delivered"
"LINE000699,PO00137,MED066,738,109,80442,Delivered"
"LINE000700,PO00138,MED068,1007,53,53371,Delivered"
"LINE000701,PO00139,MED001,754,43,32422,Delivered"
"LINE000702,PO00139,MED061,1286,23,29578,Delivered"
"LINE000703,PO00139,MED065,1441,37,53317,Delivered"
"LINE000704,PO00140,MED002,1440,29,41760,Delivered"
"LINE000705,PO00140,MED004,1119,35,39165,Delivered"
"LINE000706,PO00140,MED010,789,38,29982,Delivered"
"LINE000707,PO00141,MED003,1463,22,32186,Delivered"
"LINE000708,PO00141,MED084,591,39,23049,Delivered"
"LINE000709,PO00141,MED090,861,112,96432,Delivered"
"LINE000710,PO00142,MED005,896,33,29568,Delivered"
"LINE000711,PO00142,MED067,1157,63,72891,Delivered"
"LINE000712,PO00143,MED006,892,37,33004,Delivered"
"LINE000713,PO00143,MED008,1213,25,30325,Delivered"
"LINE000714,PO00143,MED066,887,109,96683,Delivered"
"LINE000715,PO00143,MED070,1094,81,88614,Delivered"
"LINE000716,PO00143,MED083,826,181,149506,Delivered"
"LINE000717,PO00143,MED085,1238,69,85422,Delivered"
"LINE000718,PO00144,MED007,1383,25,34575,Delivered"
"LINE000719,PO00144,MED063,1281,112,143472,Delivered"
"LINE000720,PO00144,MED064,873,82,71586,Delivered"
"LINE000721,PO00145,MED009,751,38,28538,Delivered"
"LINE000722,PO00145,MED087,936,113,105768,Delivered"
"LINE000723,PO00146,MED011,1346,210,282660,Delivered"
"LINE000724,PO00146,MED034,738,736,543168,Delivered"
"LINE000725,PO00146,MED045,1029,196,201684,Delivered"
"LINE000726,PO00146,MED050,580,271,157180,Delivered"
"LINE000727,PO00146,MED056,1321,245,323645,Delivered"
"LINE000728,PO00146,MED059,631,41,25871,Delivered"
"LINE000729,PO00146,MED060,1351,93,125643,Delivered"
"LINE000730,PO00146,MED095,601,792,475992,Delivered"
"LINE000731,PO00147,MED012,1146,229,262434,Delivered"
"LINE000732,PO00147,MED027,927,524,485748,Delivered"
"LINE000733,PO00147,MED037,1079,84,90636,Delivered"
"LINE000734,PO00147,MED040,1129,160,180640,Delivered"
"LINE000735,PO00147,MED054,1343,303,406929,Delivered"
"LINE000736,PO00147,MED075,1496,301,450296,Delivered"
"LINE000737,PO00147,MED076,1087,345,375015,Delivered"
"LINE000738,PO00147,MED091,1184,1352,1600768,Delivered"
"LINE000739,PO00148,MED013,1497,388,580836,Delivered"
"LINE000740,PO00148,MED014,644,337,217028,Delivered"
"LINE000741,PO00148,MED020,1119,356,398364,Delivered"
"LINE000742,PO00148,MED022,970,393,381210,Delivered"
"LINE000743,PO00148,MED024,560,332,185920,Delivered"
"LINE000744,PO00148,MED025,1204,315,379260,Delivered"
"LINE000745,PO00148,MED033,982,239,234698,Delivered"
"LINE000746,PO00148,MED035,1450,612,887400,Delivered"
"LINE000747,PO00148,MED038,1147,273,313131,Delivered"
"LINE000748,PO00148,MED043,545,50,27250,Delivered"
"LINE000749,PO00148,MED046,1203,303,364509,Delivered"
"LINE000750,PO00149,MED015,1159,423,490257,Delivered"
"LINE000751,PO00149,MED018,874,465,406410,Delivered"
"LINE000752,PO00149,MED019,755,271,204605,Delivered"
"LINE000753,PO00149,MED021,1034,240,248160,Delivered"
"LINE000754,PO00149,MED023,965,101,97465,Delivered"
"LINE000755,PO00149,MED055,1273,74,94202,Delivered"
"LINE000756,PO00150,MED016,758,493,373694,Delivered"
"LINE000757,PO00150,MED026,1208,610,736880,Delivered"
"LINE000758,PO00150,MED029,622,560,348320,Delivered"
"LINE000759,PO00150,MED049,1387,43,59641,Delivered"
"LINE000760,PO00150,MED057,773,120,92760,Delivered"
"LINE000761,PO00150,MED058,1491,89,132699,Delivered"
"LINE000762,PO00150,MED078,1353,102,138006,Delivered"
"LINE000763,PO00150,MED097,845,518,437710,Delivered"
"LINE000764,PO00151,MED017,1175,373,438275,Delivered"
"LINE000765,PO00151,MED036,1011,393,397323,Delivered"
"LINE000766,PO00151,MED053,618,131,80958,Delivered"
"LINE000767,PO00151,MED072,1379,320,441280,Delivered"
"LINE000768,PO00151,MED074,1133,511,578963,Delivered"
"LINE000769,PO00151,MED096,1142,491,560722,Delivered"
"LINE000770,PO00151,MED100,893,330,294690,Delivered"
"LINE000771,PO00152,MED028,875,108,94500,Delivered"
"LINE000772,PO00152,MED030,1160,731,847960,Delivered"
"LINE000773,PO00152,MED031,1029,525,540225,Delivered"
"LINE000774,PO00152,MED052,937,92,86204,Delivered"
"LINE000775,PO00152,MED098,1153,388,447364,Delivered"
"LINE000776,PO00153,MED032,1337,749,1001413,Delivered"
"LINE000777,PO00153,MED042,1328,164,217792,Delivered"
"LINE000778,PO00153,MED044,1448,358,518384,Delivered"
"LINE000779,PO00153,MED073,722,505,364610,Delivered"
"LINE000780,PO00153,MED092,1114,847,943558,Delivered"
"LINE000781,PO00153,MED093,1355,1286,1742530,Delivered"
"LINE000782,PO00153,MED094,612,1362,833544,Delivered"
"LINE000783,PO00154,MED039,1334,349,465566,Delivered"
"LINE000784,PO00154,MED041,739,336,248304,Delivered"
"LINE000785,PO00154,MED047,671,118,79178,Delivered"
"LINE000786,PO00154,MED071,1487,319,474353,Delivered"
"LINE000787,PO00154,MED079,698,266,185668,Delivered"
"LINE000788,PO00154,MED080,570,237,135090,Delivered"
"LINE000789,PO00154,MED099,1336,478,638608,Delivered"
"LINE000790,PO00155,MED048,698,345,240810,Delivered"
"LINE000791,PO00155,MED051,1437,304,436848,Delivered"
"LINE000792,PO00156,MED062,1161,73,84753,Delivered"
"LINE000793,PO00156,MED069,1366,93,127038,Delivered"
"LINE000794,PO00156,MED081,655,148,96940,Delivered"
"LINE000795,PO00156,MED088,839,95,79705,Delivered"
"LINE000796,PO00157,MED068,1462,53,77486,Delivered"
"LINE000797,PO00157,MED082,1430,65,92950,Delivered"
"LINE000798,PO00157,MED086,1365,89,121485,Delivered"
"LINE000799,PO00157,MED089,1106,33,36498,Delivered"
"LINE000800,PO00158,MED077,733,387,283671,Delivered"
"LINE000801,PO00159,MED001,916,43,39388,Delivered"
"LINE000802,PO00159,MED063,594,112,66528,Delivered"
"LINE000803,PO00159,MED064,1107,82,90774,Delivered"
"LINE000804,PO00159,MED067,1000,63,63000,Delivered"
"LINE000805,PO00159,MED087,1363,113,154019,Delivered"
"LINE000806,PO00160,MED002,740,29,21460,Delivered"
"LINE000807,PO00160,MED066,716,109,78044,Delivered"
"LINE000808,PO00160,MED086,1056,89,93984,Delivered"
"LINE000809,PO00160,MED090,1163,112,130256,Delivered"
"LINE000810,PO00161,MED003,735,22,16170,Delivered"
"LINE000811,PO00161,MED009,906,38,34428,Delivered"
"LINE000812,PO00161,MED081,651,148,96348,Delivered"
"LINE000813,PO00161,MED085,1333,69,91977,Delivered"
"LINE000814,PO00161,MED089,909,33,29997,Delivered"
"LINE000815,PO00162,MED004,1137,35,39795,Delivered"
"LINE000816,PO00162,MED061,1519,23,34937,Delivered"
"LINE000817,PO00162,MED068,541,53,28673,Delivered"
"LINE000818,PO00162,MED083,909,181,164529,Delivered"
"LINE000819,PO00163,MED005,1209,33,39897,Delivered"
"LINE000820,PO00163,MED069,966,93,89838,Delivered"
"LINE000821,PO00163,MED070,1055,81,85455,Delivered"
"LINE000822,PO00163,MED088,1444,95,137180,Delivered"
"LINE000823,PO00164,MED006,963,37,35631,Delivered"
"LINE000824,PO00164,MED007,1429,25,35725,Delivered"
"LINE000825,PO00164,MED008,756,25,18900,Delivered"
"LINE000826,PO00164,MED082,806,65,52390,Delivered"
"LINE000827,PO00164,MED084,1268,39,49452,Delivered"
"LINE000828,PO00165,MED010,830,38,31540,Delivered"
"LINE000829,PO00166,MED011,1115,210,234150,Delivered"
"LINE000830,PO00166,MED014,1088,337,366656,Delivered"
"LINE000831,PO00166,MED025,1008,315,317520,Delivered"
"LINE000832,PO00166,MED026,1145,610,698450,Delivered"
"LINE000833,PO00166,MED027,637,524,333788,Delivered"
"LINE000834,PO00166,MED029,986,560,552160,Delivered"
"LINE000835,PO00166,MED039,990,349,345510,Delivered"
"LINE000836,PO00166,MED040,1449,160,231840,Delivered"
"LINE000837,PO00166,MED041,514,336,172704,Delivered"
"LINE000838,PO00166,MED049,1357,43,58351,Delivered"
"LINE000839,PO00166,MED054,1268,303,384204,Delivered"
"LINE000840,PO00166,MED056,1334,245,326830,Delivered"
"LINE000841,PO00166,MED080,595,237,141015,Delivered"
"LINE000842,PO00166,MED098,1355,388,525740,Delivered"
"LINE000843,PO00167,MED012,1006,229,230374,Delivered"
"LINE000844,PO00167,MED035,546,612,334152,Delivered"
"LINE000845,PO00167,MED045,714,196,139944,Delivered"
"LINE000846,PO00167,MED058,1330,89,118370,Delivered"
"LINE000847,PO00167,MED093,611,1286,785746,Delivered"
"LINE000848,PO00168,MED013,1116,388,433008,Delivered"
"LINE000849,PO00168,MED016,916,493,451588,Delivered"
"LINE000850,PO00168,MED024,683,332,226756,Delivered"
"LINE000851,PO00168,MED033,660,239,157740,Delivered"
"LINE000852,PO00168,MED060,734,93,68262,Delivered"
"LINE000853,PO00168,MED077,767,387,296829,Delivered"
"LINE000854,PO00169,MED015,1080,423,456840,Delivered"
"LINE000855,PO00169,MED094,1429,1362,1946298,Delivered"
"LINE000856,PO00170,MED017,1408,373,525184,Delivered"
"LINE000857,PO00170,MED038,1232,273,336336,Delivered"
"LINE000858,PO00170,MED057,797,120,95640,Delivered"
"LINE000859,PO00170,MED071,1106,319,352814,Delivered"
"LINE000860,PO00170,MED072,1051,320,336320,Delivered"
"LINE000861,PO00170,MED074,579,511,295869,Delivered"
"LINE000862,PO00170,MED079,967,266,257222,Delivered"
"LINE000863,PO00170,MED095,1491,792,1180872,Delivered"
"LINE000864,PO00171,MED018,1019,465,473835,Delivered"
"LINE000865,PO00171,MED019,1041,271,282111,Delivered"
"LINE000866,PO00171,MED032,1102,749,825398,Delivered"
"LINE000867,PO00171,MED046,723,303,219069,Delivered"
"LINE000868,PO00171,MED053,836,131,109516,Delivered"
"LINE000869,PO00171,MED075,1485,301,446985,Delivered"
"LINE000870,PO00171,MED092,833,847,705551,Delivered"
"LINE000871,PO00171,MED097,1172,518,607096,Delivered"
"LINE000872,PO00172,MED020,792,356,281952,Delivered"
"LINE000873,PO00172,MED022,519,393,203967,Delivered"
"LINE000874,PO00172,MED028,1155,108,124740,Delivered"
"LINE000875,PO00172,MED030,1084,731,792404,Delivered"
"LINE000876,PO00172,MED031,1234,525,647850,Delivered"
"LINE000877,PO00172,MED042,1084,164,177776,Delivered"
"LINE000878,PO00172,MED043,696,50,34800,Delivered"
"LINE000879,PO00172,MED044,1159,358,414922,Delivered"
"LINE000880,PO00172,MED050,931,271,252301,Delivered"
"LINE000881,PO00172,MED073,1325,505,669125,Delivered"
"LINE000882,PO00172,MED076,1271,345,438495,Delivered"
"LINE000883,PO00172,MED091,505,1352,682760,Delivered"
"LINE000884,PO00173,MED021,1154,240,276960,Delivered"
"LINE000885,PO00173,MED048,1345,345,464025,Delivered"
"LINE000886,PO00173,MED078,1281,102,130662,Delivered"
"LINE000887,PO00173,MED096,657,491,322587,Delivered"
"LINE000888,PO00174,MED023,1392,101,140592,Delivered"
"LINE000889,PO00174,MED059,1328,41,54448,Delivered"
"LINE000890,PO00174,MED099,824,478,393872,Delivered"
"LINE000891,PO00175,MED034,927,736,682272,Delivered"
"LINE000892,PO00175,MED036,824,393,323832,Delivered"
"LINE000893,PO00175,MED037,681,84,57204,Delivered"
"LINE000894,PO00175,MED052,1129,92,103868,Delivered"
"LINE000895,PO00175,MED100,1099,330,362670,Delivered"
"LINE000896,PO00176,MED047,1055,118,124490,Delivered"
"LINE000897,PO00176,MED051,1122,304,341088,Delivered"
"LINE000898,PO00176,MED055,1292,74,95608,Delivered"
"LINE000899,PO00177,MED062,769,73,56137,Delivered"
"LINE000900,PO00178,MED065,841,37,31117,Delivered"
"LINE000901,PO00179,MED001,1450,43,62350,Delivered"
"LINE000902,PO00179,MED010,1356,38,51528,Delivered"
"LINE000903,PO00179,MED061,1265,23,29095,Delivered"
"LINE000904,PO00179,MED066,1102,109,120118,Delivered"
"LINE000905,PO00179,MED085,872,69,60168,Delivered"
"LINE000906,PO00180,MED002,898,29,26042,Delivered"
"LINE000907,PO00180,MED003,1465,22,32230,Delivered"
"LINE000908,PO00180,MED006,1237,37,45769,Delivered"
"LINE000909,PO00180,MED008,1443,25,36075,Delivered"
"LINE000910,PO00180,MED067,1357,63,85491,Delivered"
"LINE000911,PO00180,MED083,1487,181,269147,Delivered"
"LINE000912,PO00180,MED088,518,95,49210,Delivered"
"LINE000913,PO00181,MED004,722,35,25270,Delivered"
"LINE000914,PO00182,MED005,1430,33,47190,Delivered"
"LINE000915,PO00182,MED068,1244,53,65932,Delivered"
"LINE000916,PO00182,MED081,1315,148,194620,Delivered"
"LINE000917,PO00183,MED007,603,25,15075,Delivered"
"LINE000918,PO00183,MED062,1436,73,104828,Delivered"
"LINE000919,PO00183,MED064,1474,82,120868,Delivered"
"LINE000920,PO00183,MED082,585,65,38025,Delivered"
"LINE000921,PO00183,MED084,552,39,21528,Delivered"
"LINE000922,PO00183,MED087,698,113,78874,Delivered"
"LINE000923,PO00183,MED089,798,33,26334,Delivered"
"LINE000924,PO00184,MED009,605,38,22990,Delivered"
"LINE000925,PO00184,MED065,1266,37,46842,Delivered"
"LINE000926,PO00184,MED090,1478,112,165536,Delivered"
"LINE000927,PO00185,MED011,888,210,186480,Delivered"
"LINE000928,PO00185,MED073,1239,505,625695,Delivered"
"LINE000929,PO00186,MED012,645,229,147705,Delivered"
"LINE000930,PO00186,MED021,1068,240,256320,Delivered"
"LINE000931,PO00186,MED022,651,393,255843,Delivered"
"LINE000932,PO00186,MED029,1279,560,716240,Delivered"
"LINE000933,PO00186,MED034,594,736,437184,Delivered"
"LINE000934,PO00186,MED039,1361,349,474989,Delivered"
"LINE000935,PO00186,MED052,651,92,59892,Delivered"
"LINE000936,PO00186,MED060,1260,93,117180,Delivered"
"LINE000937,PO00187,MED013,965,388,374420,Delivered"
"LINE000938,PO00187,MED031,1338,525,702450,Delivered"
"LINE000939,PO00187,MED048,1510,345,520950,Delivered"
"LINE000940,PO00187,MED075,992,301,298592,Delivered"
"LINE000941,PO00187,MED079,627,266,166782,Delivered"
"LINE000942,PO00187,MED092,1070,847,906290,Delivered"
"LINE000943,PO00188,MED014,943,337,317791,Delivered"
"LINE000944,PO00188,MED016,684,493,337212,Delivered"
"LINE000945,PO00188,MED025,1433,315,451395,Delivered"
"LINE000946,PO00188,MED035,879,612,537948,Delivered"
"LINE000947,PO00188,MED038,677,273,184821,Delivered"
"LINE000948,PO00188,MED054,525,303,159075,Delivered"
"LINE000949,PO00188,MED076,1081,345,372945,Delivered"
"LINE000950,PO00189,MED015,717,423,303291,Delivered"
"LINE000951,PO00189,MED024,1408,332,467456,Delivered"
"LINE000952,PO00189,MED044,1110,358,397380,Delivered"
"LINE000953,PO00189,MED045,1417,196,277732,Delivered"
"LINE000954,PO00189,MED046,1510,303,457530,Delivered"
"LINE000955,PO00189,MED059,1437,41,58917,Delivered"
"LINE000956,PO00189,MED071,1476,319,470844,Delivered"
"LINE000957,PO00189,MED072,1051,320,336320,Delivered"
"LINE000958,PO00189,MED074,870,511,444570,Delivered"
"LINE000959,PO00190,MED017,588,373,219324,Delivered"
"LINE000960,PO00190,MED020,1189,356,423284,Delivered"
"LINE000961,PO00190,MED026,715,610,436150,Delivered"
"LINE000962,PO00190,MED047,722,118,85196,Delivered"
"LINE000963,PO00190,MED057,1206,120,144720,Delivered"
"LINE000964,PO00190,MED093,735,1286,945210,Delivered"
"LINE000965,PO00190,MED097,1069,518,553742,Delivered"
"LINE000966,PO00190,MED100,1204,330,397320,Delivered"
"LINE000967,PO00191,MED018,1087,465,505455,Delivered"
"LINE000968,PO00191,MED040,1456,160,232960,Delivered"
"LINE000969,PO00191,MED041,614,336,206304,Delivered"
"LINE000970,PO00191,MED042,853,164,139892,Delivered"
"LINE000971,PO00191,MED050,1390,271,376690,Delivered"
"LINE000972,PO00191,MED058,1095,89,97455,Delivered"
"LINE000973,PO00191,MED078,1148,102,117096,Delivered"
"LINE000974,PO00191,MED091,528,1352,713856,Delivered"
"LINE000975,PO00191,MED094,1287,1362,1752894,Delivered"
"LINE000976,PO00192,MED019,1139,271,308669,Delivered"
"LINE000977,PO00192,MED037,1248,84,104832,Delivered"
"LINE000978,PO00192,MED055,1088,74,80512,Delivered"
"LINE000979,PO00192,MED056,1179,245,288855,Delivered"
"LINE000980,PO00193,MED023,947,101,95647,Delivered"
"LINE000981,PO00193,MED030,876,731,640356,Delivered"
"LINE000982,PO00193,MED032,1056,749,790944,Delivered"
"LINE000983,PO00193,MED049,1023,43,43989,Delivered"
"LINE000984,PO00193,MED099,555,478,265290,Delivered"
"LINE000985,PO00194,MED027,1137,524,595788,Delivered"
"LINE000986,PO00194,MED033,677,239,161803,Delivered"
"LINE000987,PO00194,MED036,937,393,368241,Delivered"
"LINE000988,PO00194,MED043,866,50,43300,Delivered"
"LINE000989,PO00194,MED051,597,304,181488,Delivered"
"LINE000990,PO00194,MED053,999,131,130869,Delivered"
"LINE000991,PO00194,MED095,534,792,422928,Delivered"
"LINE000992,PO00194,MED096,1046,491,513586,Delivered"
"LINE000993,PO00194,MED098,514,388,199432,Delivered"
"LINE000994,PO00195,MED028,857,108,92556,Delivered"
"LINE000995,PO00195,MED077,501,387,193887,Delivered"
"LINE000996,PO00195,MED080,1206,237,285822,Delivered"
"LINE000997,PO00196,MED063,1045,112,117040,Delivered"
"LINE000998,PO00196,MED069,864,93,80352,Delivered"
"LINE000999,PO00197,MED070,1326,81,107406,Delivered"
"LINE001000,PO00198,MED086,674,89,59986,Delivered"
"LINE001001,PO00199,MED001,2226,43,95718,Delivered"
"LINE001002,PO00199,MED003,2290,22,50380,Delivered"
"LINE001003,PO00199,MED005,2214,33,73062,Delivered"
"LINE001004,PO00199,MED010,2222,38,84436,Delivered"
"LINE001005,PO00199,MED065,2246,37,83102,Delivered"
"LINE001006,PO00199,MED088,857,95,81415,Delivered"
"LINE001007,PO00200,MED002,2199,29,63771,Delivered"
"LINE001008,PO00200,MED068,2310,53,122430,Delivered"
"LINE001009,PO00201,MED004,2293,35,80255,Delivered"
"LINE001010,PO00201,MED009,2308,38,87704,Delivered"
"LINE001011,PO00201,MED061,2269,23,52187,Delivered"
"LINE001012,PO00201,MED063,2277,112,255024,Delivered"
"LINE001013,PO00201,MED081,886,148,131128,Delivered"
"LINE001014,PO00202,MED006,2253,37,83361,Delivered"
"LINE001015,PO00202,MED008,2186,25,54650,Delivered"
"LINE001016,PO00202,MED067,2260,63,142380,Delivered"
"LINE001017,PO00202,MED069,2193,93,203949,Delivered"
"LINE001018,PO00202,MED089,921,33,30393,Delivered"
"LINE001019,PO00203,MED007,2164,25,54100,Delivered"
"LINE001020,PO00203,MED062,2387,73,174251,Delivered"
"LINE001021,PO00203,MED082,906,65,58890,Delivered"
"LINE001022,PO00203,MED084,866,39,33774,Delivered"
"LINE001023,PO00204,MED011,2147,210,450870,Delivered"
"LINE001024,PO00204,MED014,2221,337,748477,Delivered"
"LINE001025,PO00204,MED017,2209,373,823957,Delivered"
"LINE001026,PO00204,MED028,887,108,95796,Delivered"
"LINE001027,PO00204,MED042,864,164,141696,Delivered"
"LINE001028,PO00204,MED046,877,303,265731,Delivered"
"LINE001029,PO00204,MED096,306,491,150246,Delivered"
"LINE001030,PO00205,MED012,2369,229,542501,Delivered"
"LINE001031,PO00205,MED020,2256,356,803136,Delivered"
"LINE001032,PO00205,MED021,343,240,82320,Delivered"
"LINE001033,PO00205,MED037,906,84,76104,Delivered"
"LINE001034,PO00205,MED038,863,273,235599,Delivered"
"LINE001035,PO00205,MED057,882,120,105840,Delivered"
"LINE001036,PO00205,MED078,321,102,32742,Delivered"
"LINE001037,PO00205,MED079,321,266,85386,Delivered"
"LINE001038,PO00205,MED091,303,1352,409656,Delivered"
"LINE001039,PO00206,MED013,2456,388,952928,Delivered"
"LINE001040,PO00206,MED023,305,101,30805,Delivered"
"LINE001041,PO00206,MED024,2210,332,733720,Delivered"
"LINE001042,PO00206,MED025,321,315,101115,Delivered"
"LINE001043,PO00206,MED053,897,131,117507,Delivered"
"LINE001044,PO00206,MED056,965,245,236425,Delivered"
"LINE001045,PO00206,MED058,917,89,81613,Delivered"
"LINE001046,PO00206,MED075,334,301,100534,Delivered"
"LINE001047,PO00206,MED077,329,387,127323,Delivered"
"LINE001048,PO00206,MED100,293,330,96690,Delivered"
"LINE001049,PO00207,MED015,2235,423,945405,Delivered"
"LINE001050,PO00207,MED026,878,610,535580,Delivered"
"LINE001051,PO00207,MED032,870,749,651630,Delivered"
"LINE001052,PO00207,MED039,916,349,319684,Delivered"
"LINE001053,PO00207,MED043,893,50,44650,Delivered"
"LINE001054,PO00207,MED059,875,41,35875,Delivered"
"LINE001055,PO00208,MED016,2204,493,1086572,Delivered"
"LINE001056,PO00208,MED018,2207,465,1026255,Delivered"
"LINE001057,PO00208,MED098,325,388,126100,Delivered"
"LINE001058,PO00209,MED019,2332,271,631972,Delivered"
"LINE001059,PO00209,MED027,899,524,471076,Delivered"
"LINE001060,PO00209,MED031,934,525,490350,Delivered"
"LINE001061,PO00209,MED034,853,736,627808,Delivered"
"LINE001062,PO00209,MED036,908,393,356844,Delivered"
"LINE001063,PO00209,MED071,323,319,103037,Delivered"
"LINE001064,PO00209,MED074,315,511,160965,Delivered"
"LINE001065,PO00209,MED092,324,847,274428,Delivered"
"LINE001066,PO00209,MED094,322,1362,438564,Delivered"
"LINE001067,PO00210,MED022,276,393,108468,Delivered"
"LINE001068,PO00210,MED029,932,560,521920,Delivered"
"LINE001069,PO00210,MED033,926,239,221314,Delivered"
"LINE001070,PO00210,MED076,304,345,104880,Delivered"
"LINE001071,PO00210,MED093,310,1286,398660,Delivered"
"LINE001072,PO00211,MED030,858,731,627198,Delivered"
"LINE001073,PO00211,MED054,878,303,266034,Delivered"
"LINE001074,PO00211,MED060,901,93,83793,Delivered"
"LINE001075,PO00211,MED080,282,237,66834,Delivered"
"LINE001076,PO00212,MED035,869,612,531828,Delivered"
"LINE001077,PO00212,MED044,877,358,313966,Delivered"
"LINE001078,PO00212,MED048,913,345,314985,Delivered"
"LINE001079,PO00212,MED049,870,43,37410,Delivered"
"LINE001080,PO00212,MED095,293,792,232056,Delivered"
"LINE001081,PO00212,MED097,319,518,165242,Delivered"
"LINE001082,PO00213,MED040,890,160,142400,Delivered"
"LINE001083,PO00213,MED051,904,304,274816,Delivered"
"LINE001084,PO00213,MED055,895,74,66230,Delivered"
"LINE001085,PO00213,MED072,318,320,101760,Delivered"
"LINE001086,PO00214,MED041,904,336,303744,Delivered"
"LINE001087,PO00214,MED045,929,196,182084,Delivered"
"LINE001088,PO00214,MED047,884,118,104312,Delivered"
"LINE001089,PO00214,MED050,909,271,246339,Delivered"
"LINE001090,PO00214,MED052,908,92,83536,Delivered"
"LINE001091,PO00214,MED073,334,505,168670,Delivered"
"LINE001092,PO00214,MED099,301,478,143878,Delivered"
"LINE001093,PO00215,MED064,2351,82,192782,Delivered"
"LINE001094,PO00215,MED086,887,89,78943,Delivered"
"LINE001095,PO00215,MED087,824,113,93112,Delivered"
"LINE001096,PO00215,MED090,914,112,102368,Delivered"
"LINE001097,PO00216,MED066,2229,109,242961,Delivered"
"LINE001098,PO00216,MED085,909,69,62721,Delivered"
"LINE001099,PO00217,MED070,2148,81,173988,Delivered"
"LINE001100,PO00217,MED083,832,181,150592,Delivered"
"LINE001101,PO00218,MED001,2233,43,96019,Delivered"
"LINE001102,PO00218,MED004,2285,35,79975,Delivered"
"LINE001103,PO00219,MED002,2161,29,62669,Delivered"
"LINE001104,PO00219,MED006,2299,37,85063,Delivered"
"LINE001105,PO00219,MED009,2195,38,83410,Delivered"
"LINE001106,PO00219,MED010,2140,38,81320,Delivered"
"LINE001107,PO00219,MED084,824,39,32136,Delivered"
"LINE001108,PO00219,MED085,866,69,59754,Delivered"
"LINE001109,PO00220,MED003,2266,22,49852,Delivered"
"LINE001110,PO00220,MED007,2162,25,54050,Delivered"
"LINE001111,PO00220,MED061,2274,23,52302,Delivered"
"LINE001112,PO00220,MED066,2311,109,251899,Delivered"
"LINE001113,PO00220,MED070,2317,81,187677,Delivered"
"LINE001114,PO00220,MED082,889,65,57785,Delivered"
"LINE001115,PO00220,MED088,867,95,82365,Delivered"
"LINE001116,PO00220,MED090,855,112,95760,Delivered"
"LINE001117,PO00221,MED005,2252,33,74316,Delivered"
"LINE001118,PO00221,MED067,2137,63,134631,Delivered"
"LINE001119,PO00222,MED008,2173,25,54325,Delivered"
"LINE001120,PO00222,MED062,2139,73,156147,Delivered"
"LINE001121,PO00222,MED069,2301,93,213993,Delivered"
"LINE001122,PO00223,MED011,2293,210,481530,Delivered"
"LINE001123,PO00223,MED037,923,84,77532,Delivered"
"LINE001124,PO00223,MED039,912,349,318288,Delivered"
"LINE001125,PO00223,MED046,913,303,276639,Delivered"
"LINE001126,PO00223,MED059,883,41,36203,Delivered"
"LINE001127,PO00223,MED072,318,320,101760,Delivered"
"LINE001128,PO00223,MED075,352,301,105952,Delivered"
"LINE001129,PO00223,MED095,343,792,271656,Delivered"
"LINE001130,PO00224,MED012,2262,229,517998,Delivered"
"LINE001131,PO00224,MED019,2358,271,639018,Delivered"
"LINE001132,PO00224,MED029,924,560,517440,Delivered"
"LINE001133,PO00224,MED030,909,731,664479,Delivered"
"LINE001134,PO00224,MED036,926,393,363918,Delivered"
"LINE001135,PO00224,MED044,918,358,328644,Delivered"
"LINE001136,PO00225,MED013,2183,388,847004,Delivered"
"LINE001137,PO00225,MED014,2046,337,689502,Delivered"
"LINE001138,PO00225,MED043,938,50,46900,Delivered"
"LINE001139,PO00225,MED049,872,43,37496,Delivered"
"LINE001140,PO00225,MED073,338,505,170690,Delivered"
"LINE001141,PO00226,MED015,2162,423,914526,Delivered"
"LINE001142,PO00226,MED045,873,196,171108,Delivered"
"LINE001143,PO00226,MED047,917,118,108206,Delivered"
"LINE001144,PO00226,MED060,915,93,85095,Delivered"
"LINE001145,PO00226,MED078,343,102,34986,Delivered"
"LINE001146,PO00227,MED016,2184,493,1076712,Delivered"
"LINE001147,PO00227,MED031,909,525,477225,Delivered"
"LINE001148,PO00227,MED033,918,239,219402,Delivered"
"LINE001149,PO00227,MED040,938,160,150080,Delivered"
"LINE001150,PO00227,MED054,913,303,276639,Delivered"
"LINE001151,PO00227,MED058,875,89,77875,Delivered"
"LINE001152,PO00227,MED091,305,1352,412360,Delivered"
"LINE001153,PO00227,MED092,315,847,266805,Delivered"
"LINE001154,PO00228,MED017,2199,373,820227,Delivered"
"LINE001155,PO00228,MED022,316,393,124188,Delivered"
"LINE001156,PO00228,MED025,301,315,94815,Delivered"
"LINE001157,PO00228,MED026,909,610,554490,Delivered"
"LINE001158,PO00228,MED027,890,524,466360,Delivered"
"LINE001159,PO00228,MED028,938,108,101304,Delivered"
"LINE001160,PO00228,MED034,910,736,669760,Delivered"
"LINE001161,PO00228,MED041,908,336,305088,Delivered"
"LINE001162,PO00228,MED077,314,387,121518,Delivered"
"LINE001163,PO00228,MED094,322,1362,438564,Delivered"
"LINE001164,PO00228,MED097,315,518,163170,Delivered"
"LINE001165,PO00229,MED018,2311,465,1074615,Delivered"
"LINE001166,PO00229,MED042,954,164,156456,Delivered"
"LINE001167,PO00229,MED093,302,1286,388372,Delivered"
"LINE001168,PO00230,MED020,2325,356,827700,Delivered"
"LINE001169,PO00230,MED038,922,273,251706,Delivered"
"LINE001170,PO00230,MED048,902,345,311190,Delivered"
"LINE001171,PO00230,MED051,889,304,270256,Delivered"
"LINE001172,PO00230,MED055,910,74,67340,Delivered"
"LINE001173,PO00230,MED074,308,511,157388,Delivered"
"LINE001174,PO00230,MED099,312,478,149136,Delivered"
"LINE001175,PO00231,MED021,306,240,73440,Delivered"
"LINE001176,PO00231,MED024,2450,332,813400,Delivered"
"LINE001177,PO00231,MED052,890,92,81880,Delivered"
"LINE001178,PO00231,MED057,882,120,105840,Delivered"
"LINE001179,PO00231,MED079,320,266,85120,Delivered"
"LINE001180,PO00232,MED023,308,101,31108,Delivered"
"LINE001181,PO00232,MED035,879,612,537948,Delivered"
"LINE001182,PO00232,MED050,891,271,241461,Delivered"
"LINE001183,PO00232,MED076,310,345,106950,Delivered"
"LINE001184,PO00232,MED080,329,237,77973,Delivered"
"LINE001185,PO00232,MED096,322,491,158102,Delivered"
"LINE001186,PO00232,MED100,322,330,106260,Delivered"
"LINE001187,PO00233,MED032,873,749,653877,Delivered"
"LINE001188,PO00233,MED053,883,131,115673,Delivered"
"LINE001189,PO00233,MED056,889,245,217805,Delivered"
"LINE001190,PO00233,MED071,322,319,102718,Delivered"
"LINE001191,PO00233,MED098,324,388,125712,Delivered"
"LINE001192,PO00234,MED063,2295,112,257040,Delivered"
"LINE001193,PO00234,MED064,2245,82,184090,Delivered"
"LINE001194,PO00235,MED065,2240,37,82880,Delivered"
"LINE001195,PO00235,MED089,919,33,30327,Delivered"
"LINE001196,PO00236,MED068,2288,53,121264,Delivered"
"LINE001197,PO00236,MED081,878,148,129944,Delivered"
"LINE001198,PO00236,MED083,874,181,158194,Delivered"
"LINE001199,PO00236,MED087,858,113,96954,Delivered"
"LINE001200,PO00237,MED086,885,89,78765,Delivered"
"LINE001201,PO00238,MED001,2201,43,94643,Delivered"
"LINE001202,PO00238,MED005,2305,33,76065,Delivered"
"LINE001203,PO00239,MED002,1902,29,55158,Delivered"
"LINE001204,PO00239,MED007,2303,25,57575,Delivered"
"LINE001205,PO00239,MED061,2256,23,51888,Delivered"
"LINE001206,PO00239,MED083,841,181,152221,Delivered"
"LINE001207,PO00239,MED088,861,95,81795,Delivered"
"LINE001208,PO00240,MED003,2249,22,49478,Delivered"
"LINE001209,PO00240,MED064,2262,82,185484,Delivered"
"LINE001210,PO00240,MED065,2236,37,82732,Delivered"
"LINE001211,PO00240,MED068,2187,53,115911,Delivered"
"LINE001212,PO00241,MED004,2216,35,77560,Delivered"
"LINE001213,PO00241,MED010,2195,38,83410,Delivered"
"LINE001214,PO00241,MED062,2176,73,158848,Delivered"
"LINE001215,PO00241,MED067,2171,63,136773,Delivered"
"LINE001216,PO00241,MED070,2258,81,182898,Delivered"
"LINE001217,PO00241,MED081,862,148,127576,Delivered"
"LINE001218,PO00241,MED086,916,89,81524,Delivered"
"LINE001219,PO00242,MED006,2317,37,85729,Delivered"
"LINE001220,PO00242,MED009,1865,38,70870,Delivered"
"LINE001221,PO00242,MED063,1777,112,199024,Delivered"
"LINE001222,PO00242,MED085,908,69,62652,Delivered"
"LINE001223,PO00242,MED089,953,33,31449,Delivered"
"LINE001224,PO00243,MED008,2225,25,55625,Delivered"
"LINE001225,PO00243,MED082,881,65,57265,Delivered"
"LINE001226,PO00244,MED011,2328,210,488880,Delivered"
"LINE001227,PO00244,MED012,2261,229,517769,Delivered"
"LINE001228,PO00244,MED016,2236,493,1102348,Delivered"
"LINE001229,PO00244,MED017,2183,373,814259,Delivered"
"LINE001230,PO00244,MED022,312,393,122616,Delivered"
"LINE001231,PO00244,MED032,867,749,649383,Delivered"
"LINE001232,PO00244,MED056,862,245,211190,Delivered"
"LINE001233,PO00244,MED059,901,41,36941,Delivered"
"LINE001234,PO00244,MED073,321,505,162105,Delivered"
"LINE001235,PO00244,MED092,287,847,243089,Delivered"
"LINE001236,PO00245,MED013,2155,388,836140,Delivered"
"LINE001237,PO00245,MED015,2226,423,941598,Delivered"
"LINE001238,PO00245,MED044,920,358,329360,Delivered"
"LINE001239,PO00245,MED045,945,196,185220,Delivered"
"LINE001240,PO00245,MED047,897,118,105846,Delivered"
"LINE001241,PO00245,MED048,906,345,312570,Delivered"
"LINE001242,PO00246,MED014,2305,337,776785,Delivered"
"LINE001243,PO00246,MED076,325,345,112125,Delivered"
"LINE001244,PO00246,MED098,333,388,129204,Delivered"
"LINE001245,PO00246,MED099,298,478,142444,Delivered"
"LINE001246,PO00247,MED018,2311,465,1074615,Delivered"
"LINE001247,PO00247,MED036,830,393,326190,Delivered"
"LINE001248,PO00247,MED049,857,43,36851,Delivered"
"LINE001249,PO00247,MED097,336,518,174048,Delivered"
"LINE001250,PO00248,MED019,2251,271,610021,Delivered"
"LINE001251,PO00248,MED035,914,612,559368,Delivered"
"LINE001252,PO00248,MED038,929,273,253617,Delivered"
"LINE001253,PO00248,MED039,856,349,298744,Delivered"
"LINE001254,PO00248,MED040,879,160,140640,Delivered"
"LINE001255,PO00248,MED042,946,164,155144,Delivered"
"LINE001256,PO00248,MED050,963,271,260973,Delivered"
"LINE001257,PO00248,MED051,866,304,263264,Delivered"
"LINE001258,PO00248,MED053,902,131,118162,Delivered"
"LINE001259,PO00248,MED057,840,120,100800,Delivered"
"LINE001260,PO00248,MED075,321,301,96621,Delivered"
"LINE001261,PO00248,MED095,294,792,232848,Delivered"
"LINE001262,PO00249,MED020,2236,356,796016,Delivered"
"LINE001263,PO00249,MED021,337,240,80880,Delivered"
"LINE001264,PO00249,MED023,298,101,30098,Delivered"
"LINE001265,PO00249,MED030,865,731,632315,Delivered"
"LINE001266,PO00249,MED034,889,736,654304,Delivered"
"LINE001267,PO00249,MED060,907,93,84351,Delivered"
"LINE001268,PO00249,MED074,337,511,172207,Delivered"
"LINE001269,PO00249,MED079,313,266,83258,Delivered"
"LINE001270,PO00250,MED024,2201,332,730732,Delivered"
"LINE001271,PO00250,MED026,897,610,547170,Delivered"
"LINE001272,PO00250,MED027,898,524,470552,Delivered"
"LINE001273,PO00250,MED054,881,303,266943,Delivered"
"LINE001274,PO00250,MED055,943,74,69782,Delivered"
"LINE001275,PO00250,MED093,317,1286,407662,Delivered"
"LINE001276,PO00251,MED025,313,315,98595,Delivered"
"LINE001277,PO00251,MED029,918,560,514080,Delivered"
"LINE001278,PO00251,MED033,902,239,215578,Delivered"
"LINE001279,PO00251,MED037,899,84,75516,Delivered"
"LINE001280,PO00251,MED046,901,303,273003,Delivered"
"LINE001281,PO00251,MED077,353,387,136611,Delivered"
"LINE001282,PO00251,MED096,279,491,136989,Delivered"
"LINE001283,PO00252,MED028,912,108,98496,Delivered"
"LINE001284,PO00252,MED043,903,50,45150,Delivered"
"LINE001285,PO00252,MED072,319,320,102080,Delivered"
"LINE001286,PO00252,MED080,350,237,82950,Delivered"
"LINE001287,PO00252,MED094,290,1362,394980,Delivered"
"LINE001288,PO00253,MED031,901,525,473025,Delivered"
"LINE001289,PO00253,MED041,879,336,295344,Delivered"
"LINE001290,PO00253,MED058,881,89,78409,Delivered"
"LINE001291,PO00254,MED052,880,92,80960,Delivered"
"LINE001292,PO00254,MED071,330,319,105270,Delivered"
"LINE001293,PO00254,MED078,320,102,32640,Delivered"
"LINE001294,PO00254,MED091,304,1352,411008,Delivered"
"LINE001295,PO00254,MED100,297,330,98010,Delivered"
"LINE001296,PO00255,MED066,2336,109,254624,Delivered"
"LINE001297,PO00255,MED087,867,113,97971,Delivered"
"LINE001298,PO00256,MED069,2168,93,201624,Delivered"
"LINE001299,PO00256,MED084,850,39,33150,Delivered"
"LINE001300,PO00257,MED090,898,112,100576,Delivered"
"LINE001301,PO00258,MED001,2255,43,96965,Delivered"
"LINE001302,PO00258,MED063,1749,112,195888,Delivered"
"LINE001303,PO00258,MED065,2214,37,81918,Delivered"
"LINE001304,PO00258,MED069,2300,93,213900,Delivered"
"LINE001305,PO00259,MED002,1870,29,54230,Delivered"
"LINE001306,PO00259,MED005,2255,33,74415,Delivered"
"LINE001307,PO00259,MED008,2225,25,55625,Delivered"
"LINE001308,PO00259,MED087,886,113,100118,Delivered"
"LINE001309,PO00260,MED003,2271,22,49962,Delivered"
"LINE001310,PO00260,MED007,2167,25,54175,Delivered"
"LINE001311,PO00260,MED009,2290,38,87020,Delivered"
"LINE001312,PO00260,MED084,855,39,33345,Delivered"
"LINE001313,PO00260,MED085,882,69,60858,Delivered"
"LINE001314,PO00260,MED088,883,95,83885,Delivered"
"LINE001315,PO00260,MED090,897,112,100464,Delivered"
"LINE001316,PO00261,MED004,2239,35,78365,Delivered"
"LINE001317,PO00261,MED089,869,33,28677,Delivered"
"LINE001318,PO00262,MED006,2250,37,83250,Delivered"
"LINE001319,PO00262,MED062,2096,73,153008,Delivered"
"LINE001320,PO00262,MED064,2351,82,192782,Delivered"
"LINE001321,PO00262,MED067,2144,63,135072,Delivered"
"LINE001322,PO00262,MED082,883,65,57395,Delivered"
"LINE001323,PO00262,MED086,942,89,83838,Delivered"
"LINE001324,PO00263,MED010,2211,38,84018,Delivered"
"LINE001325,PO00264,MED011,2221,210,466410,Delivered"
"LINE001326,PO00264,MED036,901,393,354093,Delivered"
"LINE001327,PO00264,MED041,912,336,306432,Delivered"
"LINE001328,PO00264,MED056,886,245,217070,Delivered"
"LINE001329,PO00265,MED012,2298,229,526242,Delivered"
"LINE001330,PO00265,MED016,2150,493,1059950,Delivered"
"LINE001331,PO00265,MED031,997,525,523425,Delivered"
"LINE001332,PO00265,MED043,878,50,43900,Delivered"
"LINE001333,PO00265,MED051,896,304,272384,Delivered"
"LINE001334,PO00265,MED058,912,89,81168,Delivered"
"LINE001335,PO00265,MED080,300,237,71100,Delivered"
"LINE001336,PO00266,MED013,1931,388,749228,Delivered"
"LINE001337,PO00266,MED029,900,560,504000,Delivered"
"LINE001338,PO00266,MED071,307,319,97933,Delivered"
"LINE001339,PO00266,MED074,316,511,161476,Delivered"
"LINE001340,PO00266,MED075,298,301,89698,Delivered"
"LINE001341,PO00267,MED014,2240,337,754880,Delivered"
"LINE001342,PO00267,MED021,327,240,78480,Delivered"
"LINE001343,PO00267,MED023,303,101,30603,Delivered"
"LINE001344,PO00267,MED033,883,239,211037,Delivered"
"LINE001345,PO00267,MED034,940,736,691840,Delivered"
"LINE001346,PO00267,MED045,916,196,179536,Delivered"
"LINE001347,PO00267,MED046,921,303,279063,Delivered"
"LINE001348,PO00267,MED077,319,387,123453,Delivered"
"LINE001349,PO00268,MED015,2169,423,917487,Delivered"
"LINE001350,PO00268,MED038,910,273,248430,Delivered"
"LINE001351,PO00268,MED047,889,118,104902,Delivered"
"LINE001352,PO00268,MED073,304,505,153520,Delivered"
"LINE001353,PO00268,MED093,346,1286,444956,Delivered"
"LINE001354,PO00268,MED094,323,1362,439926,Delivered"
"LINE001355,PO00269,MED017,2348,373,875804,Delivered"
"LINE001356,PO00269,MED027,904,524,473696,Delivered"
"LINE001357,PO00269,MED030,922,731,673982,Delivered"
"LINE001358,PO00269,MED039,876,349,305724,Delivered"
"LINE001359,PO00269,MED042,886,164,145304,Delivered"
"LINE001360,PO00269,MED049,928,43,39904,Delivered"
"LINE001361,PO00269,MED098,277,388,107476,Delivered"
"LINE001362,PO00270,MED018,2306,465,1072290,Delivered"
"LINE001363,PO00270,MED024,2248,332,746336,Delivered"
"LINE001364,PO00270,MED072,322,320,103040,Delivered"
"LINE001365,PO00270,MED076,317,345,109365,Delivered"
"LINE001366,PO00270,MED078,322,102,32844,Delivered"
"LINE001367,PO00270,MED091,280,1352,378560,Delivered"
"LINE001368,PO00271,MED019,2128,271,576688,Delivered"
"LINE001369,PO00271,MED022,327,393,128511,Delivered"
"LINE001370,PO00271,MED037,921,84,77364,Delivered"
"LINE001371,PO00271,MED095,297,792,235224,Delivered"
"LINE001372,PO00272,MED020,2170,356,772520,Delivered"
"LINE001373,PO00272,MED025,327,315,103005,Delivered"
"LINE001374,PO00272,MED028,856,108,92448,Delivered"
"LINE001375,PO00272,MED035,891,612,545292,Delivered"
"LINE001376,PO00272,MED044,889,358,318262,Delivered"
"LINE001377,PO00272,MED048,868,345,299460,Delivered"
"LINE001378,PO00272,MED057,910,120,109200,Delivered"
"LINE001379,PO00272,MED059,861,41,35301,Delivered"
"LINE001380,PO00272,MED079,292,266,77672,Delivered"
"LINE001381,PO00272,MED099,298,478,142444,Delivered"
"LINE001382,PO00273,MED026,887,610,541070,Delivered"
"LINE001383,PO00273,MED032,893,749,668857,Delivered"
"LINE001384,PO00273,MED040,895,160,143200,Delivered"
"LINE001385,PO00273,MED052,897,92,82524,Delivered"
"LINE001386,PO00273,MED053,903,131,118293,Delivered"
"LINE001387,PO00273,MED054,858,303,259974,Delivered"
"LINE001388,PO00273,MED060,869,93,80817,Delivered"
"LINE001389,PO00273,MED092,318,847,269346,Delivered"
"LINE001390,PO00273,MED096,290,491,142390,Delivered"
"LINE001391,PO00274,MED050,861,271,233331,Delivered"
"LINE001392,PO00274,MED055,847,74,62678,Delivered"
"LINE001393,PO00274,MED097,295,518,152810,Delivered"
"LINE001394,PO00274,MED100,338,330,111540,Delivered"
"LINE001395,PO00275,MED061,2435,23,56005,Delivered"
"LINE001396,PO00275,MED066,2281,109,248629,Delivered"
"LINE001397,PO00276,MED068,2203,53,116759,Delivered"
"LINE001398,PO00276,MED083,921,181,166701,Delivered"
"LINE001399,PO00277,MED070,2281,81,184761,Delivered"
"LINE001400,PO00277,MED081,912,148,134976,Delivered"
"LINE001401,PO00278,MED001,2341,43,100663,Delivered"
"LINE001402,PO00278,MED010,2314,38,87932,Delivered"
"LINE001403,PO00278,MED065,2328,37,86136,Delivered"
"LINE001404,PO00279,MED002,2277,29,66033,Delivered"
"LINE001405,PO00279,MED004,2171,35,75985,Delivered"
"LINE001406,PO00279,MED008,2302,25,57550,Delivered"
"LINE001407,PO00279,MED062,2189,73,159797,Delivered"
"LINE001408,PO00279,MED081,857,148,126836,Delivered"
"LINE001409,PO00280,MED003,2207,22,48554,Delivered"
"LINE001410,PO00280,MED069,2229,93,207297,Delivered"
"LINE001411,PO00280,MED070,2289,81,185409,Delivered"
"LINE001412,PO00280,MED083,927,181,167787,Delivered"
"LINE001413,PO00280,MED089,854,33,28182,Delivered"
"LINE001414,PO00280,MED090,905,112,101360,Delivered"
"LINE001415,PO00281,MED005,2132,33,70356,Delivered"
"LINE001416,PO00281,MED009,2273,38,86374,Delivered"
"LINE001417,PO00281,MED068,2141,53,113473,Delivered"
"LINE001418,PO00281,MED086,841,89,74849,Delivered"
"LINE001419,PO00281,MED087,912,113,103056,Delivered"
"LINE001420,PO00282,MED006,2220,37,82140,Delivered"
"LINE001421,PO00282,MED061,2136,23,49128,Delivered"
"LINE001422,PO00282,MED067,2210,63,139230,Delivered"
"LINE001423,PO00283,MED007,2202,25,55050,Delivered"
"LINE001424,PO00283,MED064,2264,82,185648,Delivered"
"LINE001425,PO00283,MED066,2294,109,250046,Delivered"
"LINE001426,PO00283,MED084,921,39,35919,Delivered"
"LINE001427,PO00283,MED088,884,95,83980,Delivered"
"LINE001428,PO00284,MED011,2214,210,464940,Delivered"
"LINE001429,PO00284,MED026,924,610,563640,Delivered"
"LINE001430,PO00284,MED033,928,239,221792,Delivered"
"LINE001431,PO00284,MED040,902,160,144320,Delivered"
"LINE001432,PO00284,MED059,881,41,36121,Delivered"
"LINE001433,PO00284,MED080,338,237,80106,Delivered"
"LINE001434,PO00284,MED095,313,792,247896,Delivered"
"LINE001435,PO00284,MED098,309,388,119892,Delivered"
"LINE001436,PO00284,MED100,317,330,104610,Delivered"
"LINE001437,PO00285,MED012,2197,229,503113,Delivered"
"LINE001438,PO00285,MED020,2250,356,801000,Delivered"
"LINE001439,PO00285,MED042,910,164,149240,Delivered"
"LINE001440,PO00285,MED044,886,358,317188,Delivered"
"LINE001441,PO00285,MED045,890,196,174440,Delivered"
"LINE001442,PO00285,MED049,897,43,38571,Delivered"
"LINE001443,PO00285,MED054,930,303,281790,Delivered"
"LINE001444,PO00286,MED013,2142,388,831096,Delivered"
"LINE001445,PO00286,MED034,919,736,676384,Delivered"
"LINE001446,PO00286,MED035,924,612,565488,Delivered"
"LINE001447,PO00286,MED037,931,84,78204,Delivered"
"LINE001448,PO00286,MED051,931,304,283024,Delivered"
"LINE001449,PO00286,MED058,921,89,81969,Delivered"
"LINE001450,PO00287,MED014,2201,337,741737,Delivered"
"LINE001451,PO00287,MED016,2277,493,1122561,Delivered"
"LINE001452,PO00287,MED019,2307,271,625197,Delivered"
"LINE001453,PO00287,MED027,939,524,492036,Delivered"
"LINE001454,PO00287,MED036,918,393,360774,Delivered"
"LINE001455,PO00287,MED072,327,320,104640,Delivered"
"LINE001456,PO00287,MED073,355,505,179275,Delivered"
"LINE001457,PO00288,MED015,2198,423,929754,Delivered"
"LINE001458,PO00288,MED017,2295,373,856035,Delivered"
"LINE001459,PO00288,MED029,906,560,507360,Delivered"
"LINE001460,PO00288,MED030,914,731,668134,Delivered"
"LINE001461,PO00288,MED031,868,525,455700,Delivered"
"LINE001462,PO00288,MED047,904,118,106672,Delivered"
"LINE001463,PO00289,MED018,1771,465,823515,Delivered"
"LINE001464,PO00289,MED032,923,749,691327,Delivered"
"LINE001465,PO00289,MED056,928,245,227360,Delivered"
"LINE001466,PO00289,MED093,323,1286,415378,Delivered"
"LINE001467,PO00290,MED021,282,240,67680,Delivered"
"LINE001468,PO00290,MED025,324,315,102060,Delivered"
"LINE001469,PO00290,MED038,923,273,251979,Delivered"
"LINE001470,PO00290,MED041,875,336,294000,Delivered"
"LINE001471,PO00290,MED046,944,303,286032,Delivered"
"LINE001472,PO00290,MED048,900,345,310500,Delivered"
"LINE001473,PO00290,MED050,836,271,226556,Delivered"
"LINE001474,PO00290,MED075,339,301,102039,Delivered"
"LINE001475,PO00290,MED076,327,345,112815,Delivered"
"LINE001476,PO00290,MED077,300,387,116100,Delivered"
"LINE001477,PO00290,MED079,336,266,89376,Delivered"
"LINE001478,PO00290,MED091,327,1352,442104,Delivered"
"LINE001479,PO00291,MED022,320,393,125760,Delivered"
"LINE001480,PO00291,MED060,965,93,89745,Delivered"
"LINE001481,PO00291,MED074,317,511,161987,Delivered"
"LINE001482,PO00291,MED078,343,102,34986,Delivered"
"LINE001483,PO00292,MED023,312,101,31512,Delivered"
"LINE001484,PO00292,MED028,860,108,92880,Delivered"
"LINE001485,PO00292,MED052,913,92,83996,Delivered"
"LINE001486,PO00292,MED071,337,319,107503,Delivered"
"LINE001487,PO00292,MED094,300,1362,408600,Delivered"
"LINE001488,PO00293,MED024,2228,332,739696,Delivered"
"LINE001489,PO00293,MED039,907,349,316543,Delivered"
"LINE001490,PO00293,MED043,940,50,47000,Delivered"
"LINE001491,PO00293,MED057,869,120,104280,Delivered"
"LINE001492,PO00293,MED096,300,491,147300,Delivered"
"LINE001493,PO00293,MED099,334,478,159652,Delivered"
"LINE001494,PO00294,MED053,924,131,121044,Delivered"
"LINE001495,PO00294,MED055,888,74,65712,Delivered"
"LINE001496,PO00294,MED092,324,847,274428,Delivered"
"LINE001497,PO00294,MED097,303,518,156954,Delivered"
"LINE001498,PO00295,MED063,2263,112,253456,Delivered"
"LINE001499,PO00295,MED082,912,65,59280,Delivered"
"LINE001500,PO00296,MED085,920,69,63480,Delivered"
"LINE001501,PO00297,MED001,1963,43,84409,Delivered"
"LINE001502,PO00297,MED002,2313,29,67077,Delivered"
"LINE001503,PO00297,MED010,2240,38,85120,Delivered"
"LINE001504,PO00297,MED085,867,69,59823,Delivered"
"LINE001505,PO00297,MED089,906,33,29898,Delivered"
"LINE001506,PO00298,MED003,2321,22,51062,Delivered"
"LINE001507,PO00299,MED004,2352,35,82320,Delivered"
"LINE001508,PO00299,MED007,2088,25,52200,Delivered"
"LINE001509,PO00299,MED061,2346,23,53958,Delivered"
"LINE001510,PO00299,MED064,2238,82,183516,Delivered"
"LINE001511,PO00299,MED084,905,39,35295,Delivered"
"LINE001512,PO00300,MED005,2228,33,73524,Delivered"
"LINE001513,PO00300,MED065,2306,37,85322,Delivered"
"LINE001514,PO00300,MED070,2233,81,180873,Delivered"
"LINE001515,PO00301,MED006,2261,37,83657,Delivered"
"LINE001516,PO00301,MED082,895,65,58175,Delivered"
"LINE001517,PO00301,MED088,929,95,88255,Delivered"
"LINE001518,PO00302,MED008,2344,25,58600,Delivered"
"LINE001519,PO00302,MED081,937,148,138676,Delivered"
"LINE001520,PO00303,MED009,2248,38,85424,Delivered"
"LINE001521,PO00303,MED062,2283,73,166659,Delivered"
"LINE001522,PO00303,MED063,2297,112,257264,Delivered"
"LINE001523,PO00303,MED067,2168,63,136584,Delivered"
"LINE001524,PO00303,MED068,2178,53,115434,Delivered"
"LINE001525,PO00303,MED069,2172,93,201996,Delivered"
"LINE001526,PO00303,MED087,862,113,97406,Delivered"
"LINE001527,PO00304,MED011,2306,210,484260,Delivered"
"LINE001528,PO00304,MED042,908,164,148912,Delivered"
"LINE001529,PO00304,MED080,299,237,70863,Delivered"
"LINE001530,PO00305,MED012,1967,229,450443,Delivered"
"LINE001531,PO00305,MED029,872,560,488320,Delivered"
"LINE001532,PO00305,MED047,911,118,107498,Delivered"
"LINE001533,PO00305,MED057,898,120,107760,Delivered"
"LINE001534,PO00305,MED071,291,319,92829,Delivered"
"LINE001535,PO00305,MED078,299,102,30498,Delivered"
"LINE001536,PO00305,MED095,329,792,260568,Delivered"
"LINE001537,PO00306,MED013,2336,388,906368,Delivered"
"LINE001538,PO00306,MED031,885,525,464625,Delivered"
"LINE001539,PO00306,MED034,891,736,655776,Delivered"
"LINE001540,PO00306,MED039,942,349,328758,Delivered"
"LINE001541,PO00306,MED040,933,160,149280,Delivered"
"LINE001542,PO00306,MED045,916,196,179536,Delivered"
"LINE001543,PO00306,MED056,873,245,213885,Delivered"
"LINE001544,PO00306,MED077,303,387,117261,Delivered"
"LINE001545,PO00306,MED098,338,388,131144,Delivered"
"LINE001546,PO00306,MED099,290,478,138620,Delivered"
"LINE001547,PO00307,MED014,2254,337,759598,Delivered"
"LINE001548,PO00307,MED016,2174,493,1071782,Delivered"
"LINE001549,PO00307,MED020,2222,356,791032,Delivered"
"LINE001550,PO00307,MED054,936,303,283608,Delivered"
"LINE001551,PO00307,MED073,332,505,167660,Delivered"
"LINE001552,PO00307,MED075,323,301,97223,Delivered"
"LINE001553,PO00307,MED079,297,266,79002,Delivered"
"LINE001554,PO00308,MED015,2333,423,986859,Delivered"
"LINE001555,PO00308,MED024,2251,332,747332,Delivered"
"LINE001556,PO00308,MED028,924,108,99792,Delivered"
"LINE001557,PO00308,MED037,922,84,77448,Delivered"
"LINE001558,PO00308,MED044,865,358,309670,Delivered"
"LINE001559,PO00308,MED051,871,304,264784,Delivered"
"LINE001560,PO00308,MED058,906,89,80634,Delivered"
"LINE001561,PO00308,MED094,305,1362,415410,Delivered"
"LINE001562,PO00309,MED017,2161,373,806053,Delivered"
"LINE001563,PO00309,MED030,861,731,629391,Delivered"
"LINE001564,PO00309,MED033,844,239,201716,Delivered"
"LINE001565,PO00309,MED041,953,336,320208,Delivered"
"LINE001566,PO00309,MED072,333,320,106560,Delivered"
"LINE001567,PO00309,MED076,328,345,113160,Delivered"
"LINE001568,PO00309,MED091,306,1352,413712,Delivered"
"LINE001569,PO00309,MED100,320,330,105600,Delivered"
"LINE001570,PO00310,MED018,2235,465,1039275,Delivered"
"LINE001571,PO00310,MED022,303,393,119079,Delivered"
"LINE001572,PO00310,MED023,315,101,31815,Delivered"
"LINE001573,PO00310,MED025,330,315,103950,Delivered"
"LINE001574,PO00310,MED050,867,271,234957,Delivered"
"LINE001575,PO00310,MED055,865,74,64010,Delivered"
"LINE001576,PO00310,MED059,882,41,36162,Delivered"
"LINE001577,PO00310,MED096,313,491,153683,Delivered"
"LINE001578,PO00311,MED019,2218,271,601078,Delivered"
"LINE001579,PO00311,MED026,911,610,555710,Delivered"
"LINE001580,PO00311,MED032,909,749,680841,Delivered"
"LINE001581,PO00311,MED043,914,50,45700,Delivered"
"LINE001582,PO00311,MED049,911,43,39173,Delivered"
"LINE001583,PO00311,MED093,330,1286,424380,Delivered"
"LINE001584,PO00312,MED021,341,240,81840,Delivered"
"LINE001585,PO00312,MED036,872,393,342696,Delivered"
"LINE001586,PO00312,MED038,923,273,251979,Delivered"
"LINE001587,PO00312,MED048,882,345,304290,Delivered"
"LINE001588,PO00312,MED052,914,92,84088,Delivered"
"LINE001589,PO00312,MED053,875,131,114625,Delivered"
"LINE001590,PO00312,MED060,825,93,76725,Delivered"
"LINE001591,PO00312,MED097,311,518,161098,Delivered"
"LINE001592,PO00313,MED027,862,524,451688,Delivered"
"LINE001593,PO00313,MED035,936,612,572832,Delivered"
"LINE001594,PO00313,MED046,884,303,267852,Delivered"
"LINE001595,PO00314,MED066,2171,109,236639,Delivered"
"LINE001596,PO00314,MED083,875,181,158375,Delivered"
"LINE001597,PO00314,MED086,853,89,75917,Delivered"
"LINE001598,PO00315,MED074,311,511,158921,Delivered"
"LINE001599,PO00315,MED092,313,847,265111,Delivered"
"LINE001600,PO00316,MED090,948,112,106176,Delivered"
"LINE001601,PO00317,MED001,2224,43,95632,Delivered"
"LINE001602,PO00317,MED006,2184,37,80808,Delivered"
"LINE001603,PO00317,MED082,908,65,59020,Delivered"
"LINE001604,PO00317,MED085,945,69,65205,Delivered"
"LINE001605,PO00318,MED002,2202,29,63858,Delivered"
"LINE001606,PO00318,MED064,2390,82,195980,Delivered"
"LINE001607,PO00318,MED065,2272,37,84064,Delivered"
"LINE001608,PO00318,MED067,2292,63,144396,Delivered"
"LINE001609,PO00318,MED086,925,89,82325,Delivered"
"LINE001610,PO00319,MED003,2169,22,47718,Delivered"
"LINE001611,PO00319,MED007,2202,25,55050,Delivered"
"LINE001612,PO00319,MED010,2352,38,89376,Delivered"
"LINE001613,PO00319,MED062,2082,73,151986,Delivered"
"LINE001614,PO00319,MED070,2213,81,179253,Delivered"
"LINE001615,PO00319,MED088,940,95,89300,Delivered"
"LINE001616,PO00319,MED089,866,33,28578,Delivered"
"LINE001617,PO00320,MED004,2239,35,78365,Delivered"
"LINE001618,PO00320,MED066,2391,109,260619,Delivered"
"LINE001619,PO00320,MED083,945,181,171045,Delivered"
"LINE001620,PO00321,MED005,2283,33,75339,Delivered"
"LINE001621,PO00321,MED069,2376,93,220968,Delivered"
"LINE001622,PO00321,MED081,943,148,139564,Delivered"
"LINE001623,PO00321,MED090,866,112,96992,Delivered"
"LINE001624,PO00322,MED008,2194,25,54850,Delivered"
"LINE001625,PO00322,MED061,2290,23,52670,Delivered"
"LINE001626,PO00323,MED009,2334,38,88692,Delivered"
"LINE001627,PO00324,MED011,2260,210,474600,Delivered"
"LINE001628,PO00324,MED021,329,240,78960,Delivered"
"LINE001629,PO00324,MED029,876,560,490560,Delivered"
"LINE001630,PO00324,MED032,909,749,680841,Delivered"
"LINE001631,PO00324,MED050,973,271,263683,Delivered"
"LINE001632,PO00324,MED053,930,131,121830,Delivered"
"LINE001633,PO00324,MED074,299,511,152789,Delivered"
"LINE001634,PO00324,MED076,311,345,107295,Delivered"
"LINE001635,PO00325,MED012,2121,229,485709,Delivered"
"LINE001636,PO00325,MED013,2259,388,876492,Delivered"
"LINE001637,PO00325,MED036,909,393,357237,Delivered"
"LINE001638,PO00325,MED049,862,43,37066,Delivered"
"LINE001639,PO00325,MED073,306,505,154530,Delivered"
"LINE001640,PO00325,MED093,333,1286,428238,Delivered"
"LINE001641,PO00326,MED014,2281,337,768697,Delivered"
"LINE001642,PO00326,MED015,2169,423,917487,Delivered"
"LINE001643,PO00326,MED022,325,393,127725,Delivered"
"LINE001644,PO00326,MED031,921,525,483525,Delivered"
"LINE001645,PO00326,MED038,898,273,245154,Delivered"
"LINE001646,PO00326,MED045,905,196,177380,Delivered"
"LINE001647,PO00326,MED047,944,118,111392,Delivered"
"LINE001648,PO00327,MED016,2291,493,1129463,Delivered"
"LINE001649,PO00327,MED024,2270,332,753640,Delivered"
"LINE001650,PO00327,MED025,295,315,92925,Delivered"
"LINE001651,PO00327,MED028,937,108,101196,Delivered"
"LINE001652,PO00327,MED042,876,164,143664,Delivered"
"LINE001653,PO00327,MED055,918,74,67932,Delivered"
"LINE001654,PO00327,MED057,915,120,109800,Delivered"
"LINE001655,PO00327,MED095,322,792,255024,Delivered"
"LINE001656,PO00327,MED098,292,388,113296,Delivered"
"LINE001657,PO00327,MED100,296,330,97680,Delivered"
"LINE001658,PO00328,MED017,2215,373,826195,Delivered"
"LINE001659,PO00328,MED023,296,101,29896,Delivered"
"LINE001660,PO00328,MED026,879,610,536190,Delivered"
"LINE001661,PO00328,MED033,911,239,217729,Delivered"
"LINE001662,PO00328,MED052,900,92,82800,Delivered"
"LINE001663,PO00328,MED072,326,320,104320,Delivered"
"LINE001664,PO00328,MED096,324,491,159084,Delivered"
"LINE001665,PO00328,MED097,287,518,148666,Delivered"
"LINE001666,PO00328,MED099,333,478,159174,Delivered"
"LINE001667,PO00329,MED018,2261,465,1051365,Delivered"
"LINE001668,PO00329,MED030,942,731,688602,Delivered"
"LINE001669,PO00329,MED035,882,612,539784,Delivered"
"LINE001670,PO00329,MED040,839,160,134240,Delivered"
"LINE001671,PO00329,MED051,923,304,280592,Delivered"
"LINE001672,PO00329,MED056,903,245,221235,Delivered"
"LINE001673,PO00330,MED019,2130,271,577230,Delivered"
"LINE001674,PO00330,MED048,890,345,307050,Delivered"
"LINE001675,PO00330,MED060,875,93,81375,Delivered"
"LINE001676,PO00330,MED079,330,266,87780,Delivered"
"LINE001677,PO00330,MED080,308,237,72996,Delivered"
"LINE001678,PO00331,MED020,2213,356,787828,Delivered"
"LINE001679,PO00331,MED027,865,524,453260,Delivered"
"LINE001680,PO00331,MED037,922,84,77448,Delivered"
"LINE001681,PO00331,MED039,913,349,318637,Delivered"
"LINE001682,PO00331,MED046,954,303,289062,Delivered"
"LINE001683,PO00331,MED071,314,319,100166,Delivered"
"LINE001684,PO00331,MED075,292,301,87892,Delivered"
"LINE001685,PO00331,MED094,337,1362,458994,Delivered"
"LINE001686,PO00332,MED034,886,736,652096,Delivered"
"LINE001687,PO00332,MED044,908,358,325064,Delivered"
"LINE001688,PO00332,MED078,303,102,30906,Delivered"
"LINE001689,PO00332,MED091,326,1352,440752,Delivered"
"LINE001690,PO00332,MED092,296,847,250712,Delivered"
"LINE001691,PO00333,MED041,916,336,307776,Delivered"
"LINE001692,PO00333,MED043,905,50,45250,Delivered"
"LINE001693,PO00333,MED077,316,387,122292,Delivered"
"LINE001694,PO00334,MED054,885,303,268155,Delivered"
"LINE001695,PO00334,MED058,866,89,77074,Delivered"
"LINE001696,PO00334,MED059,898,41,36818,Delivered"
"LINE001697,PO00335,MED063,2241,112,250992,Delivered"
"LINE001698,PO00335,MED068,2261,53,119833,Delivered"
"LINE001699,PO00335,MED087,877,113,99101,Delivered"
"LINE001700,PO00336,MED084,920,39,35880,Delivered"
"LINE001701,PO00337,MED001,2274,43,97782,Delivered"
"LINE001702,PO00337,MED084,868,39,33852,Delivered"
"LINE001703,PO00337,MED087,852,113,96276,Delivered"
"LINE001704,PO00338,MED002,2310,29,66990,Delivered"
"LINE001705,PO00338,MED010,2252,38,85576,Delivered"
"LINE001706,PO00338,MED064,2219,82,181958,Delivered"
"LINE001707,PO00338,MED089,916,33,30228,Delivered"
"LINE001708,PO00339,MED003,2346,22,51612,Delivered"
"LINE001709,PO00339,MED007,2253,25,56325,Delivered"
"LINE001710,PO00339,MED061,2285,23,52555,Delivered"
"LINE001711,PO00339,MED067,2177,63,137151,Delivered"
"LINE001712,PO00339,MED085,904,69,62376,Delivered"
"LINE001713,PO00339,MED086,882,89,78498,Delivered"
"LINE001714,PO00340,MED004,2281,35,79835,Delivered"
"LINE001715,PO00340,MED009,2176,38,82688,Delivered"
"LINE001716,PO00340,MED066,2286,109,249174,Delivered"
"LINE001717,PO00340,MED082,908,65,59020,Delivered"
"LINE001718,PO00341,MED005,2293,33,75669,Delivered"
"LINE001719,PO00341,MED008,2268,25,56700,Delivered"
"LINE001720,PO00341,MED069,2181,93,202833,Delivered"
"LINE001721,PO00341,MED070,2253,81,182493,Delivered"
"LINE001722,PO00341,MED088,909,95,86355,Delivered"
"LINE001723,PO00342,MED006,2342,37,86654,Delivered"
"LINE001724,PO00342,MED063,2234,112,250208,Delivered"
"LINE001725,PO00342,MED065,2209,37,81733,Delivered"
"LINE001726,PO00342,MED090,923,112,103376,Delivered"
"LINE001727,PO00343,MED011,2267,210,476070,Delivered"
"LINE001728,PO00343,MED015,2226,423,941598,Delivered"
"LINE001729,PO00343,MED016,2275,493,1121575,Delivered"
"LINE001730,PO00343,MED018,2313,465,1075545,Delivered"
"LINE001731,PO00343,MED019,2190,271,593490,Delivered"
"LINE001732,PO00343,MED024,1830,332,607560,Delivered"
"LINE001733,PO00343,MED030,954,731,697374,Delivered"
"LINE001734,PO00343,MED036,911,393,358023,Delivered"
"LINE001735,PO00343,MED039,910,349,317590,Delivered"
"LINE001736,PO00343,MED059,916,41,37556,Delivered"
"LINE001737,PO00343,MED079,311,266,82726,Delivered"
"LINE001738,PO00344,MED012,2254,229,516166,Delivered"
"LINE001739,PO00344,MED023,296,101,29896,Delivered"
"LINE001740,PO00344,MED026,892,610,544120,Delivered"
"LINE001741,PO00344,MED028,917,108,99036,Delivered"
"LINE001742,PO00344,MED037,861,84,72324,Delivered"
"LINE001743,PO00344,MED072,327,320,104640,Delivered"
"LINE001744,PO00344,MED076,309,345,106605,Delivered"
"LINE001745,PO00344,MED080,292,237,69204,Delivered"
"LINE001746,PO00345,MED013,2295,388,890460,Delivered"
"LINE001747,PO00345,MED020,2234,356,795304,Delivered"
"LINE001748,PO00345,MED022,316,393,124188,Delivered"
"LINE001749,PO00345,MED038,888,273,242424,Delivered"
"LINE001750,PO00346,MED014,2175,337,732975,Delivered"
"LINE001751,PO00346,MED029,894,560,500640,Delivered"
"LINE001752,PO00346,MED043,859,50,42950,Delivered"
"LINE001753,PO00346,MED093,310,1286,398660,Delivered"
"LINE001754,PO00346,MED094,296,1362,403152,Delivered"
"LINE001755,PO00346,MED095,326,792,258192,Delivered"
"LINE001756,PO00347,MED017,2307,373,860511,Delivered"
"LINE001757,PO00347,MED025,331,315,104265,Delivered"
"LINE001758,PO00347,MED040,914,160,146240,Delivered"
"LINE001759,PO00347,MED049,885,43,38055,Delivered"
"LINE001760,PO00348,MED021,283,240,67920,Delivered"
"LINE001761,PO00348,MED034,871,736,641056,Delivered"
"LINE001762,PO00348,MED035,930,612,569160,Delivered"
"LINE001763,PO00348,MED050,855,271,231705,Delivered"
"LINE001764,PO00348,MED060,913,93,84909,Delivered"
"LINE001765,PO00348,MED077,313,387,121131,Delivered"
"LINE001766,PO00348,MED078,266,102,27132,Delivered"
"LINE001767,PO00348,MED092,291,847,246477,Delivered"
"LINE001768,PO00349,MED027,972,524,509328,Delivered"
"LINE001769,PO00349,MED031,899,525,471975,Delivered"
"LINE001770,PO00349,MED042,945,164,154980,Delivered"
"LINE001771,PO00349,MED057,851,120,102120,Delivered"
"LINE001772,PO00349,MED073,329,505,166145,Delivered"
"LINE001773,PO00349,MED097,315,518,163170,Delivered"
"LINE001774,PO00350,MED032,867,749,649383,Delivered"
"LINE001775,PO00350,MED046,860,303,260580,Delivered"
"LINE001776,PO00350,MED048,905,345,312225,Delivered"
"LINE001777,PO00350,MED052,910,92,83720,Delivered"
"LINE001778,PO00350,MED054,899,303,272397,Delivered"
"LINE001779,PO00350,MED058,930,89,82770,Delivered"
"LINE001780,PO00350,MED074,316,511,161476,Delivered"
"LINE001781,PO00351,MED033,894,239,213666,Delivered"
"LINE001782,PO00351,MED044,949,358,339742,Delivered"
"LINE001783,PO00351,MED047,869,118,102542,Delivered"
"LINE001784,PO00351,MED055,970,74,71780,Delivered"
"LINE001785,PO00351,MED075,284,301,85484,Delivered"
"LINE001786,PO00351,MED098,301,388,116788,Delivered"
"LINE001787,PO00352,MED041,854,336,286944,Delivered"
"LINE001788,PO00352,MED051,889,304,270256,Delivered"
"LINE001789,PO00352,MED053,919,131,120389,Delivered"
"LINE001790,PO00352,MED056,888,245,217560,Delivered"
"LINE001791,PO00352,MED091,325,1352,439400,Delivered"
"LINE001792,PO00352,MED099,337,478,161086,Delivered"
"LINE001793,PO00353,MED045,927,196,181692,Delivered"
"LINE001794,PO00353,MED071,292,319,93148,Delivered"
"LINE001795,PO00353,MED096,342,491,167922,Delivered"
"LINE001796,PO00353,MED100,276,330,91080,Delivered"
"LINE001797,PO00354,MED062,2126,73,155198,Delivered"
"LINE001798,PO00354,MED083,860,181,155660,Delivered"
"LINE001799,PO00355,MED068,2221,53,117713,Delivered"
"LINE001800,PO00356,MED081,923,148,136604,Delivered"
"LINE001801,PO00357,MED001,2235,43,96105,Delivered"
"LINE001802,PO00357,MED090,909,112,101808,Delivered"
"LINE001803,PO00358,MED002,2231,29,64699,Delivered"
"LINE001804,PO00358,MED010,2233,38,84854,Delivered"
"LINE001805,PO00358,MED062,2226,73,162498,Delivered"
"LINE001806,PO00358,MED087,933,113,105429,Delivered"
"LINE001807,PO00359,MED003,2238,22,49236,Delivered"
"LINE001808,PO00359,MED007,2211,25,55275,Delivered"
"LINE001809,PO00359,MED009,2168,38,82384,Delivered"
"LINE001810,PO00359,MED061,2188,23,50324,Delivered"
"LINE001811,PO00359,MED068,2284,53,121052,Delivered"
"LINE001812,PO00360,MED004,2336,35,81760,Delivered"
"LINE001813,PO00360,MED005,2239,33,73887,Delivered"
"LINE001814,PO00360,MED066,2206,109,240454,Delivered"
"LINE001815,PO00361,MED006,2304,37,85248,Delivered"
"LINE001816,PO00361,MED064,2250,82,184500,Delivered"
"LINE001817,PO00361,MED070,2270,81,183870,Delivered"
"LINE001818,PO00361,MED082,882,65,57330,Delivered"
"LINE001819,PO00361,MED083,955,181,172855,Delivered"
"LINE001820,PO00361,MED086,918,89,81702,Delivered"
"LINE001821,PO00361,MED089,901,33,29733,Delivered"
"LINE001822,PO00362,MED008,2244,25,56100,Delivered"
"LINE001823,PO00362,MED063,2229,112,249648,Delivered"
"LINE001824,PO00362,MED069,2177,93,202461,Delivered"
"LINE001825,PO00363,MED011,2286,210,480060,Delivered"
"LINE001826,PO00363,MED013,2241,388,869508,Delivered"
"LINE001827,PO00363,MED015,2238,423,946674,Delivered"
"LINE001828,PO00363,MED046,938,303,284214,Delivered"
"LINE001829,PO00363,MED058,907,89,80723,Delivered"
"LINE001830,PO00364,MED012,2336,229,534944,Delivered"
"LINE001831,PO00364,MED016,2418,493,1192074,Delivered"
"LINE001832,PO00364,MED024,2266,332,752312,Delivered"
"LINE001833,PO00364,MED025,329,315,103635,Delivered"
"LINE001834,PO00364,MED036,957,393,376101,Delivered"
"LINE001835,PO00364,MED052,891,92,81972,Delivered"
"LINE001836,PO00365,MED014,2258,337,760946,Delivered"
"LINE001837,PO00365,MED027,917,524,480508,Delivered"
"LINE001838,PO00365,MED044,932,358,333656,Delivered"
"LINE001839,PO00365,MED057,930,120,111600,Delivered"
"LINE001840,PO00365,MED076,308,345,106260,Delivered"
"LINE001841,PO00365,MED077,314,387,121518,Delivered"
"LINE001842,PO00365,MED080,285,237,67545,Delivered"
"LINE001843,PO00365,MED096,332,491,163012,Delivered"
"LINE001844,PO00365,MED099,310,478,148180,Delivered"
"LINE001845,PO00366,MED017,2194,373,818362,Delivered"
"LINE001846,PO00366,MED021,329,240,78960,Delivered"
"LINE001847,PO00366,MED029,951,560,532560,Delivered"
"LINE001848,PO00366,MED045,907,196,177772,Delivered"
"LINE001849,PO00366,MED048,900,345,310500,Delivered"
"LINE001850,PO00366,MED071,311,319,99209,Delivered"
"LINE001851,PO00366,MED075,308,301,92708,Delivered"
"LINE001852,PO00366,MED097,310,518,160580,Delivered"
"LINE001853,PO00366,MED100,317,330,104610,Delivered"
"LINE001854,PO00367,MED018,2218,465,1031370,Delivered"
"LINE001855,PO00367,MED039,860,349,300140,Delivered"
"LINE001856,PO00367,MED054,954,303,289062,Delivered"
"LINE001857,PO00367,MED055,941,74,69634,Delivered"
"LINE001858,PO00367,MED059,945,41,38745,Delivered"
"LINE001859,PO00367,MED072,280,320,89600,Delivered"
"LINE001860,PO00367,MED073,315,505,159075,Delivered"
"LINE001861,PO00367,MED093,279,1286,358794,Delivered"
"LINE001862,PO00368,MED019,2216,271,600536,Delivered"
"LINE001863,PO00368,MED023,299,101,30199,Delivered"
"LINE001864,PO00368,MED026,916,610,558760,Delivered"
"LINE001865,PO00368,MED030,880,731,643280,Delivered"
"LINE001866,PO00368,MED033,883,239,211037,Delivered"
"LINE001867,PO00368,MED037,859,84,72156,Delivered"
"LINE001868,PO00368,MED042,907,164,148748,Delivered"
"LINE001869,PO00368,MED047,850,118,100300,Delivered"
"LINE001870,PO00368,MED091,326,1352,440752,Delivered"
"LINE001871,PO00368,MED094,279,1362,379998,Delivered"
"LINE001872,PO00369,MED020,2235,356,795660,Delivered"
"LINE001873,PO00369,MED031,895,525,469875,Delivered"
"LINE001874,PO00369,MED078,334,102,34068,Delivered"
"LINE001875,PO00369,MED092,317,847,268499,Delivered"
"LINE001876,PO00369,MED098,320,388,124160,Delivered"
"LINE001877,PO00370,MED022,317,393,124581,Delivered"
"LINE001878,PO00370,MED035,888,612,543456,Delivered"
"LINE001879,PO00370,MED038,974,273,265902,Delivered"
"LINE001880,PO00371,MED028,945,108,102060,Delivered"
"LINE001881,PO00371,MED040,912,160,145920,Delivered"
"LINE001882,PO00371,MED043,961,50,48050,Delivered"
"LINE001883,PO00371,MED051,906,304,275424,Delivered"
"LINE001884,PO00371,MED053,893,131,116983,Delivered"
"LINE001885,PO00372,MED032,886,749,663614,Delivered"
"LINE001886,PO00372,MED034,876,736,644736,Delivered"
"LINE001887,PO00372,MED056,888,245,217560,Delivered"
"LINE001888,PO00372,MED074,278,511,142058,Delivered"
"LINE001889,PO00372,MED079,336,266,89376,Delivered"
"LINE001890,PO00372,MED095,303,792,239976,Delivered"
"LINE001891,PO00373,MED041,935,336,314160,Delivered"
"LINE001892,PO00373,MED049,887,43,38141,Delivered"
"LINE001893,PO00373,MED050,860,271,233060,Delivered"
"LINE001894,PO00373,MED060,870,93,80910,Delivered"
"LINE001895,PO00374,MED065,2179,37,80623,Delivered"
"LINE001896,PO00374,MED067,2182,63,137466,Delivered"
"LINE001897,PO00374,MED085,846,69,58374,Delivered"
"LINE001898,PO00374,MED088,895,95,85025,Delivered"
"LINE001899,PO00375,MED081,878,148,129944,Delivered"
"LINE001900,PO00376,MED084,935,39,36465,Delivered"
"LINE001901,PO00377,MED001,2322,43,99846,Delivered"
"LINE001902,PO00377,MED010,2215,38,84170,Delivered"
"LINE001903,PO00377,MED067,2280,63,143640,Delivered"
"LINE001904,PO00377,MED068,2269,53,120257,Delivered"
"LINE001905,PO00377,MED070,2206,81,178686,Delivered"
"LINE001906,PO00377,MED083,960,181,173760,Delivered"
"LINE001907,PO00378,MED002,2254,29,65366,Delivered"
"LINE001908,PO00378,MED009,1891,38,71858,Delivered"
"LINE001909,PO00378,MED064,2345,82,192290,Delivered"
"LINE001910,PO00378,MED082,942,65,61230,Delivered"
"LINE001911,PO00378,MED089,906,33,29898,Delivered"
"LINE001912,PO00379,MED003,2299,22,50578,Delivered"
"LINE001913,PO00379,MED004,1874,35,65590,Delivered"
"LINE001914,PO00379,MED084,932,39,36348,Delivered"
"LINE001915,PO00380,MED005,2293,33,75669,Delivered"
"LINE001916,PO00380,MED065,2242,37,82954,Delivered"
"LINE001917,PO00380,MED085,849,69,58581,Delivered"
"LINE001918,PO00380,MED090,850,112,95200,Delivered"
"LINE001919,PO00381,MED006,2256,37,83472,Delivered"
"LINE001920,PO00381,MED066,2285,109,249065,Delivered"
"LINE001921,PO00382,MED007,2356,25,58900,Delivered"
"LINE001922,PO00382,MED061,2313,23,53199,Delivered"
"LINE001923,PO00382,MED063,2197,112,246064,Delivered"
"LINE001924,PO00382,MED086,910,89,80990,Delivered"
"LINE001925,PO00383,MED008,2287,25,57175,Delivered"
"LINE001926,PO00383,MED062,2226,73,162498,Delivered"
"LINE001927,PO00383,MED069,1946,93,180978,Delivered"
"LINE001928,PO00384,MED011,2248,210,472080,Delivered"
"LINE001929,PO00384,MED017,2284,373,851932,Delivered"
"LINE001930,PO00384,MED034,930,736,684480,Delivered"
"LINE001931,PO00384,MED054,889,303,269367,Delivered"
"LINE001932,PO00384,MED056,939,245,230055,Delivered"
"LINE001933,PO00384,MED077,311,387,120357,Delivered"
"LINE001934,PO00384,MED079,296,266,78736,Delivered"
"LINE001935,PO00384,MED080,349,237,82713,Delivered"
"LINE001936,PO00385,MED012,1749,229,400521,Delivered"
"LINE001937,PO00385,MED047,928,118,109504,Delivered"
"LINE001938,PO00385,MED057,925,120,111000,Delivered"
"LINE001939,PO00385,MED096,314,491,154174,Delivered"
"LINE001940,PO00385,MED100,329,330,108570,Delivered"
"LINE001941,PO00386,MED013,2265,388,878820,Delivered"
"LINE001942,PO00386,MED030,877,731,641087,Delivered"
"LINE001943,PO00386,MED042,863,164,141532,Delivered"
"LINE001944,PO00386,MED049,850,43,36550,Delivered"
"LINE001945,PO00386,MED078,321,102,32742,Delivered"
"LINE001946,PO00386,MED099,334,478,159652,Delivered"
"LINE001947,PO00387,MED014,2309,337,778133,Delivered"
"LINE001948,PO00387,MED029,824,560,461440,Delivered"
"LINE001949,PO00387,MED044,965,358,345470,Delivered"
"LINE001950,PO00387,MED050,953,271,258263,Delivered"
"LINE001951,PO00387,MED052,845,92,77740,Delivered"
"LINE001952,PO00387,MED092,311,847,263417,Delivered"
"LINE001953,PO00387,MED094,323,1362,439926,Delivered"
"LINE001954,PO00388,MED015,2182,423,922986,Delivered"
"LINE001955,PO00388,MED018,2164,465,1006260,Delivered"
"LINE001956,PO00388,MED021,325,240,78000,Delivered"
"LINE001957,PO00388,MED027,944,524,494656,Delivered"
"LINE001958,PO00388,MED031,920,525,483000,Delivered"
"LINE001959,PO00388,MED033,906,239,216534,Delivered"
"LINE001960,PO00388,MED039,858,349,299442,Delivered"
"LINE001961,PO00388,MED040,900,160,144000,Delivered"
"LINE001962,PO00388,MED043,936,50,46800,Delivered"
"LINE001963,PO00388,MED048,877,345,302565,Delivered"
"LINE001964,PO00388,MED058,848,89,75472,Delivered"
"LINE001965,PO00389,MED016,1909,493,941137,Delivered"
"LINE001966,PO00389,MED022,293,393,115149,Delivered"
"LINE001967,PO00389,MED036,917,393,360381,Delivered"
"LINE001968,PO00389,MED038,831,273,226863,Delivered"
"LINE001969,PO00389,MED053,904,131,118424,Delivered"
"LINE001970,PO00389,MED073,327,505,165135,Delivered"
"LINE001971,PO00390,MED019,2206,271,597826,Delivered"
"LINE001972,PO00390,MED020,2181,356,776436,Delivered"
"LINE001973,PO00390,MED025,314,315,98910,Delivered"
"LINE001974,PO00390,MED026,974,610,594140,Delivered"
"LINE001975,PO00390,MED032,894,749,669606,Delivered"
"LINE001976,PO00390,MED035,912,612,558144,Delivered"
"LINE001977,PO00390,MED045,941,196,184436,Delivered"
"LINE001978,PO00390,MED060,913,93,84909,Delivered"
"LINE001979,PO00390,MED072,352,320,112640,Delivered"
"LINE001980,PO00390,MED075,346,301,104146,Delivered"
"LINE001981,PO00390,MED076,290,345,100050,Delivered"
"LINE001982,PO00391,MED023,343,101,34643,Delivered"
"LINE001983,PO00391,MED028,916,108,98928,Delivered"
"LINE001984,PO00391,MED046,892,303,270276,Delivered"
"LINE001985,PO00391,MED071,334,319,106546,Delivered"
"LINE001986,PO00391,MED097,353,518,182854,Delivered"
"LINE001987,PO00391,MED098,300,388,116400,Delivered"
"LINE001988,PO00392,MED024,2221,332,737372,Delivered"
"LINE001989,PO00392,MED093,321,1286,412806,Delivered"
"LINE001990,PO00392,MED095,294,792,232848,Delivered"
"LINE001991,PO00393,MED037,876,84,73584,Delivered"
"LINE001992,PO00393,MED074,303,511,154833,Delivered"
"LINE001993,PO00394,MED041,928,336,311808,Delivered"
"LINE001994,PO00394,MED051,874,304,265696,Delivered"
"LINE001995,PO00394,MED055,890,74,65860,Delivered"
"LINE001996,PO00394,MED059,916,41,37556,Delivered"
"LINE001997,PO00394,MED091,327,1352,442104,Delivered"
"LINE001998,PO00395,MED081,870,148,128760,Delivered"
"LINE001999,PO00396,MED087,902,113,101926,Delivered"
"LINE002000,PO00396,MED088,883,95,83885,Delivered"
"LINE002001,PO00397,MED001,2393,43,102899,Delivered"
"LINE002002,PO00397,MED010,2235,38,84930,Delivered"
"LINE002003,PO00397,MED084,944,39,36816,Delivered"
"LINE002004,PO00398,MED002,2166,29,62814,Delivered"
"LINE002005,PO00398,MED063,2216,112,248192,Delivered"
"LINE002006,PO00398,MED068,2268,53,120204,Delivered"
"LINE002007,PO00398,MED083,908,181,164348,Delivered"
"LINE002008,PO00398,MED085,939,69,64791,Delivered"
"LINE002009,PO00399,MED003,2382,22,52404,Delivered"
"LINE002010,PO00399,MED088,947,95,89965,Delivered"
"LINE002011,PO00400,MED004,2262,35,79170,Delivered"
"LINE002012,PO00400,MED007,2282,25,57050,Delivered"
"LINE002013,PO00400,MED008,2246,25,56150,Delivered"
"LINE002014,PO00400,MED082,926,65,60190,Delivered"
"LINE002015,PO00400,MED090,919,112,102928,Delivered"
"LINE002016,PO00401,MED005,2216,33,73128,Delivered"
"LINE002017,PO00401,MED006,2233,37,82621,Delivered"
"LINE002018,PO00401,MED061,2218,23,51014,Delivered"
"LINE002019,PO00401,MED062,2288,73,167024,Delivered"
"LINE002020,PO00401,MED089,843,33,27819,Delivered"
"LINE002021,PO00402,MED009,2269,38,86222,Delivered"
"LINE002022,PO00402,MED064,2222,82,182204,Delivered"
"LINE002023,PO00402,MED069,2205,93,205065,Delivered"
"LINE002024,PO00402,MED081,899,148,133052,Delivered"
"LINE002025,PO00403,MED011,2338,210,490980,Delivered"
"LINE002026,PO00403,MED013,2276,388,883088,Delivered"
"LINE002027,PO00403,MED031,940,525,493500,Delivered"
"LINE002028,PO00403,MED033,927,239,221553,Delivered"
"LINE002029,PO00403,MED042,938,164,153832,Delivered"
"LINE002030,PO00403,MED049,877,43,37711,Delivered"
"LINE002031,PO00403,MED056,850,245,208250,Delivered"
"LINE002032,PO00403,MED078,299,102,30498,Delivered"
"LINE002033,PO00403,MED079,364,266,96824,Delivered"
"LINE002034,PO00403,MED096,320,491,157120,Delivered"
"LINE002035,PO00404,MED012,2336,229,534944,Delivered"
"LINE002036,PO00404,MED018,1570,465,730050,Delivered"
"LINE002037,PO00404,MED038,915,273,249795,Delivered"
"LINE002038,PO00404,MED048,871,345,300495,Delivered"
"LINE002039,PO00404,MED072,308,320,98560,Delivered"
"LINE002040,PO00404,MED073,329,505,166145,Delivered"
"LINE002041,PO00405,MED014,2298,337,774426,Delivered"
"LINE002042,PO00405,MED019,2166,271,586986,Delivered"
"LINE002043,PO00405,MED020,2181,356,776436,Delivered"
"LINE002044,PO00405,MED023,313,101,31613,Delivered"
"LINE002045,PO00405,MED037,940,84,78960,Delivered"
"LINE002046,PO00405,MED044,958,358,342964,Delivered"
"LINE002047,PO00405,MED060,972,93,90396,Delivered"
"LINE002048,PO00405,MED075,310,301,93310,Delivered"
"LINE002049,PO00406,MED015,1918,423,811314,Delivered"
"LINE002050,PO00406,MED017,2271,373,847083,Delivered"
"LINE002051,PO00406,MED028,927,108,100116,Delivered"
"LINE002052,PO00406,MED029,904,560,506240,Delivered"
"LINE002053,PO00406,MED041,917,336,308112,Delivered"
"LINE002054,PO00406,MED053,1050,131,137550,Delivered"
"LINE002055,PO00406,MED077,302,387,116874,Delivered"
"LINE002056,PO00406,MED094,313,1362,426306,Delivered"
"LINE002057,PO00406,MED095,322,792,255024,Delivered"
"LINE002058,PO00407,MED016,2238,493,1103334,Delivered"
"LINE002059,PO00407,MED050,831,271,225201,Delivered"
"LINE002060,PO00407,MED057,936,120,112320,Delivered"
"LINE002061,PO00407,MED098,287,388,111356,Delivered"
"LINE002062,PO00408,MED021,303,240,72720,Delivered"
"LINE002063,PO00408,MED043,900,50,45000,Delivered"
"LINE002064,PO00408,MED058,904,89,80456,Delivered"
"LINE002065,PO00408,MED071,318,319,101442,Delivered"
"LINE002066,PO00408,MED074,325,511,166075,Delivered"
"LINE002067,PO00409,MED022,333,393,130869,Delivered"
"LINE002068,PO00409,MED055,873,74,64602,Delivered"
"LINE002069,PO00409,MED097,325,518,168350,Delivered"
"LINE002070,PO00410,MED024,2343,332,777876,Delivered"
"LINE002071,PO00410,MED026,894,610,545340,Delivered"
"LINE002072,PO00410,MED030,894,731,653514,Delivered"
"LINE002073,PO00410,MED036,935,393,367455,Delivered"
"LINE002074,PO00410,MED039,926,349,323174,Delivered"
"LINE002075,PO00410,MED046,904,303,273912,Delivered"
"LINE002076,PO00410,MED052,897,92,82524,Delivered"
"LINE002077,PO00410,MED059,913,41,37433,Delivered"
"LINE002078,PO00411,MED025,298,315,93870,Delivered"
"LINE002079,PO00411,MED032,936,749,701064,Delivered"
"LINE002080,PO00412,MED027,870,524,455880,Delivered"
"LINE002081,PO00412,MED040,913,160,146080,Delivered"
"LINE002082,PO00412,MED045,920,196,180320,Delivered"
"LINE002083,PO00412,MED080,329,237,77973,Delivered"
"LINE002084,PO00412,MED091,323,1352,436696,Delivered"
"LINE002085,PO00412,MED092,332,847,281204,Delivered"
"LINE002086,PO00412,MED093,313,1286,402518,Delivered"
"LINE002087,PO00413,MED034,863,736,635168,Delivered"
"LINE002088,PO00413,MED035,852,612,521424,Delivered"
"LINE002089,PO00413,MED047,949,118,111982,Delivered"
"LINE002090,PO00413,MED051,920,304,279680,Delivered"
"LINE002091,PO00413,MED054,891,303,269973,Delivered"
"LINE002092,PO00413,MED076,296,345,102120,Delivered"
"LINE002093,PO00413,MED099,285,478,136230,Delivered"
"LINE002094,PO00413,MED100,300,330,99000,Delivered"
"LINE002095,PO00414,MED065,2294,37,84878,Delivered"
"LINE002096,PO00414,MED066,2348,109,255932,Delivered"
"LINE002097,PO00414,MED067,2247,63,141561,Delivered"
"LINE002098,PO00414,MED086,947,89,84283,Delivered"
"LINE002099,PO00415,MED070,2292,81,185652,Delivered"
"LINE002100,PO00416,MED087,905,113,102265,Delivered"
"LINE002101,PO00417,MED001,2240,43,96320,Delivered"
"LINE002102,PO00417,MED061,2348,23,54004,Delivered"
"LINE002103,PO00417,MED065,2324,37,85988,Delivered"
"LINE002104,PO00417,MED086,935,89,83215,Delivered"
"LINE002105,PO00417,MED089,910,33,30030,Delivered"
"LINE002106,PO00418,MED002,2178,29,63162,Delivered"
"LINE002107,PO00418,MED008,2233,25,55825,Delivered"
"LINE002108,PO00419,MED003,2417,22,53174,Delivered"
"LINE002109,PO00419,MED066,2333,109,254297,Delivered"
"LINE002110,PO00419,MED067,2137,63,134631,Delivered"
"LINE002111,PO00420,MED004,2264,35,79240,Delivered"
"LINE002112,PO00420,MED005,2282,33,75306,Delivered"
"LINE002113,PO00420,MED010,2309,38,87742,Delivered"
"LINE002114,PO00420,MED068,2206,53,116918,Delivered"
"LINE002115,PO00420,MED088,936,95,88920,Delivered"
"LINE002116,PO00421,MED006,2217,37,82029,Delivered"
"LINE002117,PO00421,MED070,2342,81,189702,Delivered"
"LINE002118,PO00421,MED083,934,181,169054,Delivered"
"LINE002119,PO00421,MED084,911,39,35529,Delivered"
"LINE002120,PO00421,MED087,924,113,104412,Delivered"
"LINE002121,PO00422,MED007,2280,25,57000,Delivered"
"LINE002122,PO00423,MED009,2150,38,81700,Delivered"
"LINE002123,PO00423,MED069,2249,93,209157,Delivered"
"LINE002124,PO00423,MED090,930,112,104160,Delivered"
"LINE002125,PO00424,MED011,2208,210,463680,Delivered"
"LINE002126,PO00424,MED017,1898,373,707954,Delivered"
"LINE002127,PO00424,MED026,964,610,588040,Delivered"
"LINE002128,PO00424,MED035,907,612,555084,Delivered"
"LINE002129,PO00424,MED038,845,273,230685,Delivered"
"LINE002130,PO00424,MED051,913,304,277552,Delivered"
"LINE002131,PO00424,MED092,304,847,257488,Delivered"
"LINE002132,PO00424,MED099,313,478,149614,Delivered"
"LINE002133,PO00425,MED012,2255,229,516395,Delivered"
"LINE002134,PO00425,MED056,883,245,216335,Delivered"
"LINE002135,PO00425,MED091,325,1352,439400,Delivered"
"LINE002136,PO00426,MED013,1941,388,753108,Delivered"
"LINE002137,PO00426,MED020,2282,356,812392,Delivered"
"LINE002138,PO00426,MED022,315,393,123795,Delivered"
"LINE002139,PO00426,MED029,852,560,477120,Delivered"
"LINE002140,PO00426,MED037,864,84,72576,Delivered"
"LINE002141,PO00426,MED042,872,164,143008,Delivered"
"LINE002142,PO00426,MED049,906,43,38958,Delivered"
"LINE002143,PO00426,MED054,953,303,288759,Delivered"
"LINE002144,PO00426,MED079,337,266,89642,Delivered"
"LINE002145,PO00427,MED014,1819,337,613003,Delivered"
"LINE002146,PO00427,MED019,2287,271,619777,Delivered"
"LINE002147,PO00427,MED040,959,160,153440,Delivered"
"LINE002148,PO00427,MED075,323,301,97223,Delivered"
"LINE002149,PO00427,MED080,321,237,76077,Delivered"
"LINE002150,PO00427,MED093,308,1286,396088,Delivered"
"LINE002151,PO00428,MED015,2272,423,961056,Delivered"
"LINE002152,PO00428,MED016,2259,493,1113687,Delivered"
"LINE002153,PO00428,MED025,334,315,105210,Delivered"
"LINE002154,PO00428,MED028,920,108,99360,Delivered"
"LINE002155,PO00428,MED032,917,749,686833,Delivered"
"LINE002156,PO00428,MED033,900,239,215100,Delivered"
"LINE002157,PO00428,MED072,320,320,102400,Delivered"
"LINE002158,PO00428,MED078,277,102,28254,Delivered"
"LINE002159,PO00429,MED018,2129,465,989985,Delivered"
"LINE002160,PO00429,MED030,958,731,700298,Delivered"
"LINE002161,PO00429,MED034,934,736,687424,Delivered"
"LINE002162,PO00429,MED039,907,349,316543,Delivered"
"LINE002163,PO00429,MED045,990,196,194040,Delivered"
"LINE002164,PO00429,MED046,921,303,279063,Delivered"
"LINE002165,PO00429,MED060,939,93,87327,Delivered"
"LINE002166,PO00429,MED094,291,1362,396342,Delivered"
"LINE002167,PO00429,MED095,302,792,239184,Delivered"
"LINE002168,PO00429,MED098,332,388,128816,Delivered"
"LINE002169,PO00430,MED021,334,240,80160,Delivered"
"LINE002170,PO00430,MED023,309,101,31209,Delivered"
"LINE002171,PO00430,MED043,947,50,47350,Delivered"
"LINE002172,PO00430,MED047,920,118,108560,Delivered"
"LINE002173,PO00430,MED048,944,345,325680,Delivered"
"LINE002174,PO00430,MED071,328,319,104632,Delivered"
"LINE002175,PO00430,MED074,310,511,158410,Delivered"
"LINE002176,PO00431,MED024,2002,332,664664,Delivered"
"LINE002177,PO00431,MED050,897,271,243087,Delivered"
"LINE002178,PO00431,MED076,299,345,103155,Delivered"
"LINE002179,PO00432,MED027,892,524,467408,Delivered"
"LINE002180,PO00432,MED036,917,393,360381,Delivered"
"LINE002181,PO00432,MED044,962,358,344396,Delivered"
"LINE002182,PO00432,MED052,927,92,85284,Delivered"
"LINE002183,PO00432,MED053,922,131,120782,Delivered"
"LINE002184,PO00432,MED059,903,41,37023,Delivered"
"LINE002185,PO00432,MED077,318,387,123066,Delivered"
"LINE002186,PO00432,MED100,285,330,94050,Delivered"
"LINE002187,PO00433,MED031,886,525,465150,Delivered"
"LINE002188,PO00433,MED058,927,89,82503,Delivered"
"LINE002189,PO00433,MED073,334,505,168670,Delivered"
"LINE002190,PO00433,MED096,323,491,158593,Delivered"
"LINE002191,PO00434,MED041,941,336,316176,Delivered"
"LINE002192,PO00434,MED055,931,74,68894,Delivered"
"LINE002193,PO00434,MED057,895,120,107400,Delivered"
"LINE002194,PO00434,MED097,345,518,178710,Delivered"
"LINE002195,PO00435,MED062,2339,73,170747,Delivered"
"LINE002196,PO00435,MED064,2297,82,188354,Delivered"
"LINE002197,PO00435,MED085,897,69,61893,Delivered"
"LINE002198,PO00436,MED063,2319,112,259728,Delivered"
"LINE002199,PO00436,MED081,910,148,134680,Delivered"
"LINE002200,PO00436,MED082,921,65,59865,Delivered"
"LINE002201,PO00437,MED001,2272,43,97696,Delivered"
"LINE002202,PO00437,MED009,1865,38,70870,Delivered"
"LINE002203,PO00437,MED010,2181,38,82878,Delivered"
"LINE002204,PO00437,MED068,2302,53,122006,Delivered"
"LINE002205,PO00437,MED083,919,181,166339,Delivered"
"LINE002206,PO00438,MED002,1902,29,55158,Delivered"
"LINE002207,PO00438,MED006,2229,37,82473,Delivered"
"LINE002208,PO00438,MED007,2244,25,56100,Delivered"
"LINE002209,PO00438,MED008,2328,25,58200,Delivered"
"LINE002210,PO00439,MED003,2284,22,50248,Delivered"
"LINE002211,PO00439,MED063,1777,112,199024,Delivered"
"LINE002212,PO00440,MED004,2163,35,75705,Delivered"
"LINE002213,PO00440,MED061,2289,23,52647,Delivered"
"LINE002214,PO00441,MED005,2266,33,74778,Delivered"
"LINE002215,PO00441,MED067,2133,63,134379,Delivered"
"LINE002216,PO00441,MED084,870,39,33930,Delivered"
"LINE002217,PO00441,MED085,868,69,59892,Delivered"
"LINE002218,PO00442,MED011,2210,210,464100,Delivered"
"LINE002219,PO00442,MED020,2352,356,837312,Delivered"
"LINE002220,PO00442,MED025,340,315,107100,Delivered"
"LINE002221,PO00442,MED039,893,349,311657,Delivered"
"LINE002222,PO00442,MED051,973,304,295792,Delivered"
"LINE002223,PO00442,MED056,885,245,216825,Delivered"
"LINE002224,PO00442,MED074,300,511,153300,Delivered"
"LINE002225,PO00443,MED012,2290,229,524410,Delivered"
"LINE002226,PO00443,MED022,295,393,115935,Delivered"
"LINE002227,PO00443,MED048,898,345,309810,Delivered"
"LINE002228,PO00443,MED060,901,93,83793,Delivered"
"LINE002229,PO00444,MED013,2440,388,946720,Delivered"
"LINE002230,PO00444,MED042,883,164,144812,Delivered"
"LINE002231,PO00444,MED044,938,358,335804,Delivered"
"LINE002232,PO00444,MED045,954,196,186984,Delivered"
"LINE002233,PO00444,MED050,911,271,246881,Delivered"
"LINE002234,PO00444,MED053,889,131,116459,Delivered"
"LINE002235,PO00444,MED077,307,387,118809,Delivered"
"LINE002236,PO00445,MED014,2290,337,771730,Delivered"
"LINE002237,PO00445,MED019,1849,271,501079,Delivered"
"LINE002238,PO00445,MED027,888,524,465312,Delivered"
"LINE002239,PO00445,MED028,922,108,99576,Delivered"
"LINE002240,PO00445,MED036,867,393,340731,Delivered"
"LINE002241,PO00445,MED049,877,43,37711,Delivered"
"LINE002242,PO00445,MED072,317,320,101440,Delivered"
"LINE002243,PO00445,MED076,294,345,101430,Delivered"
"LINE002244,PO00445,MED091,275,1352,371800,Delivered"
"LINE002245,PO00445,MED097,332,518,171976,Delivered"
"LINE002246,PO00445,MED099,340,478,162520,Delivered"
"LINE002247,PO00446,MED015,1886,423,797778,Delivered"
"LINE002248,PO00446,MED016,2291,493,1129463,Delivered"
"LINE002249,PO00446,MED024,1475,332,489700,Delivered"
"LINE002250,PO00446,MED031,949,525,498225,Delivered"
"LINE002251,PO00446,MED038,904,273,246792,Delivered"
"LINE002252,PO00446,MED058,905,89,80545,Delivered"
"LINE002253,PO00447,MED017,2028,373,756444,Delivered"
"LINE002254,PO00447,MED018,2308,465,1073220,Delivered"
"LINE002255,PO00447,MED035,958,612,586296,Delivered"
"LINE002256,PO00447,MED037,958,84,80472,Delivered"
"LINE002257,PO00447,MED047,963,118,113634,Delivered"
"LINE002258,PO00447,MED052,881,92,81052,Delivered"
"LINE002259,PO00447,MED073,343,505,173215,Delivered"
"LINE002260,PO00447,MED093,353,1286,453958,Delivered"
"LINE002261,PO00448,MED021,326,240,78240,Delivered"
"LINE002262,PO00448,MED023,291,101,29391,Delivered"
"LINE002263,PO00448,MED030,919,731,671789,Delivered"
"LINE002264,PO00448,MED033,921,239,220119,Delivered"
"LINE002265,PO00448,MED043,852,50,42600,Delivered"
"LINE002266,PO00448,MED046,870,303,263610,Delivered"
"LINE002267,PO00448,MED059,933,41,38253,Delivered"
"LINE002268,PO00448,MED071,338,319,107822,Delivered"
"LINE002269,PO00448,MED096,328,491,161048,Delivered"
"LINE002270,PO00449,MED026,943,610,575230,Delivered"
"LINE002271,PO00449,MED032,928,749,695072,Delivered"
"LINE002272,PO00449,MED054,929,303,281487,Delivered"
"LINE002273,PO00449,MED057,925,120,111000,Delivered"
"LINE002274,PO00449,MED094,339,1362,461718,Delivered"
"LINE002275,PO00450,MED029,917,560,513520,Delivered"
"LINE002276,PO00450,MED040,940,160,150400,Delivered"
"LINE002277,PO00450,MED055,927,74,68598,Delivered"
"LINE002278,PO00450,MED092,354,847,299838,Delivered"
"LINE002279,PO00450,MED100,318,330,104940,Delivered"
"LINE002280,PO00451,MED034,932,736,685952,Delivered"
"LINE002281,PO00451,MED078,310,102,31620,Delivered"
"LINE002282,PO00451,MED079,309,266,82194,Delivered"
"LINE002283,PO00451,MED095,322,792,255024,Delivered"
"LINE002284,PO00451,MED098,328,388,127264,Delivered"
"LINE002285,PO00452,MED041,920,336,309120,Delivered"
"LINE002286,PO00452,MED075,317,301,95417,Delivered"
"LINE002287,PO00452,MED080,302,237,71574,Delivered"
"LINE002288,PO00453,MED062,2359,73,172207,Delivered"
"LINE002289,PO00453,MED066,2288,109,249392,Delivered"
"LINE002290,PO00453,MED070,2043,81,165483,Delivered"
"LINE002291,PO00453,MED082,908,65,59020,Delivered"
"LINE002292,PO00453,MED088,910,95,86450,Delivered"
"LINE002293,PO00453,MED090,894,112,100128,Delivered"
"LINE002294,PO00454,MED064,2311,82,189502,Delivered"
"LINE002295,PO00454,MED081,908,148,134384,Delivered"
"LINE002296,PO00454,MED086,905,89,80545,Delivered"
"LINE002297,PO00455,MED065,2195,37,81215,Delivered"
"LINE002298,PO00455,MED087,935,113,105655,Delivered"
"LINE002299,PO00456,MED069,2157,93,200601,Delivered"
"LINE002300,PO00456,MED089,857,33,28281,Delivered"
"LINE002301,PO00457,MED001,2282,43,98126,Delivered"
"LINE002302,PO00457,MED002,1870,29,54230,Delivered"
"LINE002303,PO00457,MED010,2294,38,87172,Delivered"
"LINE002304,PO00457,MED070,2220,81,179820,Delivered"
"LINE002305,PO00458,MED003,2300,22,50600,Delivered"
"LINE002306,PO00458,MED063,1749,112,195888,Delivered"
"LINE002307,PO00458,MED083,856,181,154936,Delivered"
"LINE002308,PO00458,MED084,910,39,35490,Delivered"
"LINE002309,PO00458,MED089,893,33,29469,Delivered"
"LINE002310,PO00459,MED004,2118,35,74130,Delivered"
"LINE002311,PO00460,MED005,2257,33,74481,Delivered"
"LINE002312,PO00460,MED061,2335,23,53705,Delivered"
"LINE002313,PO00460,MED065,2149,37,79513,Delivered"
"LINE002314,PO00460,MED088,914,95,86830,Delivered"
"LINE002315,PO00461,MED006,2327,37,86099,Delivered"
"LINE002316,PO00461,MED066,2258,109,246122,Delivered"
"LINE002317,PO00461,MED085,917,69,63273,Delivered"
"LINE002318,PO00461,MED090,883,112,98896,Delivered"
"LINE002319,PO00462,MED007,2223,25,55575,Delivered"
"LINE002320,PO00462,MED009,2312,38,87856,Delivered"
"LINE002321,PO00463,MED008,2313,25,57825,Delivered"
"LINE002322,PO00463,MED064,2235,82,183270,Delivered"
"LINE002323,PO00463,MED069,2201,93,204693,Delivered"
"LINE002324,PO00463,MED082,878,65,57070,Delivered"
"LINE002325,PO00463,MED086,904,89,80456,Delivered"
"LINE002326,PO00463,MED087,904,113,102152,Delivered"
"LINE002327,PO00464,MED011,2170,210,455700,Delivered"
"LINE002328,PO00464,MED018,2350,465,1092750,Delivered"
"LINE002329,PO00464,MED022,323,393,126939,Delivered"
"LINE002330,PO00464,MED028,877,108,94716,Delivered"
"LINE002331,PO00464,MED041,896,336,301056,Delivered"
"LINE002332,PO00464,MED043,918,50,45900,Delivered"
"LINE002333,PO00464,MED058,948,89,84372,Delivered"
"LINE002334,PO00464,MED076,295,345,101775,Delivered"
"LINE002335,PO00464,MED078,322,102,32844,Delivered"
"LINE002336,PO00464,MED080,296,237,70152,Delivered"
"LINE002337,PO00465,MED012,2233,229,511357,Delivered"
"LINE002338,PO00465,MED019,1768,271,479128,Delivered"
"LINE002339,PO00465,MED027,916,524,479984,Delivered"
"LINE002340,PO00465,MED032,884,749,662116,Delivered"
"LINE002341,PO00465,MED045,921,196,180516,Delivered"
"LINE002342,PO00465,MED046,903,303,273609,Delivered"
"LINE002343,PO00465,MED060,950,93,88350,Delivered"
"LINE002344,PO00465,MED091,327,1352,442104,Delivered"
"LINE002345,PO00466,MED013,1683,388,653004,Delivered"
"LINE002346,PO00466,MED025,325,315,102375,Delivered"
"LINE002347,PO00466,MED026,882,610,538020,Delivered"
"LINE002348,PO00466,MED037,897,84,75348,Delivered"
"LINE002349,PO00466,MED056,900,245,220500,Delivered"
"LINE002350,PO00466,MED075,320,301,96320,Delivered"
"LINE002351,PO00467,MED014,2026,337,682762,Delivered"
"LINE002352,PO00467,MED015,2210,423,934830,Delivered"
"LINE002353,PO00467,MED029,926,560,518560,Delivered"
"LINE002354,PO00467,MED047,936,118,110448,Delivered"
"LINE002355,PO00467,MED073,302,505,152510,Delivered"
"LINE002356,PO00467,MED093,305,1286,392230,Delivered"
"LINE002357,PO00467,MED100,348,330,114840,Delivered"
"LINE002358,PO00468,MED016,1881,493,927333,Delivered"
"LINE002359,PO00468,MED017,1772,373,660956,Delivered"
"LINE002360,PO00468,MED021,312,240,74880,Delivered"
"LINE002361,PO00468,MED044,912,358,326496,Delivered"
"LINE002362,PO00468,MED055,968,74,71632,Delivered"
"LINE002363,PO00468,MED074,322,511,164542,Delivered"
"LINE002364,PO00468,MED094,301,1362,409962,Delivered"
"LINE002365,PO00469,MED020,2004,356,713424,Delivered"
"LINE002366,PO00469,MED030,958,731,700298,Delivered"
"LINE002367,PO00469,MED031,953,525,500325,Delivered"
"LINE002368,PO00469,MED033,877,239,209603,Delivered"
"LINE002369,PO00469,MED051,903,304,274512,Delivered"
"LINE002370,PO00469,MED053,958,131,125498,Delivered"
"LINE002371,PO00469,MED059,872,41,35752,Delivered"
"LINE002372,PO00469,MED096,319,491,156629,Delivered"
"LINE002373,PO00469,MED097,326,518,168868,Delivered"
"LINE002374,PO00469,MED098,325,388,126100,Delivered"
"LINE002375,PO00470,MED023,297,101,29997,Delivered"
"LINE002376,PO00470,MED054,930,303,281790,Delivered"
"LINE002377,PO00470,MED092,309,847,261723,Delivered"
"LINE002378,PO00471,MED024,2273,332,754636,Delivered"
"LINE002379,PO00471,MED035,887,612,542844,Delivered"
"LINE002380,PO00471,MED042,900,164,147600,Delivered"
"LINE002381,PO00471,MED057,933,120,111960,Delivered"
"LINE002382,PO00471,MED072,316,320,101120,Delivered"
"LINE002383,PO00471,MED095,321,792,254232,Delivered"
"LINE002384,PO00472,MED034,929,736,683744,Delivered"
"LINE002385,PO00472,MED038,921,273,251433,Delivered"
"LINE002386,PO00472,MED039,899,349,313751,Delivered"
"LINE002387,PO00472,MED040,882,160,141120,Delivered"
"LINE002388,PO00472,MED050,914,271,247694,Delivered"
"LINE002389,PO00472,MED071,337,319,107503,Delivered"
"LINE002390,PO00473,MED036,916,393,359988,Delivered"
"LINE002391,PO00473,MED048,908,345,313260,Delivered"
"LINE002392,PO00473,MED049,917,43,39431,Delivered"
"LINE002393,PO00473,MED077,350,387,135450,Delivered"
"LINE002394,PO00474,MED052,843,92,77556,Delivered"
"LINE002395,PO00474,MED079,309,266,82194,Delivered"
"LINE002396,PO00474,MED099,305,478,145790,Delivered"
"LINE002397,PO00475,MED062,2096,73,153008,Delivered"
"LINE002398,PO00475,MED068,2311,53,122483,Delivered"
"LINE002399,PO00476,MED067,2175,63,137025,Delivered"
"LINE002400,PO00476,MED081,881,148,130388,Delivered"
"LINE002401,PO00477,MED001,2313,43,99459,Delivered"
"LINE002402,PO00477,MED002,2327,29,67483,Delivered"
"LINE002403,PO00477,MED005,2202,33,72666,Delivered"
"LINE002404,PO00477,MED064,2247,82,184254,Delivered"
"LINE002405,PO00477,MED070,2271,81,183951,Delivered"
"LINE002406,PO00477,MED087,912,113,103056,Delivered"
"LINE002407,PO00477,MED090,902,112,101024,Delivered"
"LINE002408,PO00478,MED003,2166,22,47652,Delivered"
"LINE002409,PO00478,MED006,2380,37,88060,Delivered"
"LINE002410,PO00478,MED007,2170,25,54250,Delivered"
"LINE002411,PO00478,MED083,916,181,165796,Delivered"
"LINE002412,PO00479,MED004,2210,35,77350,Delivered"
"LINE002413,PO00479,MED009,2362,38,89756,Delivered"
"LINE002414,PO00479,MED061,2252,23,51796,Delivered"
"LINE002415,PO00479,MED089,937,33,30921,Delivered"
"LINE002416,PO00480,MED008,2321,25,58025,Delivered"
"LINE002417,PO00480,MED010,2217,38,84246,Delivered"
"LINE002418,PO00480,MED081,953,148,141044,Delivered"
"LINE002419,PO00480,MED086,849,89,75561,Delivered"
"LINE002420,PO00481,MED011,2119,210,444990,Delivered"
"LINE002421,PO00481,MED060,876,93,81468,Delivered"
"LINE002422,PO00481,MED072,348,320,111360,Delivered"
"LINE002423,PO00481,MED076,326,345,112470,Delivered"
"LINE002424,PO00481,MED077,306,387,118422,Delivered"
"LINE002425,PO00482,MED012,2329,229,533341,Delivered"
"LINE002426,PO00482,MED016,2317,493,1142281,Delivered"
"LINE002427,PO00482,MED020,2044,356,727664,Delivered"
"LINE002428,PO00482,MED029,951,560,532560,Delivered"
"LINE002429,PO00482,MED036,864,393,339552,Delivered"
"LINE002430,PO00482,MED040,960,160,153600,Delivered"
"LINE002431,PO00482,MED056,936,245,229320,Delivered"
"LINE002432,PO00482,MED071,313,319,99847,Delivered"
"LINE002433,PO00482,MED075,309,301,93009,Delivered"
"LINE002434,PO00482,MED100,339,330,111870,Delivered"
"LINE002435,PO00483,MED013,1721,388,667748,Delivered"
"LINE002436,PO00483,MED021,331,240,79440,Delivered"
"LINE002437,PO00483,MED034,911,736,670496,Delivered"
"LINE002438,PO00483,MED039,961,349,335389,Delivered"
"LINE002439,PO00483,MED045,945,196,185220,Delivered"
"LINE002440,PO00483,MED048,939,345,323955,Delivered"
"LINE002441,PO00484,MED014,2332,337,785884,Delivered"
"LINE002442,PO00484,MED025,322,315,101430,Delivered"
"LINE002443,PO00484,MED038,871,273,237783,Delivered"
"LINE002444,PO00484,MED042,934,164,153176,Delivered"
"LINE002445,PO00484,MED054,926,303,280578,Delivered"
"LINE002446,PO00484,MED078,297,102,30294,Delivered"
"LINE002447,PO00484,MED098,321,388,124548,Delivered"
"LINE002448,PO00485,MED015,2290,423,968670,Delivered"
"LINE002449,PO00485,MED017,2173,373,810529,Delivered"
"LINE002450,PO00485,MED023,318,101,32118,Delivered"
"LINE002451,PO00485,MED046,917,303,277851,Delivered"
"LINE002452,PO00485,MED094,339,1362,461718,Delivered"
"LINE002453,PO00486,MED018,1771,465,823515,Delivered"
"LINE002454,PO00486,MED032,911,749,682339,Delivered"
"LINE002455,PO00486,MED041,905,336,304080,Delivered"
"LINE002456,PO00486,MED044,895,358,320410,Delivered"
"LINE002457,PO00486,MED051,883,304,268432,Delivered"
"LINE002458,PO00486,MED055,910,74,67340,Delivered"
"LINE002459,PO00486,MED097,292,518,151256,Delivered"
"LINE002460,PO00487,MED019,2232,271,604872,Delivered"
"LINE002461,PO00487,MED022,312,393,122616,Delivered"
"LINE002462,PO00487,MED024,2282,332,757624,Delivered"
"LINE002463,PO00487,MED028,890,108,96120,Delivered"
"LINE002464,PO00487,MED031,903,525,474075,Delivered"
"LINE002465,PO00487,MED047,921,118,108678,Delivered"
"LINE002466,PO00487,MED074,323,511,165053,Delivered"
"LINE002467,PO00487,MED096,334,491,163994,Delivered"
"LINE002468,PO00487,MED099,344,478,164432,Delivered"
"LINE002469,PO00488,MED026,911,610,555710,Delivered"
"LINE002470,PO00488,MED027,891,524,466884,Delivered"
"LINE002471,PO00488,MED033,917,239,219163,Delivered"
"LINE002472,PO00488,MED049,929,43,39947,Delivered"
"LINE002473,PO00488,MED050,933,271,252843,Delivered"
"LINE002474,PO00488,MED053,935,131,122485,Delivered"
"LINE002475,PO00488,MED073,337,505,170185,Delivered"
"LINE002476,PO00488,MED080,316,237,74892,Delivered"
"LINE002477,PO00488,MED093,295,1286,379370,Delivered"
"LINE002478,PO00489,MED030,891,731,651321,Delivered"
"LINE002479,PO00489,MED037,944,84,79296,Delivered"
"LINE002480,PO00489,MED043,868,50,43400,Delivered"
"LINE002481,PO00489,MED091,313,1352,423176,Delivered"
"LINE002482,PO00489,MED095,310,792,245520,Delivered"
"LINE002483,PO00490,MED035,915,612,559980,Delivered"
"LINE002484,PO00490,MED052,908,92,83536,Delivered"
"LINE002485,PO00491,MED057,915,120,109800,Delivered"
"LINE002486,PO00491,MED058,890,89,79210,Delivered"
"LINE002487,PO00491,MED059,923,41,37843,Delivered"
"LINE002488,PO00491,MED079,318,266,84588,Delivered"
"LINE002489,PO00491,MED092,308,847,260876,Delivered"
"LINE002490,PO00492,MED062,2312,73,168776,Delivered"
"LINE002491,PO00492,MED063,2249,112,251888,Delivered"
"LINE002492,PO00492,MED068,2278,53,120734,Delivered"
"LINE002493,PO00493,MED065,2313,37,85581,Delivered"
"LINE002494,PO00493,MED067,2210,63,139230,Delivered"
"LINE002495,PO00493,MED084,945,39,36855,Delivered"
"LINE002496,PO00494,MED066,2273,109,247757,Delivered"
"LINE002497,PO00494,MED088,866,95,82270,Delivered"
"LINE002498,PO00495,MED069,2209,93,205437,Delivered"
"LINE002499,PO00495,MED082,923,65,59995,Delivered"
"LINE002500,PO00495,MED085,905,69,62445,Delivered"
"LINE002501,PO00496,MED001,1963,43,84409,Delivered"
"LINE002502,PO00496,MED085,898,69,61962,Delivered"
"LINE002503,PO00497,MED002,2298,29,66642,Delivered"
"LINE002504,PO00497,MED003,2241,22,49302,Delivered"
"LINE002505,PO00497,MED008,2266,25,56650,Delivered"
"LINE002506,PO00497,MED064,2244,82,184008,Delivered"
"LINE002507,PO00497,MED084,957,39,37323,Delivered"
"LINE002508,PO00498,MED004,2241,35,78435,Delivered"
"LINE002509,PO00498,MED010,2131,38,80978,Delivered"
"LINE002510,PO00498,MED066,2141,109,233369,Delivered"
"LINE002511,PO00498,MED070,2364,81,191484,Delivered"
"LINE002512,PO00498,MED090,939,112,105168,Delivered"
"LINE002513,PO00499,MED005,2281,33,75273,Delivered"
"LINE002514,PO00499,MED086,923,89,82147,Delivered"
"LINE002515,PO00500,MED006,2357,37,87209,Delivered"
"LINE002516,PO00500,MED007,2088,25,52200,Delivered"
"LINE002517,PO00500,MED062,2242,73,163666,Delivered"
"LINE002518,PO00500,MED063,2351,112,263312,Delivered"
"LINE002519,PO00500,MED082,928,65,60320,Delivered"
"LINE002520,PO00501,MED009,2334,38,88692,Delivered"
"LINE002521,PO00501,MED061,2252,23,51796,Delivered"
"LINE002522,PO00501,MED087,934,113,105542,Delivered"
"LINE002523,PO00501,MED089,943,33,31119,Delivered"
"LINE002524,PO00502,MED011,2183,210,458430,Delivered"
"LINE002525,PO00502,MED015,2353,423,995319,Delivered"
"LINE002526,PO00502,MED016,2221,493,1094953,Delivered"
"LINE002527,PO00502,MED018,2306,465,1072290,Delivered"
"LINE002528,PO00502,MED048,924,345,318780,Delivered"
"LINE002529,PO00502,MED059,908,41,37228,Delivered"
"LINE002530,PO00502,MED079,324,266,86184,Delivered"
"LINE002531,PO00503,MED012,1507,229,345103,Delivered"
"LINE002532,PO00503,MED030,956,731,698836,Delivered"
"LINE002533,PO00503,MED044,916,358,327928,Delivered"
"LINE002534,PO00503,MED052,903,92,83076,Delivered"
"LINE002535,PO00503,MED058,909,89,80901,Delivered"
"LINE002536,PO00504,MED013,2104,388,816352,Delivered"
"LINE002537,PO00504,MED019,2083,271,564493,Delivered"
"LINE002538,PO00504,MED033,963,239,230157,Delivered"
"LINE002539,PO00504,MED035,857,612,524484,Delivered"
"LINE002540,PO00504,MED054,917,303,277851,Delivered"
"LINE002541,PO00504,MED071,329,319,104951,Delivered"
"LINE002542,PO00504,MED073,347,505,175235,Delivered"
"LINE002543,PO00504,MED094,333,1362,453546,Delivered"
"LINE002544,PO00504,MED096,326,491,160066,Delivered"
"LINE002545,PO00505,MED014,2342,337,789254,Delivered"
"LINE002546,PO00505,MED029,945,560,529200,Delivered"
"LINE002547,PO00505,MED036,900,393,353700,Delivered"
"LINE002548,PO00505,MED041,966,336,324576,Delivered"
"LINE002549,PO00505,MED042,845,164,138580,Delivered"
"LINE002550,PO00506,MED017,1828,373,681844,Delivered"
"LINE002551,PO00506,MED024,1974,332,655368,Delivered"
"LINE002552,PO00506,MED055,912,74,67488,Delivered"
"LINE002553,PO00506,MED080,323,237,76551,Delivered"
"LINE002554,PO00506,MED100,334,330,110220,Delivered"
"LINE002555,PO00507,MED020,2336,356,831616,Delivered"
"LINE002556,PO00507,MED021,334,240,80160,Delivered"
"LINE002557,PO00507,MED025,326,315,102690,Delivered"
"LINE002558,PO00507,MED034,893,736,657248,Delivered"
"LINE002559,PO00507,MED037,890,84,74760,Delivered"
"LINE002560,PO00507,MED040,966,160,154560,Delivered"
"LINE002561,PO00507,MED049,942,43,40506,Delivered"
"LINE002562,PO00507,MED050,921,271,249591,Delivered"
"LINE002563,PO00507,MED057,894,120,107280,Delivered"
"LINE002564,PO00508,MED022,291,393,114363,Delivered"
"LINE002565,PO00508,MED046,928,303,281184,Delivered"
"LINE002566,PO00508,MED047,943,118,111274,Delivered"
"LINE002567,PO00508,MED076,296,345,102120,Delivered"
"LINE002568,PO00508,MED077,336,387,130032,Delivered"
"LINE002569,PO00509,MED023,325,101,32825,Delivered"
"LINE002570,PO00509,MED028,896,108,96768,Delivered"
"LINE002571,PO00509,MED038,911,273,248703,Delivered"
"LINE002572,PO00509,MED043,943,50,47150,Delivered"
"LINE002573,PO00509,MED078,316,102,32232,Delivered"
"LINE002574,PO00509,MED095,309,792,244728,Delivered"
"LINE002575,PO00510,MED026,903,610,550830,Delivered"
"LINE002576,PO00510,MED027,926,524,485224,Delivered"
"LINE002577,PO00510,MED031,859,525,450975,Delivered"
"LINE002578,PO00510,MED039,898,349,313402,Delivered"
"LINE002579,PO00510,MED051,922,304,280288,Delivered"
"LINE002580,PO00510,MED053,878,131,115018,Delivered"
"LINE002581,PO00510,MED072,313,320,100160,Delivered"
"LINE002582,PO00510,MED075,284,301,85484,Delivered"
"LINE002583,PO00510,MED092,307,847,260029,Delivered"
"LINE002584,PO00510,MED099,338,478,161564,Delivered"
"LINE002585,PO00511,MED032,942,749,705558,Delivered"
"LINE002586,PO00511,MED045,961,196,188356,Delivered"
"LINE002587,PO00511,MED056,914,245,223930,Delivered"
"LINE002588,PO00511,MED091,334,1352,451568,Delivered"
"LINE002589,PO00511,MED093,275,1286,353650,Delivered"
"LINE002590,PO00512,MED060,879,93,81747,Delivered"
"LINE002591,PO00512,MED074,320,511,163520,Delivered"
"LINE002592,PO00512,MED097,322,518,166796,Delivered"
"LINE002593,PO00512,MED098,332,388,128816,Delivered"
"LINE002594,PO00513,MED065,2192,37,81104,Delivered"
"LINE002595,PO00513,MED067,2321,63,146223,Delivered"
"LINE002596,PO00514,MED068,2269,53,120257,Delivered"
"LINE002597,PO00514,MED069,2277,93,211761,Delivered"
"LINE002598,PO00514,MED088,893,95,84835,Delivered"
"LINE002599,PO00515,MED081,935,148,138380,Delivered"
"LINE002600,PO00515,MED083,920,181,166520,Delivered"
"LINE002601,PO00516,MED001,2256,43,97008,Delivered"
"LINE002602,PO00516,MED003,2396,22,52712,Delivered"
"LINE002603,PO00516,MED065,2209,37,81733,Delivered"
"LINE002604,PO00517,MED002,2310,29,66990,Delivered"
"LINE002605,PO00517,MED062,2317,73,169141,Delivered"
"LINE002606,PO00517,MED085,843,69,58167,Delivered"
"LINE002607,PO00517,MED087,916,113,103508,Delivered"
"LINE002608,PO00518,MED004,2226,35,77910,Delivered"
"LINE002609,PO00518,MED061,2357,23,54211,Delivered"
"LINE002610,PO00518,MED066,2253,109,245577,Delivered"
"LINE002611,PO00518,MED081,893,148,132164,Delivered"
"LINE002612,PO00518,MED082,907,65,58955,Delivered"
"LINE002613,PO00519,MED005,2307,33,76131,Delivered"
"LINE002614,PO00519,MED007,2319,25,57975,Delivered"
"LINE002615,PO00519,MED086,955,89,84995,Delivered"
"LINE002616,PO00520,MED006,2291,37,84767,Delivered"
"LINE002617,PO00520,MED008,2320,25,58000,Delivered"
"LINE002618,PO00521,MED009,2215,38,84170,Delivered"
"LINE002619,PO00521,MED064,2250,82,184500,Delivered"
"LINE002620,PO00522,MED010,2269,38,86222,Delivered"
"LINE002621,PO00522,MED069,2304,93,214272,Delivered"
"LINE002622,PO00522,MED088,997,95,94715,Delivered"
"LINE002623,PO00523,MED011,2058,210,432180,Delivered"
"LINE002624,PO00523,MED027,933,524,488892,Delivered"
"LINE002625,PO00523,MED028,913,108,98604,Delivered"
"LINE002626,PO00523,MED040,948,160,151680,Delivered"
"LINE002627,PO00524,MED012,2217,229,507693,Delivered"
"LINE002628,PO00524,MED024,2285,332,758620,Delivered"
"LINE002629,PO00524,MED030,899,731,657169,Delivered"
"LINE002630,PO00524,MED036,931,393,365883,Delivered"
"LINE002631,PO00524,MED041,924,336,310464,Delivered"
"LINE002632,PO00524,MED057,953,120,114360,Delivered"
"LINE002633,PO00524,MED076,306,345,105570,Delivered"
"LINE002634,PO00525,MED013,1935,388,750780,Delivered"
"LINE002635,PO00525,MED023,325,101,32825,Delivered"
"LINE002636,PO00525,MED042,933,164,153012,Delivered"
"LINE002637,PO00525,MED051,920,304,279680,Delivered"
"LINE002638,PO00525,MED059,874,41,35834,Delivered"
"LINE002639,PO00525,MED080,324,237,76788,Delivered"
"LINE002640,PO00525,MED095,336,792,266112,Delivered"
"LINE002641,PO00526,MED014,2311,337,778807,Delivered"
"LINE002642,PO00526,MED025,338,315,106470,Delivered"
"LINE002643,PO00526,MED048,925,345,319125,Delivered"
"LINE002644,PO00526,MED049,870,43,37410,Delivered"
"LINE002645,PO00526,MED052,907,92,83444,Delivered"
"LINE002646,PO00526,MED054,868,303,263004,Delivered"
"LINE002647,PO00526,MED074,330,511,168630,Delivered"
"LINE002648,PO00527,MED015,2177,423,920871,Delivered"
"LINE002649,PO00527,MED022,331,393,130083,Delivered"
"LINE002650,PO00527,MED034,900,736,662400,Delivered"
"LINE002651,PO00527,MED035,833,612,509796,Delivered"
"LINE002652,PO00527,MED047,904,118,106672,Delivered"
"LINE002653,PO00527,MED050,930,271,252030,Delivered"
"LINE002654,PO00527,MED058,933,89,83037,Delivered"
"LINE002655,PO00527,MED060,857,93,79701,Delivered"
"LINE002656,PO00527,MED071,318,319,101442,Delivered"
"LINE002657,PO00527,MED091,318,1352,429936,Delivered"
"LINE002658,PO00527,MED093,293,1286,376798,Delivered"
"LINE002659,PO00528,MED016,2305,493,1136365,Delivered"
"LINE002660,PO00528,MED017,2300,373,857900,Delivered"
"LINE002661,PO00528,MED033,970,239,231830,Delivered"
"LINE002662,PO00528,MED043,955,50,47750,Delivered"
"LINE002663,PO00528,MED055,956,74,70744,Delivered"
"LINE002664,PO00528,MED056,881,245,215845,Delivered"
"LINE002665,PO00528,MED072,312,320,99840,Delivered"
"LINE002666,PO00528,MED094,344,1362,468528,Delivered"
"LINE002667,PO00528,MED100,323,330,106590,Delivered"
"LINE002668,PO00529,MED018,2224,465,1034160,Delivered"
"LINE002669,PO00529,MED020,2257,356,803492,Delivered"
"LINE002670,PO00529,MED039,919,349,320731,Delivered"
"LINE002671,PO00529,MED053,891,131,116721,Delivered"
"LINE002672,PO00529,MED078,306,102,31212,Delivered"
"LINE002673,PO00529,MED097,299,518,154882,Delivered"
"LINE002674,PO00529,MED098,338,388,131144,Delivered"
"LINE002675,PO00529,MED099,303,478,144834,Delivered"
"LINE002676,PO00530,MED019,2291,271,620861,Delivered"
"LINE002677,PO00530,MED021,340,240,81600,Delivered"
"LINE002678,PO00530,MED026,893,610,544730,Delivered"
"LINE002679,PO00530,MED037,917,84,77028,Delivered"
"LINE002680,PO00530,MED092,338,847,286286,Delivered"
"LINE002681,PO00531,MED029,946,560,529760,Delivered"
"LINE002682,PO00531,MED073,325,505,164125,Delivered"
"LINE002683,PO00532,MED031,925,525,485625,Delivered"
"LINE002684,PO00532,MED032,884,749,662116,Delivered"
"LINE002685,PO00532,MED045,899,196,176204,Delivered"
"LINE002686,PO00532,MED046,862,303,261186,Delivered"
"LINE002687,PO00532,MED077,335,387,129645,Delivered"
"LINE002688,PO00533,MED038,916,273,250068,Delivered"
"LINE002689,PO00533,MED044,887,358,317546,Delivered"
"LINE002690,PO00533,MED075,321,301,96621,Delivered"
"LINE002691,PO00533,MED079,326,266,86716,Delivered"
"LINE002692,PO00533,MED096,295,491,144845,Delivered"
"LINE002693,PO00534,MED063,2294,112,256928,Delivered"
"LINE002694,PO00534,MED067,2162,63,136206,Delivered"
"LINE002695,PO00534,MED068,2258,53,119674,Delivered"
"LINE002696,PO00534,MED083,907,181,164167,Delivered"
"LINE002697,PO00534,MED084,883,39,34437,Delivered"
"LINE002698,PO00534,MED089,903,33,29799,Delivered"
"LINE002699,PO00535,MED070,2333,81,188973,Delivered"
"LINE002700,PO00535,MED090,894,112,100128,Delivered"
"LINE002701,PO00536,MED001,2224,43,95632,Delivered"
"LINE002702,PO00536,MED002,2350,29,68150,Delivered"
"LINE002703,PO00536,MED007,2147,25,53675,Delivered"
"LINE002704,PO00536,MED062,2277,73,166221,Delivered"
"LINE002705,PO00537,MED003,2243,22,49346,Delivered"
"LINE002706,PO00537,MED082,876,65,56940,Delivered"
"LINE002707,PO00538,MED004,2254,35,78890,Delivered"
"LINE002708,PO00538,MED061,2258,23,51934,Delivered"
"LINE002709,PO00538,MED088,891,95,84645,Delivered"
"LINE002710,PO00539,MED005,2182,33,72006,Delivered"
"LINE002711,PO00539,MED008,2116,25,52900,Delivered"
"LINE002712,PO00539,MED066,2130,109,232170,Delivered"
"LINE002713,PO00539,MED081,863,148,127724,Delivered"
"LINE002714,PO00539,MED084,905,39,35295,Delivered"
"LINE002715,PO00539,MED085,888,69,61272,Delivered"
"LINE002716,PO00540,MED006,2288,37,84656,Delivered"
"LINE002717,PO00540,MED090,939,112,105168,Delivered"
"LINE002718,PO00541,MED009,2148,38,81624,Delivered"
"LINE002719,PO00541,MED065,2232,37,82584,Delivered"
"LINE002720,PO00542,MED010,2333,38,88654,Delivered"
"LINE002721,PO00542,MED064,2231,82,182942,Delivered"
"LINE002722,PO00542,MED083,898,181,162538,Delivered"
"LINE002723,PO00542,MED087,880,113,99440,Delivered"
"LINE002724,PO00543,MED011,2285,210,479850,Delivered"
"LINE002725,PO00543,MED012,2313,229,529677,Delivered"
"LINE002726,PO00543,MED014,1780,337,599860,Delivered"
"LINE002727,PO00543,MED020,2077,356,739412,Delivered"
"LINE002728,PO00543,MED021,344,240,82560,Delivered"
"LINE002729,PO00543,MED026,957,610,583770,Delivered"
"LINE002730,PO00543,MED035,945,612,578340,Delivered"
"LINE002731,PO00543,MED040,916,160,146560,Delivered"
"LINE002732,PO00543,MED041,943,336,316848,Delivered"
"LINE002733,PO00543,MED078,310,102,31620,Delivered"
"LINE002734,PO00543,MED095,309,792,244728,Delivered"
"LINE002735,PO00544,MED013,2326,388,902488,Delivered"
"LINE002736,PO00544,MED025,339,315,106785,Delivered"
"LINE002737,PO00544,MED047,891,118,105138,Delivered"
"LINE002738,PO00544,MED076,303,345,104535,Delivered"
"LINE002739,PO00545,MED015,2280,423,964440,Delivered"
"LINE002740,PO00545,MED030,962,731,703222,Delivered"
"LINE002741,PO00545,MED031,858,525,450450,Delivered"
"LINE002742,PO00545,MED034,922,736,678592,Delivered"
"LINE002743,PO00545,MED036,911,393,358023,Delivered"
"LINE002744,PO00545,MED054,983,303,297849,Delivered"
"LINE002745,PO00545,MED077,302,387,116874,Delivered"
"LINE002746,PO00545,MED094,298,1362,405876,Delivered"
"LINE002747,PO00545,MED100,325,330,107250,Delivered"
"LINE002748,PO00546,MED016,2127,493,1048611,Delivered"
"LINE002749,PO00546,MED023,314,101,31714,Delivered"
"LINE002750,PO00546,MED028,905,108,97740,Delivered"
"LINE002751,PO00546,MED037,885,84,74340,Delivered"
"LINE002752,PO00546,MED044,895,358,320410,Delivered"
"LINE002753,PO00546,MED048,904,345,311880,Delivered"
"LINE002754,PO00546,MED073,295,505,148975,Delivered"
"LINE002755,PO00546,MED093,311,1286,399946,Delivered"
"LINE002756,PO00547,MED017,2241,373,835893,Delivered"
"LINE002757,PO00547,MED019,2191,271,593761,Delivered"
"LINE002758,PO00547,MED033,922,239,220358,Delivered"
"LINE002759,PO00547,MED046,887,303,268761,Delivered"
"LINE002760,PO00547,MED051,859,304,261136,Delivered"
"LINE002761,PO00548,MED018,1754,465,815610,Delivered"
"LINE002762,PO00548,MED038,962,273,262626,Delivered"
"LINE002763,PO00548,MED039,896,349,312704,Delivered"
"LINE002764,PO00548,MED074,331,511,169141,Delivered"
"LINE002765,PO00548,MED080,331,237,78447,Delivered"
"LINE002766,PO00548,MED091,339,1352,458328,Delivered"
"LINE002767,PO00548,MED096,295,491,144845,Delivered"
"LINE002768,PO00549,MED022,338,393,132834,Delivered"
"LINE002769,PO00549,MED042,972,164,159408,Delivered"
"LINE002770,PO00549,MED043,924,50,46200,Delivered"
"LINE002771,PO00549,MED097,317,518,164206,Delivered"
"LINE002772,PO00549,MED099,346,478,165388,Delivered"
"LINE002773,PO00550,MED024,1702,332,565064,Delivered"
"LINE002774,PO00550,MED045,882,196,172872,Delivered"
"LINE002775,PO00550,MED050,957,271,259347,Delivered"
"LINE002776,PO00550,MED060,854,93,79422,Delivered"
"LINE002777,PO00550,MED071,282,319,89958,Delivered"
"LINE002778,PO00551,MED027,922,524,483128,Delivered"
"LINE002779,PO00551,MED029,907,560,507920,Delivered"
"LINE002780,PO00551,MED032,914,749,684586,Delivered"
"LINE002781,PO00551,MED049,876,43,37668,Delivered"
"LINE002782,PO00551,MED052,883,92,81236,Delivered"
"LINE002783,PO00551,MED056,944,245,231280,Delivered"
"LINE002784,PO00551,MED058,939,89,83571,Delivered"
"LINE002785,PO00551,MED079,296,266,78736,Delivered"
"LINE002786,PO00552,MED053,887,131,116197,Delivered"
"LINE002787,PO00552,MED059,917,41,37597,Delivered"
"LINE002788,PO00552,MED072,300,320,96000,Delivered"
"LINE002789,PO00552,MED098,287,388,111356,Delivered"
"LINE002790,PO00553,MED055,903,74,66822,Delivered"
"LINE002791,PO00553,MED057,871,120,104520,Delivered"
"LINE002792,PO00553,MED075,342,301,102942,Delivered"
"LINE002793,PO00553,MED092,296,847,250712,Delivered"
"LINE002794,PO00554,MED063,2373,112,265776,Delivered"
"LINE002795,PO00554,MED067,2309,63,145467,Delivered"
"LINE002796,PO00554,MED068,2091,53,110823,Delivered"
"LINE002797,PO00554,MED086,956,89,85084,Delivered"
"LINE002798,PO00554,MED089,917,33,30261,Delivered"
"LINE002799,PO00555,MED069,2281,93,212133,Delivered"
"LINE002800,PO00555,MED070,2294,81,185814,Delivered"
"LINE002801,PO00556,MED001,2311,43,99373,Delivered"
"LINE002802,PO00556,MED067,2294,63,144522,Delivered"
"LINE002803,PO00556,MED082,952,65,61880,Delivered"
"LINE002804,PO00556,MED085,926,69,63894,Delivered"
"LINE002805,PO00557,MED002,2251,29,65279,Delivered"
"LINE002806,PO00557,MED062,2368,73,172864,Delivered"
"LINE002807,PO00558,MED003,2267,22,49874,Delivered"
"LINE002808,PO00559,MED004,2249,35,78715,Delivered"
"LINE002809,PO00559,MED005,2337,33,77121,Delivered"
"LINE002810,PO00559,MED061,2292,23,52716,Delivered"
"LINE002811,PO00559,MED069,2279,93,211947,Delivered"
"LINE002812,PO00559,MED088,859,95,81605,Delivered"
"LINE002813,PO00560,MED006,2175,37,80475,Delivered"
"LINE002814,PO00560,MED009,2288,38,86944,Delivered"
"LINE002815,PO00560,MED065,2311,37,85507,Delivered"
"LINE002816,PO00561,MED007,2260,25,56500,Delivered"
"LINE002817,PO00561,MED068,2368,53,125504,Delivered"
"LINE002818,PO00562,MED008,2332,25,58300,Delivered"
"LINE002819,PO00562,MED063,2312,112,258944,Delivered"
"LINE002820,PO00562,MED064,2249,82,184418,Delivered"
"LINE002821,PO00562,MED090,919,112,102928,Delivered"
"LINE002822,PO00563,MED010,2258,38,85804,Delivered"
"LINE002823,PO00563,MED070,2348,81,190188,Delivered"
"LINE002824,PO00563,MED081,926,148,137048,Delivered"
"LINE002825,PO00563,MED084,960,39,37440,Delivered"
"LINE002826,PO00563,MED086,922,89,82058,Delivered"
"LINE002827,PO00564,MED011,2127,210,446670,Delivered"
"LINE002828,PO00564,MED017,2236,373,834028,Delivered"
"LINE002829,PO00564,MED028,879,108,94932,Delivered"
"LINE002830,PO00564,MED037,884,84,74256,Delivered"
"LINE002831,PO00564,MED042,917,164,150388,Delivered"
"LINE002832,PO00564,MED054,912,303,276336,Delivered"
"LINE002833,PO00564,MED055,864,74,63936,Delivered"
"LINE002834,PO00564,MED075,330,301,99330,Delivered"
"LINE002835,PO00564,MED076,329,345,113505,Delivered"
"LINE002836,PO00564,MED094,323,1362,439926,Delivered"
"LINE002837,PO00565,MED012,2254,229,516166,Delivered"
"LINE002838,PO00565,MED027,928,524,486272,Delivered"
"LINE002839,PO00565,MED029,946,560,529760,Delivered"
"LINE002840,PO00565,MED039,947,349,330503,Delivered"
"LINE002841,PO00565,MED043,928,50,46400,Delivered"
"LINE002842,PO00566,MED013,2248,388,872224,Delivered"
"LINE002843,PO00566,MED024,1842,332,611544,Delivered"
"LINE002844,PO00566,MED041,849,336,285264,Delivered"
"LINE002845,PO00566,MED056,926,245,226870,Delivered"
"LINE002846,PO00566,MED072,299,320,95680,Delivered"
"LINE002847,PO00566,MED073,311,505,157055,Delivered"
"LINE002848,PO00566,MED093,298,1286,383228,Delivered"
"LINE002849,PO00567,MED014,2284,337,769708,Delivered"
"LINE002850,PO00567,MED032,932,749,698068,Delivered"
"LINE002851,PO00567,MED045,913,196,178948,Delivered"
"LINE002852,PO00567,MED050,929,271,251759,Delivered"
"LINE002853,PO00567,MED051,904,304,274816,Delivered"
"LINE002854,PO00567,MED057,931,120,111720,Delivered"
"LINE002855,PO00567,MED059,898,41,36818,Delivered"
"LINE002856,PO00568,MED015,2220,423,939060,Delivered"
"LINE002857,PO00568,MED019,2270,271,615170,Delivered"
"LINE002858,PO00568,MED031,892,525,468300,Delivered"
"LINE002859,PO00568,MED053,924,131,121044,Delivered"
"LINE002860,PO00568,MED099,324,478,154872,Delivered"
"LINE002861,PO00569,MED016,2319,493,1143267,Delivered"
"LINE002862,PO00569,MED046,871,303,263913,Delivered"
"LINE002863,PO00569,MED052,941,92,86572,Delivered"
"LINE002864,PO00569,MED078,316,102,32232,Delivered"
"LINE002865,PO00569,MED092,308,847,260876,Delivered"
"LINE002866,PO00570,MED018,1658,465,770970,Delivered"
"LINE002867,PO00570,MED020,2146,356,763976,Delivered"
"LINE002868,PO00570,MED025,325,315,102375,Delivered"
"LINE002869,PO00570,MED035,953,612,583236,Delivered"
"LINE002870,PO00570,MED036,912,393,358416,Delivered"
"LINE002871,PO00570,MED040,941,160,150560,Delivered"
"LINE002872,PO00570,MED047,916,118,108088,Delivered"
"LINE002873,PO00570,MED097,322,518,166796,Delivered"
"LINE002874,PO00571,MED021,294,240,70560,Delivered"
"LINE002875,PO00571,MED022,305,393,119865,Delivered"
"LINE002876,PO00571,MED023,297,101,29997,Delivered"
"LINE002877,PO00571,MED026,878,610,535580,Delivered"
"LINE002878,PO00571,MED030,937,731,684947,Delivered"
"LINE002879,PO00571,MED044,881,358,315398,Delivered"
"LINE002880,PO00571,MED060,939,93,87327,Delivered"
"LINE002881,PO00572,MED033,868,239,207452,Delivered"
"LINE002882,PO00572,MED034,927,736,682272,Delivered"
"LINE002883,PO00572,MED038,898,273,245154,Delivered"
"LINE002884,PO00572,MED049,988,43,42484,Delivered"
"LINE002885,PO00572,MED080,321,237,76077,Delivered"
"LINE002886,PO00572,MED100,325,330,107250,Delivered"
"LINE002887,PO00573,MED048,931,345,321195,Delivered"
"LINE002888,PO00573,MED058,900,89,80100,Delivered"
"LINE002889,PO00573,MED071,314,319,100166,Delivered"
"LINE002890,PO00573,MED091,308,1352,416416,Delivered"
"LINE002891,PO00573,MED096,326,491,160066,Delivered"
"LINE002892,PO00574,MED066,2291,109,249719,Delivered"
"LINE002893,PO00574,MED083,887,181,160547,Delivered"
"LINE002894,PO00574,MED087,904,113,102152,Delivered"
"LINE002895,PO00574,MED089,903,33,29799,Delivered"
"LINE002896,PO00575,MED074,311,511,158921,Delivered"
"LINE002897,PO00575,MED077,339,387,131193,Delivered"
"LINE002898,PO00575,MED079,314,266,83524,Delivered"
"LINE002899,PO00575,MED095,328,792,259776,Delivered"
"LINE002900,PO00575,MED098,317,388,122996,Delivered"
"LINE002901,PO00576,MED001,2186,43,93998,Delivered"
"LINE002902,PO00576,MED063,2297,112,257264,Delivered"
"LINE002903,PO00576,MED088,914,95,86830,Delivered"
"LINE002904,PO00577,MED002,2141,29,62089,Delivered"
"LINE002905,PO00577,MED009,1891,38,71858,Delivered"
"LINE002906,PO00577,MED084,882,39,34398,Delivered"
"LINE002907,PO00577,MED090,890,112,99680,Delivered"
"LINE002908,PO00578,MED003,2292,22,50424,Delivered"
"LINE002909,PO00578,MED061,2278,23,52394,Delivered"
"LINE002910,PO00578,MED087,888,113,100344,Delivered"
"LINE002911,PO00579,MED004,1874,35,65590,Delivered"
"LINE002912,PO00579,MED005,2297,33,75801,Delivered"
"LINE002913,PO00579,MED066,2127,109,231843,Delivered"
"LINE002914,PO00579,MED083,896,181,162176,Delivered"
"LINE002915,PO00580,MED006,2251,37,83287,Delivered"
"LINE002916,PO00580,MED068,2278,53,120734,Delivered"
"LINE002917,PO00580,MED086,970,89,86330,Delivered"
"LINE002918,PO00581,MED007,2122,25,53050,Delivered"
"LINE002919,PO00581,MED069,1946,93,180978,Delivered"
"LINE002920,PO00582,MED008,2296,25,57400,Delivered"
"LINE002921,PO00582,MED065,2159,37,79883,Delivered"
"LINE002922,PO00582,MED070,2278,81,184518,Delivered"
"LINE002923,PO00582,MED081,875,148,129500,Delivered"
"LINE002924,PO00582,MED089,901,33,29733,Delivered"
"LINE002925,PO00583,MED010,2171,38,82498,Delivered"
"LINE002926,PO00583,MED062,2257,73,164761,Delivered"
"LINE002927,PO00583,MED064,2223,82,182286,Delivered"
"LINE002928,PO00583,MED067,2390,63,150570,Delivered"
"LINE002929,PO00584,MED011,2243,210,471030,Delivered"
"LINE002930,PO00584,MED026,909,610,554490,Delivered"
"LINE002931,PO00584,MED052,879,92,80868,Delivered"
"LINE002932,PO00584,MED091,338,1352,456976,Delivered"
"LINE002933,PO00584,MED095,280,792,221760,Delivered"
"LINE002934,PO00584,MED099,306,478,146268,Delivered"
"LINE002935,PO00585,MED012,1749,229,400521,Delivered"
"LINE002936,PO00585,MED023,332,101,33532,Delivered"
"LINE002937,PO00585,MED025,326,315,102690,Delivered"
"LINE002938,PO00585,MED043,898,50,44900,Delivered"
"LINE002939,PO00585,MED058,892,89,79388,Delivered"
"LINE002940,PO00586,MED013,1474,388,571912,Delivered"
"LINE002941,PO00586,MED036,942,393,370206,Delivered"
"LINE002942,PO00586,MED048,904,345,311880,Delivered"
"LINE002943,PO00586,MED098,306,388,118728,Delivered"
"LINE002944,PO00587,MED014,1579,337,532123,Delivered"
"LINE002945,PO00587,MED017,2037,373,759801,Delivered"
"LINE002946,PO00587,MED033,890,239,212710,Delivered"
"LINE002947,PO00587,MED044,903,358,323274,Delivered"
"LINE002948,PO00587,MED079,321,266,85386,Delivered"
"LINE002949,PO00588,MED015,1977,423,836271,Delivered"
"LINE002950,PO00588,MED020,1854,356,660024,Delivered"
"LINE002951,PO00588,MED030,911,731,665941,Delivered"
"LINE002952,PO00588,MED031,956,525,501900,Delivered"
"LINE002953,PO00588,MED038,866,273,236418,Delivered"
"LINE002954,PO00588,MED040,885,160,141600,Delivered"
"LINE002955,PO00588,MED093,315,1286,405090,Delivered"
"LINE002956,PO00588,MED097,329,518,170422,Delivered"
"LINE002957,PO00589,MED016,1769,493,872117,Delivered"
"LINE002958,PO00589,MED027,889,524,465836,Delivered"
"LINE002959,PO00589,MED046,873,303,264519,Delivered"
"LINE002960,PO00589,MED060,932,93,86676,Delivered"
"LINE002961,PO00589,MED071,318,319,101442,Delivered"
"LINE002962,PO00589,MED074,308,511,157388,Delivered"
"LINE002963,PO00590,MED018,2250,465,1046250,Delivered"
"LINE002964,PO00590,MED037,937,84,78708,Delivered"
"LINE002965,PO00590,MED049,891,43,38313,Delivered"
"LINE002966,PO00590,MED057,942,120,113040,Delivered"
"LINE002967,PO00590,MED092,312,847,264264,Delivered"
"LINE002968,PO00590,MED094,323,1362,439926,Delivered"
"LINE002969,PO00590,MED100,351,330,115830,Delivered"
"LINE002970,PO00591,MED019,2310,271,626010,Delivered"
"LINE002971,PO00591,MED021,342,240,82080,Delivered"
"LINE002972,PO00591,MED024,2375,332,788500,Delivered"
"LINE002973,PO00591,MED041,925,336,310800,Delivered"
"LINE002974,PO00591,MED045,925,196,181300,Delivered"
"LINE002975,PO00591,MED051,910,304,276640,Delivered"
"LINE002976,PO00591,MED055,869,74,64306,Delivered"
"LINE002977,PO00591,MED073,321,505,162105,Delivered"
"LINE002978,PO00592,MED022,304,393,119472,Delivered"
"LINE002979,PO00592,MED034,862,736,634432,Delivered"
"LINE002980,PO00592,MED035,902,612,552024,Delivered"
"LINE002981,PO00592,MED039,904,349,315496,Delivered"
"LINE002982,PO00592,MED056,892,245,218540,Delivered"
"LINE002983,PO00592,MED072,330,320,105600,Delivered"
"LINE002984,PO00593,MED028,894,108,96552,Delivered"
"LINE002985,PO00593,MED032,894,749,669606,Delivered"
"LINE002986,PO00593,MED042,836,164,137104,Delivered"
"LINE002987,PO00593,MED047,931,118,109858,Delivered"
"LINE002988,PO00593,MED053,937,131,122747,Delivered"
"LINE002989,PO00593,MED054,913,303,276639,Delivered"
"LINE002990,PO00593,MED075,309,301,93009,Delivered"
"LINE002991,PO00593,MED076,310,345,106950,Delivered"
"LINE002992,PO00593,MED077,305,387,118035,Delivered"
"LINE002993,PO00593,MED078,299,102,30498,Delivered"
"LINE002994,PO00593,MED080,313,237,74181,Delivered"
"LINE002995,PO00593,MED096,318,491,156138,Delivered"
"LINE002996,PO00594,MED029,899,560,503440,Delivered"
"LINE002997,PO00594,MED050,922,271,249862,Delivered"
"LINE002998,PO00594,MED059,927,41,38007,Delivered"
"LINE002999,PO00595,MED082,929,65,60385,Delivered"
"LINE003000,PO00595,MED085,931,69,64239,Delivered"
"LINE003001,PO00596,MED001,2341,43,100663,Delivered"
"LINE003002,PO00596,MED063,2331,112,261072,Delivered"
"LINE003003,PO00596,MED070,2322,81,188082,Delivered"
"LINE003004,PO00596,MED082,930,65,60450,Delivered"
"LINE003005,PO00597,MED002,2304,29,66816,Delivered"
"LINE003006,PO00597,MED005,2321,33,76593,Delivered"
"LINE003007,PO00597,MED085,958,69,66102,Delivered"
"LINE003008,PO00598,MED003,2337,22,51414,Delivered"
"LINE003009,PO00598,MED064,2229,82,182778,Delivered"
"LINE003010,PO00598,MED066,2241,109,244269,Delivered"
"LINE003011,PO00598,MED081,969,148,143412,Delivered"
"LINE003012,PO00598,MED083,907,181,164167,Delivered"
"LINE003013,PO00599,MED004,2280,35,79800,Delivered"
"LINE003014,PO00599,MED009,2227,38,84626,Delivered"
"LINE003015,PO00599,MED010,2286,38,86868,Delivered"
"LINE003016,PO00599,MED065,2278,37,84286,Delivered"
"LINE003017,PO00599,MED087,917,113,103621,Delivered"
"LINE003018,PO00600,MED006,2346,37,86802,Delivered"
"LINE003019,PO00600,MED061,2275,23,52325,Delivered"
"LINE003020,PO00600,MED089,911,33,30063,Delivered"
"LINE003021,PO00601,MED007,2347,25,58675,Delivered"
"LINE003022,PO00601,MED008,2312,25,57800,Delivered"
"LINE003023,PO00601,MED067,2289,63,144207,Delivered"
"LINE003024,PO00601,MED086,915,89,81435,Delivered"
"LINE003025,PO00602,MED011,2315,210,486150,Delivered"
"LINE003026,PO00602,MED031,920,525,483000,Delivered"
"LINE003027,PO00602,MED032,925,749,692825,Delivered"
"LINE003028,PO00602,MED038,911,273,248703,Delivered"
"LINE003029,PO00602,MED059,915,41,37515,Delivered"
"LINE003030,PO00602,MED092,311,847,263417,Delivered"
"LINE003031,PO00603,MED012,2288,229,523952,Delivered"
"LINE003032,PO00603,MED016,2255,493,1111715,Delivered"
"LINE003033,PO00603,MED017,2324,373,866852,Delivered"
"LINE003034,PO00603,MED036,901,393,354093,Delivered"
"LINE003035,PO00603,MED091,326,1352,440752,Delivered"
"LINE003036,PO00603,MED094,293,1362,399066,Delivered"
"LINE003037,PO00603,MED096,312,491,153192,Delivered"
"LINE003038,PO00604,MED013,2351,388,912188,Delivered"
"LINE003039,PO00604,MED020,2248,356,800288,Delivered"
"LINE003040,PO00604,MED023,340,101,34340,Delivered"
"LINE003041,PO00604,MED039,890,349,310610,Delivered"
"LINE003042,PO00604,MED073,346,505,174730,Delivered"
"LINE003043,PO00604,MED077,313,387,121131,Delivered"
"LINE003044,PO00605,MED014,2284,337,769708,Delivered"
"LINE003045,PO00605,MED026,900,610,549000,Delivered"
"LINE003046,PO00605,MED045,943,196,184828,Delivered"
"LINE003047,PO00605,MED058,938,89,83482,Delivered"
"LINE003048,PO00605,MED099,332,478,158696,Delivered"
"LINE003049,PO00606,MED015,2138,423,904374,Delivered"
"LINE003050,PO00606,MED019,2356,271,638476,Delivered"
"LINE003051,PO00606,MED028,860,108,92880,Delivered"
"LINE003052,PO00606,MED033,942,239,225138,Delivered"
"LINE003053,PO00606,MED044,941,358,336878,Delivered"
"LINE003054,PO00606,MED047,939,118,110802,Delivered"
"LINE003055,PO00606,MED049,942,43,40506,Delivered"
"LINE003056,PO00606,MED051,950,304,288800,Delivered"
"LINE003057,PO00606,MED054,899,303,272397,Delivered"
"LINE003058,PO00606,MED057,935,120,112200,Delivered"
"LINE003059,PO00606,MED060,976,93,90768,Delivered"
"LINE003060,PO00606,MED075,332,301,99932,Delivered"
"LINE003061,PO00606,MED076,296,345,102120,Delivered"
"LINE003062,PO00606,MED095,310,792,245520,Delivered"
"LINE003063,PO00607,MED018,2350,465,1092750,Delivered"
"LINE003064,PO00607,MED042,972,164,159408,Delivered"
"LINE003065,PO00607,MED100,316,330,104280,Delivered"
"LINE003066,PO00608,MED021,300,240,72000,Delivered"
"LINE003067,PO00608,MED027,906,524,474744,Delivered"
"LINE003068,PO00608,MED035,958,612,586296,Delivered"
"LINE003069,PO00608,MED041,889,336,298704,Delivered"
"LINE003070,PO00608,MED050,931,271,252301,Delivered"
"LINE003071,PO00609,MED022,345,393,135585,Delivered"
"LINE003072,PO00609,MED025,338,315,106470,Delivered"
"LINE003073,PO00609,MED029,974,560,545440,Delivered"
"LINE003074,PO00609,MED034,885,736,651360,Delivered"
"LINE003075,PO00609,MED046,902,303,273306,Delivered"
"LINE003076,PO00609,MED048,888,345,306360,Delivered"
"LINE003077,PO00609,MED071,344,319,109736,Delivered"
"LINE003078,PO00609,MED072,339,320,108480,Delivered"
"LINE003079,PO00609,MED080,364,237,86268,Delivered"
"LINE003080,PO00609,MED097,333,518,172494,Delivered"
"LINE003081,PO00609,MED098,337,388,130756,Delivered"
"LINE003082,PO00610,MED024,2313,332,767916,Delivered"
"LINE003083,PO00610,MED030,946,731,691526,Delivered"
"LINE003084,PO00610,MED043,970,50,48500,Delivered"
"LINE003085,PO00610,MED055,911,74,67414,Delivered"
"LINE003086,PO00610,MED074,307,511,156877,Delivered"
"LINE003087,PO00610,MED078,345,102,35190,Delivered"
"LINE003088,PO00610,MED079,316,266,84056,Delivered"
"LINE003089,PO00611,MED037,916,84,76944,Delivered"
"LINE003090,PO00611,MED040,914,160,146240,Delivered"
"LINE003091,PO00611,MED052,943,92,86756,Delivered"
"LINE003092,PO00611,MED056,871,245,213395,Delivered"
"LINE003093,PO00611,MED093,320,1286,411520,Delivered"
"LINE003094,PO00612,MED053,935,131,122485,Delivered"
"LINE003095,PO00613,MED062,2351,73,171623,Delivered"
"LINE003096,PO00613,MED068,2264,53,119992,Delivered"
"LINE003097,PO00613,MED088,884,95,83980,Delivered"
"LINE003098,PO00613,MED090,963,112,107856,Delivered"
"LINE003099,PO00614,MED069,2216,93,206088,Delivered"
"LINE003100,PO00614,MED084,951,39,37089,Delivered"
"LINE003101,PO00615,MED001,2344,43,100792,Delivered"
"LINE003102,PO00615,MED068,2303,53,122059,Delivered"
"LINE003103,PO00615,MED088,923,95,87685,Delivered"
"LINE003104,PO00615,MED089,898,33,29634,Delivered"
"LINE003105,PO00616,MED002,2370,29,68730,Delivered"
"LINE003106,PO00616,MED006,2395,37,88615,Delivered"
"LINE003107,PO00616,MED084,920,39,35880,Delivered"
"LINE003108,PO00617,MED003,2371,22,52162,Delivered"
"LINE003109,PO00617,MED061,2232,23,51336,Delivered"
"LINE003110,PO00617,MED064,2215,82,181630,Delivered"
"LINE003111,PO00617,MED065,2301,37,85137,Delivered"
"LINE003112,PO00617,MED069,2311,93,214923,Delivered"
"LINE003113,PO00618,MED004,2332,35,81620,Delivered"
"LINE003114,PO00618,MED083,934,181,169054,Delivered"
"LINE003115,PO00619,MED005,2242,33,73986,Delivered"
"LINE003116,PO00619,MED070,2266,81,183546,Delivered"
"LINE003117,PO00619,MED081,911,148,134828,Delivered"
"LINE003118,PO00620,MED007,2346,25,58650,Delivered"
"LINE003119,PO00620,MED009,2276,38,86488,Delivered"
"LINE003120,PO00620,MED067,2137,63,134631,Delivered"
"LINE003121,PO00620,MED090,881,112,98672,Delivered"
"LINE003122,PO00621,MED008,2238,25,55950,Delivered"
"LINE003123,PO00621,MED010,2233,38,84854,Delivered"
"LINE003124,PO00621,MED062,2217,73,161841,Delivered"
"LINE003125,PO00621,MED063,2295,112,257040,Delivered"
"LINE003126,PO00621,MED085,957,69,66033,Delivered"
"LINE003127,PO00622,MED011,2335,210,490350,Delivered"
"LINE003128,PO00622,MED023,357,101,36057,Delivered"
"LINE003129,PO00622,MED057,965,120,115800,Delivered"
"LINE003130,PO00622,MED097,322,518,166796,Delivered"
"LINE003131,PO00623,MED012,2260,229,517540,Delivered"
"LINE003132,PO00623,MED016,2283,493,1125519,Delivered"
"LINE003133,PO00623,MED020,1902,356,677112,Delivered"
"LINE003134,PO00623,MED030,867,731,633777,Delivered"
"LINE003135,PO00623,MED048,969,345,334305,Delivered"
"LINE003136,PO00623,MED058,916,89,81524,Delivered"
"LINE003137,PO00623,MED092,288,847,243936,Delivered"
"LINE003138,PO00624,MED013,1691,388,656108,Delivered"
"LINE003139,PO00624,MED017,2241,373,835893,Delivered"
"LINE003140,PO00624,MED019,2330,271,631430,Delivered"
"LINE003141,PO00624,MED028,954,108,103032,Delivered"
"LINE003142,PO00624,MED039,938,349,327362,Delivered"
"LINE003143,PO00624,MED040,862,160,137920,Delivered"
"LINE003144,PO00624,MED079,295,266,78470,Delivered"
"LINE003145,PO00624,MED093,327,1286,420522,Delivered"
"LINE003146,PO00624,MED096,316,491,155156,Delivered"
"LINE003147,PO00624,MED098,307,388,119116,Delivered"
"LINE003148,PO00624,MED100,347,330,114510,Delivered"
"LINE003149,PO00625,MED014,1922,337,647714,Delivered"
"LINE003150,PO00625,MED015,2325,423,983475,Delivered"
"LINE003151,PO00625,MED046,974,303,295122,Delivered"
"LINE003152,PO00625,MED051,984,304,299136,Delivered"
"LINE003153,PO00625,MED059,924,41,37884,Delivered"
"LINE003154,PO00625,MED073,306,505,154530,Delivered"
"LINE003155,PO00625,MED078,321,102,32742,Delivered"
"LINE003156,PO00625,MED095,323,792,255816,Delivered"
"LINE003157,PO00626,MED018,2204,465,1024860,Delivered"
"LINE003158,PO00626,MED042,943,164,154652,Delivered"
"LINE003159,PO00626,MED043,915,50,45750,Delivered"
"LINE003160,PO00626,MED044,916,358,327928,Delivered"
"LINE003161,PO00626,MED055,944,74,69856,Delivered"
"LINE003162,PO00626,MED056,862,245,211190,Delivered"
"LINE003163,PO00626,MED074,321,511,164031,Delivered"
"LINE003164,PO00626,MED075,341,301,102641,Delivered"
"LINE003165,PO00626,MED077,328,387,126936,Delivered"
"LINE003166,PO00627,MED021,333,240,79920,Delivered"
"LINE003167,PO00627,MED025,317,315,99855,Delivered"
"LINE003168,PO00627,MED032,903,749,676347,Delivered"
"LINE003169,PO00627,MED033,930,239,222270,Delivered"
"LINE003170,PO00627,MED060,915,93,85095,Delivered"
"LINE003171,PO00627,MED072,291,320,93120,Delivered"
"LINE003172,PO00628,MED022,327,393,128511,Delivered"
"LINE003173,PO00628,MED037,893,84,75012,Delivered"
"LINE003174,PO00628,MED041,951,336,319536,Delivered"
"LINE003175,PO00628,MED053,938,131,122878,Delivered"
"LINE003176,PO00628,MED076,315,345,108675,Delivered"
"LINE003177,PO00628,MED091,312,1352,421824,Delivered"
"LINE003178,PO00628,MED094,302,1362,411324,Delivered"
"LINE003179,PO00628,MED099,348,478,166344,Delivered"
"LINE003180,PO00629,MED024,2423,332,804436,Delivered"
"LINE003181,PO00629,MED029,923,560,516880,Delivered"
"LINE003182,PO00629,MED054,973,303,294819,Delivered"
"LINE003183,PO00629,MED080,301,237,71337,Delivered"
"LINE003184,PO00630,MED026,912,610,556320,Delivered"
"LINE003185,PO00630,MED027,949,524,497276,Delivered"
"LINE003186,PO00630,MED052,914,92,84088,Delivered"
"LINE003187,PO00631,MED031,898,525,471450,Delivered"
"LINE003188,PO00631,MED034,912,736,671232,Delivered"
"LINE003189,PO00631,MED035,897,612,548964,Delivered"
"LINE003190,PO00631,MED036,942,393,370206,Delivered"
"LINE003191,PO00631,MED047,877,118,103486,Delivered"
"LINE003192,PO00631,MED071,313,319,99847,Delivered"
"LINE003193,PO00632,MED038,901,273,245973,Delivered"
"LINE003194,PO00632,MED045,945,196,185220,Delivered"
"LINE003195,PO00632,MED049,908,43,39044,Delivered"
"LINE003196,PO00632,MED050,892,271,241732,Delivered"
"LINE003197,PO00633,MED066,2306,109,251354,Delivered"
"LINE003198,PO00633,MED082,866,65,56290,Delivered"
"LINE003199,PO00633,MED086,979,89,87131,Delivered"
"LINE003200,PO00634,MED087,893,113,100909,Delivered"
"LINE003201,PO00635,MED001,2310,43,99330,Delivered"
"LINE003202,PO00635,MED007,2244,25,56100,Delivered"
"LINE003203,PO00635,MED068,2346,53,124338,Delivered"
"LINE003204,PO00636,MED002,1902,29,55158,Delivered"
"LINE003205,PO00636,MED004,2310,35,80850,Delivered"
"LINE003206,PO00636,MED067,2171,63,136773,Delivered"
"LINE003207,PO00636,MED070,2258,81,182898,Delivered"
"LINE003208,PO00637,MED003,2327,22,51194,Delivered"
"LINE003209,PO00637,MED006,2319,37,85803,Delivered"
"LINE003210,PO00637,MED010,2324,38,88312,Delivered"
"LINE003211,PO00637,MED088,961,95,91295,Delivered"
"LINE003212,PO00638,MED005,2307,33,76131,Delivered"
"LINE003213,PO00638,MED083,913,181,165253,Delivered"
"LINE003214,PO00638,MED086,943,89,83927,Delivered"
"LINE003215,PO00638,MED089,901,33,29733,Delivered"
"LINE003216,PO00639,MED008,2363,25,59075,Delivered"
"LINE003217,PO00639,MED009,1865,38,70870,Delivered"
"LINE003218,PO00639,MED062,2321,73,169433,Delivered"
"LINE003219,PO00639,MED065,2383,37,88171,Delivered"
"LINE003220,PO00639,MED069,2314,93,215202,Delivered"
"LINE003221,PO00640,MED011,2315,210,486150,Delivered"
"LINE003222,PO00640,MED018,2279,465,1059735,Delivered"
"LINE003223,PO00640,MED029,950,560,532000,Delivered"
"LINE003224,PO00640,MED039,880,349,307120,Delivered"
"LINE003225,PO00640,MED041,955,336,320880,Delivered"
"LINE003226,PO00640,MED074,307,511,156877,Delivered"
"LINE003227,PO00640,MED094,296,1362,403152,Delivered"
"LINE003228,PO00640,MED095,313,792,247896,Delivered"
"LINE003229,PO00641,MED012,2447,229,560363,Delivered"
"LINE003230,PO00641,MED014,2354,337,793298,Delivered"
"LINE003231,PO00641,MED021,325,240,78000,Delivered"
"LINE003232,PO00641,MED043,917,50,45850,Delivered"
"LINE003233,PO00641,MED047,866,118,102188,Delivered"
"LINE003234,PO00642,MED013,2125,388,824500,Delivered"
"LINE003235,PO00642,MED027,914,524,478936,Delivered"
"LINE003236,PO00642,MED035,910,612,556920,Delivered"
"LINE003237,PO00642,MED040,900,160,144000,Delivered"
"LINE003238,PO00642,MED051,937,304,284848,Delivered"
"LINE003239,PO00642,MED052,875,92,80500,Delivered"
"LINE003240,PO00642,MED060,892,93,82956,Delivered"
"LINE003241,PO00642,MED075,338,301,101738,Delivered"
"LINE003242,PO00643,MED015,2233,423,944559,Delivered"
"LINE003243,PO00643,MED016,2231,493,1099883,Delivered"
"LINE003244,PO00643,MED020,2191,356,779996,Delivered"
"LINE003245,PO00643,MED033,954,239,228006,Delivered"
"LINE003246,PO00643,MED036,894,393,351342,Delivered"
"LINE003247,PO00643,MED076,314,345,108330,Delivered"
"LINE003248,PO00643,MED091,340,1352,459680,Delivered"
"LINE003249,PO00644,MED017,2332,373,869836,Delivered"
"LINE003250,PO00644,MED022,352,393,138336,Delivered"
"LINE003251,PO00644,MED044,952,358,340816,Delivered"
"LINE003252,PO00645,MED019,2281,271,618151,Delivered"
"LINE003253,PO00645,MED023,318,101,32118,Delivered"
"LINE003254,PO00645,MED024,2201,332,730732,Delivered"
"LINE003255,PO00645,MED031,898,525,471450,Delivered"
"LINE003256,PO00645,MED034,911,736,670496,Delivered"
"LINE003257,PO00645,MED053,964,131,126284,Delivered"
"LINE003258,PO00645,MED054,910,303,275730,Delivered"
"LINE003259,PO00645,MED071,324,319,103356,Delivered"
"LINE003260,PO00645,MED073,316,505,159580,Delivered"
"LINE003261,PO00645,MED079,334,266,88844,Delivered"
"LINE003262,PO00645,MED093,321,1286,412806,Delivered"
"LINE003263,PO00645,MED097,305,518,157990,Delivered"
"LINE003264,PO00645,MED099,300,478,143400,Delivered"
"LINE003265,PO00646,MED025,328,315,103320,Delivered"
"LINE003266,PO00646,MED030,903,731,660093,Delivered"
"LINE003267,PO00646,MED032,894,749,669606,Delivered"
"LINE003268,PO00646,MED058,935,89,83215,Delivered"
"LINE003269,PO00646,MED072,319,320,102080,Delivered"
"LINE003270,PO00647,MED026,874,610,533140,Delivered"
"LINE003271,PO00647,MED028,964,108,104112,Delivered"
"LINE003272,PO00647,MED037,891,84,74844,Delivered"
"LINE003273,PO00647,MED045,989,196,193844,Delivered"
"LINE003274,PO00647,MED049,958,43,41194,Delivered"
"LINE003275,PO00647,MED050,938,271,254198,Delivered"
"LINE003276,PO00647,MED092,290,847,245630,Delivered"
"LINE003277,PO00647,MED096,326,491,160066,Delivered"
"LINE003278,PO00647,MED098,348,388,135024,Delivered"
"LINE003279,PO00648,MED038,932,273,254436,Delivered"
"LINE003280,PO00648,MED055,893,74,66082,Delivered"
"LINE003281,PO00648,MED057,903,120,108360,Delivered"
"LINE003282,PO00648,MED080,302,237,71574,Delivered"
"LINE003283,PO00649,MED042,887,164,145468,Delivered"
"LINE003284,PO00649,MED046,897,303,271791,Delivered"
"LINE003285,PO00649,MED048,962,345,331890,Delivered"
"LINE003286,PO00649,MED059,942,41,38622,Delivered"
"LINE003287,PO00649,MED077,309,387,119583,Delivered"
"LINE003288,PO00650,MED056,925,245,226625,Delivered"
"LINE003289,PO00650,MED078,350,102,35700,Delivered"
"LINE003290,PO00650,MED100,328,330,108240,Delivered"
"LINE003291,PO00651,MED061,2283,23,52509,Delivered"
"LINE003292,PO00651,MED066,2315,109,252335,Delivered"
"LINE003293,PO00651,MED085,882,69,60858,Delivered"
"LINE003294,PO00652,MED063,1777,112,199024,Delivered"
"LINE003295,PO00652,MED081,966,148,142968,Delivered"
"LINE003296,PO00652,MED082,918,65,59670,Delivered"
"LINE003297,PO00652,MED084,917,39,35763,Delivered"
"LINE003298,PO00653,MED064,2305,82,189010,Delivered"
"LINE003299,PO00654,MED087,907,113,102491,Delivered"
"LINE003300,PO00654,MED090,907,112,101584,Delivered"
"LINE003301,PO00655,MED001,2493,43,107199,Delivered"
"LINE003302,PO00655,MED002,1870,29,54230,Delivered"
"LINE003303,PO00655,MED064,2342,82,192044,Delivered"
"LINE003304,PO00655,MED088,955,95,90725,Delivered"
"LINE003305,PO00656,MED003,2290,22,50380,Delivered"
"LINE003306,PO00656,MED081,950,148,140600,Delivered"
"LINE003307,PO00656,MED082,939,65,61035,Delivered"
"LINE003308,PO00656,MED085,920,69,63480,Delivered"
"LINE003309,PO00656,MED089,930,33,30690,Delivered"
"LINE003310,PO00657,MED004,2239,35,78365,Delivered"
"LINE003311,PO00657,MED063,1749,112,195888,Delivered"
"LINE003312,PO00657,MED069,2300,93,213900,Delivered"
"LINE003313,PO00658,MED005,2321,33,76593,Delivered"
"LINE003314,PO00658,MED062,2096,73,153008,Delivered"
"LINE003315,PO00658,MED065,2313,37,85581,Delivered"
"LINE003316,PO00658,MED084,929,39,36231,Delivered"
"LINE003317,PO00659,MED006,2255,37,83435,Delivered"
"LINE003318,PO00659,MED009,2181,38,82878,Delivered"
"LINE003319,PO00659,MED083,938,181,169778,Delivered"
"LINE003320,PO00659,MED087,894,113,101022,Delivered"
"LINE003321,PO00660,MED007,2351,25,58775,Delivered"
"LINE003322,PO00660,MED008,2321,25,58025,Delivered"
"LINE003323,PO00660,MED090,976,112,109312,Delivered"
"LINE003324,PO00661,MED010,2308,38,87704,Delivered"
"LINE003325,PO00661,MED086,923,89,82147,Delivered"
"LINE003326,PO00662,MED011,2217,210,465570,Delivered"
"LINE003327,PO00662,MED029,914,560,511840,Delivered"
"LINE003328,PO00662,MED048,888,345,306360,Delivered"
"LINE003329,PO00662,MED071,338,319,107822,Delivered"
"LINE003330,PO00662,MED077,324,387,125388,Delivered"
"LINE003331,PO00662,MED092,302,847,255794,Delivered"
"LINE003332,PO00662,MED100,336,330,110880,Delivered"
"LINE003333,PO00663,MED012,2220,229,508380,Delivered"
"LINE003334,PO00663,MED014,2272,337,765664,Delivered"
"LINE003335,PO00663,MED017,2337,373,871701,Delivered"
"LINE003336,PO00663,MED022,324,393,127332,Delivered"
"LINE003337,PO00663,MED033,928,239,221792,Delivered"
"LINE003338,PO00663,MED037,927,84,77868,Delivered"
"LINE003339,PO00663,MED040,861,160,137760,Delivered"
"LINE003340,PO00663,MED052,908,92,83536,Delivered"
"LINE003341,PO00663,MED054,932,303,282396,Delivered"
"LINE003342,PO00663,MED091,348,1352,470496,Delivered"
"LINE003343,PO00664,MED013,1931,388,749228,Delivered"
"LINE003344,PO00664,MED031,892,525,468300,Delivered"
"LINE003345,PO00664,MED038,981,273,267813,Delivered"
"LINE003346,PO00664,MED045,981,196,192276,Delivered"
"LINE003347,PO00664,MED046,895,303,271185,Delivered"
"LINE003348,PO00664,MED053,912,131,119472,Delivered"
"LINE003349,PO00664,MED073,297,505,149985,Delivered"
"LINE003350,PO00664,MED074,352,511,179872,Delivered"
"LINE003351,PO00664,MED075,343,301,103243,Delivered"
"LINE003352,PO00664,MED093,326,1286,419236,Delivered"
"LINE003353,PO00665,MED015,2383,423,1008009,Delivered"
"LINE003354,PO00665,MED018,1886,465,876990,Delivered"
"LINE003355,PO00665,MED042,943,164,154652,Delivered"
"LINE003356,PO00665,MED051,936,304,284544,Delivered"
"LINE003357,PO00665,MED095,326,792,258192,Delivered"
"LINE003358,PO00665,MED096,313,491,153683,Delivered"
"LINE003359,PO00666,MED016,2167,493,1068331,Delivered"
"LINE003360,PO00666,MED021,351,240,84240,Delivered"
"LINE003361,PO00666,MED027,976,524,511424,Delivered"
"LINE003362,PO00666,MED030,942,731,688602,Delivered"
"LINE003363,PO00666,MED034,932,736,685952,Delivered"
"LINE003364,PO00666,MED035,912,612,558144,Delivered"
"LINE003365,PO00666,MED044,960,358,343680,Delivered"
"LINE003366,PO00666,MED072,293,320,93760,Delivered"
"LINE003367,PO00666,MED080,313,237,74181,Delivered"
"LINE003368,PO00667,MED019,2128,271,576688,Delivered"
"LINE003369,PO00667,MED098,318,388,123384,Delivered"
"LINE003370,PO00668,MED020,2186,356,778216,Delivered"
"LINE003371,PO00668,MED024,2251,332,747332,Delivered"
"LINE003372,PO00668,MED039,952,349,332248,Delivered"
"LINE003373,PO00668,MED050,922,271,249862,Delivered"
"LINE003374,PO00668,MED058,929,89,82681,Delivered"
"LINE003375,PO00668,MED078,311,102,31722,Delivered"
"LINE003376,PO00669,MED023,319,101,32219,Delivered"
"LINE003377,PO00669,MED059,947,41,38827,Delivered"
"LINE003378,PO00669,MED094,333,1362,453546,Delivered"
"LINE003379,PO00670,MED025,335,315,105525,Delivered"
"LINE003380,PO00670,MED041,931,336,312816,Delivered"
"LINE003381,PO00670,MED043,904,50,45200,Delivered"
"LINE003382,PO00670,MED055,923,74,68302,Delivered"
"LINE003383,PO00670,MED060,893,93,83049,Delivered"
"LINE003384,PO00670,MED079,312,266,82992,Delivered"
"LINE003385,PO00670,MED097,325,518,168350,Delivered"
"LINE003386,PO00671,MED026,887,610,541070,Delivered"
"LINE003387,PO00671,MED047,893,118,105374,Delivered"
"LINE003388,PO00671,MED056,910,245,222950,Delivered"
"LINE003389,PO00671,MED099,320,478,152960,Delivered"
"LINE003390,PO00672,MED028,885,108,95580,Delivered"
"LINE003391,PO00672,MED032,953,749,713797,Delivered"
"LINE003392,PO00672,MED036,903,393,354879,Delivered"
"LINE003393,PO00672,MED049,875,43,37625,Delivered"
"LINE003394,PO00672,MED057,886,120,106320,Delivered"
"LINE003395,PO00672,MED076,321,345,110745,Delivered"
"LINE003396,PO00673,MED061,2335,23,53705,Delivered"
"LINE003397,PO00673,MED066,2371,109,258439,Delivered"
"LINE003398,PO00673,MED068,2227,53,118031,Delivered"
"LINE003399,PO00673,MED070,2284,81,185004,Delivered"
"LINE003400,PO00674,MED067,2318,63,146034,Delivered"
"LINE003401,PO00675,MED001,2302,43,98986,Delivered"
"LINE003402,PO00675,MED005,2357,33,77781,Delivered"
"LINE003403,PO00675,MED069,2306,93,214458,Delivered"
"LINE003404,PO00675,MED070,2444,81,197964,Delivered"
"LINE003405,PO00675,MED085,938,69,64722,Delivered"
"LINE003406,PO00676,MED002,2304,29,66816,Delivered"
"LINE003407,PO00676,MED009,2322,38,88236,Delivered"
"LINE003408,PO00676,MED062,2285,73,166805,Delivered"
"LINE003409,PO00677,MED003,2207,22,48554,Delivered"
"LINE003410,PO00677,MED010,2301,38,87438,Delivered"
"LINE003411,PO00677,MED067,2324,63,146412,Delivered"
"LINE003412,PO00677,MED083,915,181,165615,Delivered"
"LINE003413,PO00678,MED004,2357,35,82495,Delivered"
"LINE003414,PO00678,MED082,950,65,61750,Delivered"
"LINE003415,PO00679,MED006,2274,37,84138,Delivered"
"LINE003416,PO00679,MED065,2386,37,88282,Delivered"
"LINE003417,PO00679,MED087,927,113,104751,Delivered"
"LINE003418,PO00680,MED007,2279,25,56975,Delivered"
"LINE003419,PO00680,MED063,2247,112,251664,Delivered"
"LINE003420,PO00680,MED084,872,39,34008,Delivered"
"LINE003421,PO00680,MED088,953,95,90535,Delivered"
"LINE003422,PO00680,MED089,938,33,30954,Delivered"
"LINE003423,PO00681,MED008,2242,25,56050,Delivered"
"LINE003424,PO00681,MED061,2292,23,52716,Delivered"
"LINE003425,PO00681,MED086,890,89,79210,Delivered"
"LINE003426,PO00681,MED090,905,112,101360,Delivered"
"LINE003427,PO00682,MED011,2370,210,497700,Delivered"
"LINE003428,PO00682,MED019,2322,271,629262,Delivered"
"LINE003429,PO00682,MED024,2358,332,782856,Delivered"
"LINE003430,PO00682,MED029,898,560,502880,Delivered"
"LINE003431,PO00682,MED078,286,102,29172,Delivered"
"LINE003432,PO00682,MED094,324,1362,441288,Delivered"
"LINE003433,PO00683,MED012,2412,229,552348,Delivered"
"LINE003434,PO00683,MED013,2083,388,808204,Delivered"
"LINE003435,PO00683,MED016,2247,493,1107771,Delivered"
"LINE003436,PO00683,MED018,1771,465,823515,Delivered"
"LINE003437,PO00683,MED023,315,101,31815,Delivered"
"LINE003438,PO00683,MED045,954,196,186984,Delivered"
"LINE003439,PO00683,MED049,906,43,38958,Delivered"
"LINE003440,PO00683,MED076,316,345,109020,Delivered"
"LINE003441,PO00683,MED099,319,478,152482,Delivered"
"LINE003442,PO00684,MED014,2049,337,690513,Delivered"
"LINE003443,PO00684,MED015,2345,423,991935,Delivered"
"LINE003444,PO00684,MED034,925,736,680800,Delivered"
"LINE003445,PO00684,MED036,950,393,373350,Delivered"
"LINE003446,PO00684,MED037,970,84,81480,Delivered"
"LINE003447,PO00684,MED042,954,164,156456,Delivered"
"LINE003448,PO00684,MED044,936,358,335088,Delivered"
"LINE003449,PO00684,MED047,932,118,109976,Delivered"
"LINE003450,PO00684,MED048,889,345,306705,Delivered"
"LINE003451,PO00684,MED057,934,120,112080,Delivered"
"LINE003452,PO00684,MED093,314,1286,403804,Delivered"
"LINE003453,PO00685,MED017,2226,373,830298,Delivered"
"LINE003454,PO00685,MED027,924,524,484176,Delivered"
"LINE003455,PO00685,MED028,925,108,99900,Delivered"
"LINE003456,PO00685,MED030,935,731,683485,Delivered"
"LINE003457,PO00685,MED039,928,349,323872,Delivered"
"LINE003458,PO00685,MED071,339,319,108141,Delivered"
"LINE003459,PO00685,MED072,324,320,103680,Delivered"
"LINE003460,PO00685,MED100,321,330,105930,Delivered"
"LINE003461,PO00686,MED020,2280,356,811680,Delivered"
"LINE003462,PO00686,MED021,331,240,79440,Delivered"
"LINE003463,PO00686,MED025,326,315,102690,Delivered"
"LINE003464,PO00686,MED043,920,50,46000,Delivered"
"LINE003465,PO00686,MED051,937,304,284848,Delivered"
"LINE003466,PO00686,MED058,947,89,84283,Delivered"
"LINE003467,PO00686,MED073,345,505,174225,Delivered"
"LINE003468,PO00687,MED022,298,393,117114,Delivered"
"LINE003469,PO00687,MED038,891,273,243243,Delivered"
"LINE003470,PO00687,MED040,930,160,148800,Delivered"
"LINE003471,PO00687,MED056,910,245,222950,Delivered"
"LINE003472,PO00688,MED026,905,610,552050,Delivered"
"LINE003473,PO00688,MED031,952,525,499800,Delivered"
"LINE003474,PO00688,MED050,946,271,256366,Delivered"
"LINE003475,PO00688,MED077,323,387,125001,Delivered"
"LINE003476,PO00688,MED092,339,847,287133,Delivered"
"LINE003477,PO00689,MED032,903,749,676347,Delivered"
"LINE003478,PO00689,MED035,922,612,564264,Delivered"
"LINE003479,PO00689,MED046,891,303,269973,Delivered"
"LINE003480,PO00689,MED053,904,131,118424,Delivered"
"LINE003481,PO00689,MED055,888,74,65712,Delivered"
"LINE003482,PO00689,MED096,311,491,152701,Delivered"
"LINE003483,PO00690,MED033,881,239,210559,Delivered"
"LINE003484,PO00690,MED041,887,336,298032,Delivered"
"LINE003485,PO00690,MED059,943,41,38663,Delivered"
"LINE003486,PO00690,MED074,309,511,157899,Delivered"
"LINE003487,PO00690,MED075,337,301,101437,Delivered"
"LINE003488,PO00690,MED079,330,266,87780,Delivered"
"LINE003489,PO00690,MED080,304,237,72048,Delivered"
"LINE003490,PO00691,MED052,942,92,86664,Delivered"
"LINE003491,PO00691,MED054,929,303,281487,Delivered"
"LINE003492,PO00691,MED091,309,1352,417768,Delivered"
"LINE003493,PO00691,MED095,325,792,257400,Delivered"
"LINE003494,PO00691,MED097,300,518,155400,Delivered"
"LINE003495,PO00691,MED098,328,388,127264,Delivered"
"LINE003496,PO00692,MED060,918,93,85374,Delivered"
"LINE003497,PO00693,MED064,2286,82,187452,Delivered"
"LINE003498,PO00693,MED066,2406,109,262254,Delivered"
"LINE003499,PO00693,MED081,961,148,142228,Delivered"
"LINE003500,PO00694,MED068,2279,53,120787,Delivered"
"LINE003501,PO00695,MED001,1963,43,84409,Delivered"
"LINE003502,PO00695,MED066,2171,109,236639,Delivered"
"LINE003503,PO00696,MED002,2417,29,70093,Delivered"
"LINE003504,PO00696,MED003,2286,22,50292,Delivered"
"LINE003505,PO00696,MED008,2248,25,56200,Delivered"
"LINE003506,PO00696,MED009,2300,38,87400,Delivered"
"LINE003507,PO00697,MED004,2231,35,78085,Delivered"
"LINE003508,PO00697,MED085,920,69,63480,Delivered"
"LINE003509,PO00697,MED089,892,33,29436,Delivered"
"LINE003510,PO00698,MED005,2423,33,79959,Delivered"
"LINE003511,PO00698,MED006,2259,37,83583,Delivered"
"LINE003512,PO00698,MED062,2277,73,166221,Delivered"
"LINE003513,PO00698,MED064,2283,82,187206,Delivered"
"LINE003514,PO00698,MED081,892,148,132016,Delivered"
"LINE003515,PO00699,MED007,2088,25,52200,Delivered"
"LINE003516,PO00699,MED087,920,113,103960,Delivered"
"LINE003517,PO00700,MED010,2227,38,84626,Delivered"
"LINE003518,PO00700,MED061,2284,23,52532,Delivered"
"LINE003519,PO00700,MED067,2289,63,144207,Delivered"
"LINE003520,PO00700,MED068,2259,53,119727,Delivered"
"LINE003521,PO00700,MED070,2366,81,191646,Delivered"
"LINE003522,PO00700,MED083,906,181,163986,Delivered"
"LINE003523,PO00701,MED011,2272,210,477120,Delivered"
"LINE003524,PO00701,MED046,973,303,294819,Delivered"
"LINE003525,PO00701,MED053,905,131,118555,Delivered"
"LINE003526,PO00701,MED054,878,303,266034,Delivered"
"LINE003527,PO00701,MED057,918,120,110160,Delivered"
"LINE003528,PO00701,MED079,334,266,88844,Delivered"
"LINE003529,PO00701,MED091,335,1352,452920,Delivered"
"LINE003530,PO00702,MED012,1927,229,441283,Delivered"
"LINE003531,PO00702,MED029,948,560,530880,Delivered"
"LINE003532,PO00702,MED031,913,525,479325,Delivered"
"LINE003533,PO00702,MED040,902,160,144320,Delivered"
"LINE003534,PO00703,MED013,2283,388,885804,Delivered"
"LINE003535,PO00703,MED028,942,108,101736,Delivered"
"LINE003536,PO00703,MED051,882,304,268128,Delivered"
"LINE003537,PO00703,MED055,961,74,71114,Delivered"
"LINE003538,PO00703,MED073,345,505,174225,Delivered"
"LINE003539,PO00703,MED078,332,102,33864,Delivered"
"LINE003540,PO00704,MED014,2258,337,760946,Delivered"
"LINE003541,PO00704,MED020,2240,356,797440,Delivered"
"LINE003542,PO00704,MED039,856,349,298744,Delivered"
"LINE003543,PO00704,MED044,902,358,322916,Delivered"
"LINE003544,PO00704,MED052,873,92,80316,Delivered"
"LINE003545,PO00704,MED059,963,41,39483,Delivered"
"LINE003546,PO00704,MED094,321,1362,437202,Delivered"
"LINE003547,PO00705,MED015,2212,423,935676,Delivered"
"LINE003548,PO00705,MED024,2347,332,779204,Delivered"
"LINE003549,PO00705,MED025,344,315,108360,Delivered"
"LINE003550,PO00705,MED032,949,749,710801,Delivered"
"LINE003551,PO00705,MED033,886,239,211754,Delivered"
"LINE003552,PO00705,MED037,897,84,75348,Delivered"
"LINE003553,PO00705,MED043,937,50,46850,Delivered"
"LINE003554,PO00705,MED047,952,118,112336,Delivered"
"LINE003555,PO00705,MED060,879,93,81747,Delivered"
"LINE003556,PO00705,MED097,310,518,160580,Delivered"
"LINE003557,PO00706,MED016,2303,493,1135379,Delivered"
"LINE003558,PO00706,MED022,349,393,137157,Delivered"
"LINE003559,PO00706,MED027,938,524,491512,Delivered"
"LINE003560,PO00706,MED045,913,196,178948,Delivered"
"LINE003561,PO00706,MED049,898,43,38614,Delivered"
"LINE003562,PO00706,MED056,922,245,225890,Delivered"
"LINE003563,PO00706,MED072,295,320,94400,Delivered"
"LINE003564,PO00706,MED076,318,345,109710,Delivered"
"LINE003565,PO00706,MED077,338,387,130806,Delivered"
"LINE003566,PO00707,MED017,2104,373,784792,Delivered"
"LINE003567,PO00707,MED034,868,736,638848,Delivered"
"LINE003568,PO00707,MED042,896,164,146944,Delivered"
"LINE003569,PO00707,MED050,907,271,245797,Delivered"
"LINE003570,PO00707,MED058,880,89,78320,Delivered"
"LINE003571,PO00707,MED075,333,301,100233,Delivered"
"LINE003572,PO00707,MED093,314,1286,403804,Delivered"
"LINE003573,PO00708,MED018,2376,465,1104840,Delivered"
"LINE003574,PO00708,MED023,350,101,35350,Delivered"
"LINE003575,PO00708,MED036,895,393,351735,Delivered"
"LINE003576,PO00708,MED038,944,273,257712,Delivered"
"LINE003577,PO00709,MED019,2291,271,620861,Delivered"
"LINE003578,PO00709,MED026,935,610,570350,Delivered"
"LINE003579,PO00709,MED035,886,612,542232,Delivered"
"LINE003580,PO00709,MED096,299,491,146809,Delivered"
"LINE003581,PO00709,MED098,322,388,124936,Delivered"
"LINE003582,PO00709,MED100,341,330,112530,Delivered"
"LINE003583,PO00710,MED021,327,240,78480,Delivered"
"LINE003584,PO00710,MED030,864,731,631584,Delivered"
"LINE003585,PO00710,MED041,849,336,285264,Delivered"
"LINE003586,PO00710,MED080,310,237,73470,Delivered"
"LINE003587,PO00710,MED092,333,847,282051,Delivered"
"LINE003588,PO00711,MED048,904,345,311880,Delivered"
"LINE003589,PO00711,MED071,335,319,106865,Delivered"
"LINE003590,PO00711,MED074,327,511,167097,Delivered"
"LINE003591,PO00711,MED095,325,792,257400,Delivered"
"LINE003592,PO00711,MED099,313,478,149614,Delivered"
"LINE003593,PO00712,MED063,2311,112,258832,Delivered"
"LINE003594,PO00712,MED069,2192,93,203856,Delivered"
"LINE003595,PO00712,MED082,848,65,55120,Delivered"
"LINE003596,PO00713,MED065,2237,37,82769,Delivered"
"LINE003597,PO00713,MED088,916,95,87020,Delivered"
"LINE003598,PO00713,MED090,957,112,107184,Delivered"
"LINE003599,PO00714,MED084,921,39,35919,Delivered"
"LINE003600,PO00714,MED086,954,89,84906,Delivered"
"LINE003601,PO00715,MED001,2344,43,100792,Delivered"
"LINE003602,PO00715,MED005,2300,33,75900,Delivered"
"LINE003603,PO00715,MED065,2375,37,87875,Delivered"
"LINE003604,PO00715,MED069,2285,93,212505,Delivered"
"LINE003605,PO00715,MED084,879,39,34281,Delivered"
"LINE003606,PO00715,MED085,960,69,66240,Delivered"
"LINE003607,PO00716,MED002,2269,29,65801,Delivered"
"LINE003608,PO00716,MED009,2255,38,85690,Delivered"
"LINE003609,PO00716,MED061,2338,23,53774,Delivered"
"LINE003610,PO00716,MED066,2289,109,249501,Delivered"
"LINE003611,PO00717,MED003,2311,22,50842,Delivered"
"LINE003612,PO00717,MED062,2341,73,170893,Delivered"
"LINE003613,PO00717,MED086,887,89,78943,Delivered"
"LINE003614,PO00717,MED090,928,112,103936,Delivered"
"LINE003615,PO00718,MED004,2257,35,78995,Delivered"
"LINE003616,PO00718,MED007,2280,25,57000,Delivered"
"LINE003617,PO00719,MED006,2305,37,85285,Delivered"
"LINE003618,PO00719,MED008,2254,25,56350,Delivered"
"LINE003619,PO00720,MED010,2312,38,87856,Delivered"
"LINE003620,PO00720,MED082,980,65,63700,Delivered"
"LINE003621,PO00720,MED088,940,95,89300,Delivered"
"LINE003622,PO00721,MED011,2328,210,488880,Delivered"
"LINE003623,PO00721,MED023,327,101,33027,Delivered"
"LINE003624,PO00721,MED034,856,736,630016,Delivered"
"LINE003625,PO00721,MED036,864,393,339552,Delivered"
"LINE003626,PO00721,MED042,958,164,157112,Delivered"
"LINE003627,PO00721,MED044,922,358,330076,Delivered"
"LINE003628,PO00721,MED057,968,120,116160,Delivered"
"LINE003629,PO00721,MED078,320,102,32640,Delivered"
"LINE003630,PO00721,MED099,300,478,143400,Delivered"
"LINE003631,PO00722,MED012,2277,229,521433,Delivered"
"LINE003632,PO00722,MED035,868,612,531216,Delivered"
"LINE003633,PO00722,MED037,911,84,76524,Delivered"
"LINE003634,PO00722,MED053,934,131,122354,Delivered"
"LINE003635,PO00722,MED059,906,41,37146,Delivered"
"LINE003636,PO00722,MED074,320,511,163520,Delivered"
"LINE003637,PO00722,MED075,335,301,100835,Delivered"
"LINE003638,PO00722,MED080,349,237,82713,Delivered"
"LINE003639,PO00723,MED013,2321,388,900548,Delivered"
"LINE003640,PO00723,MED021,324,240,77760,Delivered"
"LINE003641,PO00723,MED025,328,315,103320,Delivered"
"LINE003642,PO00723,MED028,913,108,98604,Delivered"
"LINE003643,PO00723,MED031,950,525,498750,Delivered"
"LINE003644,PO00723,MED051,907,304,275728,Delivered"
"LINE003645,PO00723,MED071,306,319,97614,Delivered"
"LINE003646,PO00724,MED014,2319,337,781503,Delivered"
"LINE003647,PO00724,MED017,2321,373,865733,Delivered"
"LINE003648,PO00724,MED019,2314,271,627094,Delivered"
"LINE003649,PO00724,MED046,908,303,275124,Delivered"
"LINE003650,PO00724,MED049,933,43,40119,Delivered"
"LINE003651,PO00724,MED052,884,92,81328,Delivered"
"LINE003652,PO00724,MED095,321,792,254232,Delivered"
"LINE003653,PO00724,MED100,326,330,107580,Delivered"
"LINE003654,PO00725,MED015,2282,423,965286,Delivered"
"LINE003655,PO00725,MED027,906,524,474744,Delivered"
"LINE003656,PO00725,MED050,957,271,259347,Delivered"
"LINE003657,PO00725,MED091,337,1352,455624,Delivered"
"LINE003658,PO00725,MED094,325,1362,442650,Delivered"
"LINE003659,PO00726,MED016,2248,493,1108264,Delivered"
"LINE003660,PO00726,MED029,912,560,510720,Delivered"
"LINE003661,PO00726,MED032,971,749,727279,Delivered"
"LINE003662,PO00726,MED039,902,349,314798,Delivered"
"LINE003663,PO00726,MED055,900,74,66600,Delivered"
"LINE003664,PO00727,MED018,2320,465,1078800,Delivered"
"LINE003665,PO00727,MED076,328,345,113160,Delivered"
"LINE003666,PO00727,MED092,287,847,243089,Delivered"
"LINE003667,PO00728,MED020,2322,356,826632,Delivered"
"LINE003668,PO00728,MED022,345,393,135585,Delivered"
"LINE003669,PO00728,MED033,926,239,221314,Delivered"
"LINE003670,PO00728,MED040,910,160,145600,Delivered"
"LINE003671,PO00728,MED043,926,50,46300,Delivered"
"LINE003672,PO00728,MED072,305,320,97600,Delivered"
"LINE003673,PO00728,MED077,302,387,116874,Delivered"
"LINE003674,PO00728,MED096,319,491,156629,Delivered"
"LINE003675,PO00728,MED098,309,388,119892,Delivered"
"LINE003676,PO00729,MED024,2153,332,714796,Delivered"
"LINE003677,PO00729,MED048,873,345,301185,Delivered"
"LINE003678,PO00729,MED056,898,245,220010,Delivered"
"LINE003679,PO00729,MED060,897,93,83421,Delivered"
"LINE003680,PO00729,MED079,305,266,81130,Delivered"
"LINE003681,PO00729,MED097,342,518,177156,Delivered"
"LINE003682,PO00730,MED026,948,610,578280,Delivered"
"LINE003683,PO00730,MED030,953,731,696643,Delivered"
"LINE003684,PO00730,MED038,883,273,241059,Delivered"
"LINE003685,PO00730,MED047,956,118,112808,Delivered"
"LINE003686,PO00730,MED054,948,303,287244,Delivered"
"LINE003687,PO00730,MED093,320,1286,411520,Delivered"
"LINE003688,PO00731,MED041,903,336,303408,Delivered"
"LINE003689,PO00731,MED045,891,196,174636,Delivered"
"LINE003690,PO00731,MED058,919,89,81791,Delivered"
"LINE003691,PO00731,MED073,318,505,160590,Delivered"
"LINE003692,PO00732,MED063,2191,112,245392,Delivered"
"LINE003693,PO00732,MED068,2379,53,126087,Delivered"
"LINE003694,PO00732,MED070,2180,81,176580,Delivered"
"LINE003695,PO00732,MED087,922,113,104186,Delivered"
"LINE003696,PO00732,MED089,917,33,30261,Delivered"
"LINE003697,PO00733,MED064,2210,82,181220,Delivered"
"LINE003698,PO00733,MED067,2311,63,145593,Delivered"
"LINE003699,PO00733,MED081,921,148,136308,Delivered"
"LINE003700,PO00733,MED083,932,181,168692,Delivered"
"LINE003701,PO00734,MED001,2286,43,98298,Delivered"
"LINE003702,PO00734,MED005,2267,33,74811,Delivered"
"LINE003703,PO00734,MED085,921,69,63549,Delivered"
"LINE003704,PO00735,MED002,2210,29,64090,Delivered"
"LINE003705,PO00735,MED067,2349,63,147987,Delivered"
"LINE003706,PO00735,MED086,899,89,80011,Delivered"
"LINE003707,PO00736,MED003,2391,22,52602,Delivered"
"LINE003708,PO00736,MED063,2229,112,249648,Delivered"
"LINE003709,PO00736,MED065,2229,37,82473,Delivered"
"LINE003710,PO00736,MED081,965,148,142820,Delivered"
"LINE003711,PO00736,MED087,904,113,102152,Delivered"
"LINE003712,PO00736,MED089,941,33,31053,Delivered"
"LINE003713,PO00737,MED004,2217,35,77595,Delivered"
"LINE003714,PO00737,MED007,2223,25,55575,Delivered"
"LINE003715,PO00737,MED069,2106,93,195858,Delivered"
"LINE003716,PO00738,MED006,2226,37,82362,Delivered"
"LINE003717,PO00738,MED008,2318,25,57950,Delivered"
"LINE003718,PO00738,MED061,2371,23,54533,Delivered"
"LINE003719,PO00738,MED083,913,181,165253,Delivered"
"LINE003720,PO00738,MED084,912,39,35568,Delivered"
"LINE003721,PO00738,MED088,895,95,85025,Delivered"
"LINE003722,PO00739,MED009,2295,38,87210,Delivered"
"LINE003723,PO00739,MED082,946,65,61490,Delivered"
"LINE003724,PO00739,MED090,937,112,104944,Delivered"
"LINE003725,PO00740,MED010,2304,38,87552,Delivered"
"LINE003726,PO00740,MED064,2243,82,183926,Delivered"
"LINE003727,PO00741,MED011,2221,210,466410,Delivered"
"LINE003728,PO00741,MED013,2248,388,872224,Delivered"
"LINE003729,PO00741,MED051,869,304,264176,Delivered"
"LINE003730,PO00741,MED099,313,478,149614,Delivered"
"LINE003731,PO00742,MED012,2259,229,517311,Delivered"
"LINE003732,PO00742,MED019,1623,271,439833,Delivered"
"LINE003733,PO00742,MED035,958,612,586296,Delivered"
"LINE003734,PO00742,MED043,886,50,44300,Delivered"
"LINE003735,PO00742,MED049,916,43,39388,Delivered"
"LINE003736,PO00742,MED094,302,1362,411324,Delivered"
"LINE003737,PO00743,MED014,2243,337,755891,Delivered"
"LINE003738,PO00743,MED016,2100,493,1035300,Delivered"
"LINE003739,PO00743,MED020,1899,356,676044,Delivered"
"LINE003740,PO00743,MED026,915,610,558150,Delivered"
"LINE003741,PO00743,MED027,910,524,476840,Delivered"
"LINE003742,PO00743,MED032,871,749,652379,Delivered"
"LINE003743,PO00744,MED015,2237,423,946251,Delivered"
"LINE003744,PO00744,MED022,306,393,120258,Delivered"
"LINE003745,PO00744,MED030,861,731,629391,Delivered"
"LINE003746,PO00744,MED033,915,239,218685,Delivered"
"LINE003747,PO00744,MED071,317,319,101123,Delivered"
"LINE003748,PO00744,MED078,327,102,33354,Delivered"
"LINE003749,PO00744,MED092,316,847,267652,Delivered"
"LINE003750,PO00745,MED017,2240,373,835520,Delivered"
"LINE003751,PO00745,MED029,953,560,533680,Delivered"
"LINE003752,PO00745,MED045,914,196,179144,Delivered"
"LINE003753,PO00745,MED048,993,345,342585,Delivered"
"LINE003754,PO00745,MED074,338,511,172718,Delivered"
"LINE003755,PO00745,MED091,339,1352,458328,Delivered"
"LINE003756,PO00745,MED095,321,792,254232,Delivered"
"LINE003757,PO00746,MED018,2360,465,1097400,Delivered"
"LINE003758,PO00746,MED042,902,164,147928,Delivered"
"LINE003759,PO00746,MED047,964,118,113752,Delivered"
"LINE003760,PO00746,MED053,916,131,119996,Delivered"
"LINE003761,PO00746,MED057,893,120,107160,Delivered"
"LINE003762,PO00746,MED060,879,93,81747,Delivered"
"LINE003763,PO00746,MED100,346,330,114180,Delivered"
"LINE003764,PO00747,MED021,299,240,71760,Delivered"
"LINE003765,PO00747,MED024,1685,332,559420,Delivered"
"LINE003766,PO00747,MED025,333,315,104895,Delivered"
"LINE003767,PO00747,MED044,948,358,339384,Delivered"
"LINE003768,PO00747,MED046,892,303,270276,Delivered"
"LINE003769,PO00747,MED050,888,271,240648,Delivered"
"LINE003770,PO00747,MED079,333,266,88578,Delivered"
"LINE003771,PO00747,MED097,299,518,154882,Delivered"
"LINE003772,PO00748,MED023,323,101,32623,Delivered"
"LINE003773,PO00748,MED031,927,525,486675,Delivered"
"LINE003774,PO00748,MED054,932,303,282396,Delivered"
"LINE003775,PO00748,MED080,332,237,78684,Delivered"
"LINE003776,PO00748,MED093,342,1286,439812,Delivered"
"LINE003777,PO00749,MED028,915,108,98820,Delivered"
"LINE003778,PO00749,MED036,897,393,352521,Delivered"
"LINE003779,PO00749,MED072,319,320,102080,Delivered"
"LINE003780,PO00749,MED073,323,505,163115,Delivered"
"LINE003781,PO00749,MED075,335,301,100835,Delivered"
"LINE003782,PO00749,MED076,323,345,111435,Delivered"
"LINE003783,PO00750,MED034,895,736,658720,Delivered"
"LINE003784,PO00750,MED037,926,84,77784,Delivered"
"LINE003785,PO00750,MED039,930,349,324570,Delivered"
"LINE003786,PO00750,MED040,931,160,148960,Delivered"
"LINE003787,PO00750,MED041,913,336,306768,Delivered"
"LINE003788,PO00750,MED052,904,92,83168,Delivered"
"LINE003789,PO00750,MED058,916,89,81524,Delivered"
"LINE003790,PO00751,MED038,867,273,236691,Delivered"
"LINE003791,PO00751,MED055,895,74,66230,Delivered"
"LINE003792,PO00751,MED056,893,245,218785,Delivered"
"LINE003793,PO00751,MED059,939,41,38499,Delivered"
"LINE003794,PO00751,MED077,317,387,122679,Delivered"
"LINE003795,PO00751,MED096,350,491,171850,Delivered"
"LINE003796,PO00751,MED098,327,388,126876,Delivered"
"LINE003797,PO00752,MED062,2358,73,172134,Delivered"
"LINE003798,PO00752,MED070,2320,81,187920,Delivered"
"LINE003799,PO00753,MED066,2315,109,252335,Delivered"
"LINE003800,PO00753,MED068,2357,53,124921,Delivered"
"LINE003801,PO00754,MED001,2415,43,103845,Delivered"
"LINE003802,PO00754,MED006,2251,37,83287,Delivered"
"LINE003803,PO00754,MED009,2260,38,85880,Delivered"
"LINE003804,PO00754,MED067,2232,63,140616,Delivered"
"LINE003805,PO00754,MED070,2248,81,182088,Delivered"
"LINE003806,PO00754,MED086,965,89,85885,Delivered"
"LINE003807,PO00755,MED002,2282,29,66178,Delivered"
"LINE003808,PO00755,MED064,2251,82,184582,Delivered"
"LINE003809,PO00755,MED089,887,33,29271,Delivered"
"LINE003810,PO00756,MED003,2262,22,49764,Delivered"
"LINE003811,PO00756,MED081,921,148,136308,Delivered"
"LINE003812,PO00756,MED087,927,113,104751,Delivered"
"LINE003813,PO00757,MED004,2318,35,81130,Delivered"
"LINE003814,PO00757,MED062,2283,73,166659,Delivered"
"LINE003815,PO00757,MED068,2383,53,126299,Delivered"
"LINE003816,PO00757,MED069,2368,93,220224,Delivered"
"LINE003817,PO00757,MED084,931,39,36309,Delivered"
"LINE003818,PO00758,MED005,2315,33,76395,Delivered"
"LINE003819,PO00758,MED088,890,95,84550,Delivered"
"LINE003820,PO00759,MED007,2348,25,58700,Delivered"
"LINE003821,PO00759,MED082,930,65,60450,Delivered"
"LINE003822,PO00759,MED083,941,181,170321,Delivered"
"LINE003823,PO00760,MED008,2281,25,57025,Delivered"
"LINE003824,PO00760,MED010,2361,38,89718,Delivered"
"LINE003825,PO00760,MED085,900,69,62100,Delivered"
"LINE003826,PO00760,MED090,929,112,104048,Delivered"
"LINE003827,PO00761,MED011,2116,210,444360,Delivered"
"LINE003828,PO00761,MED026,929,610,566690,Delivered"
"LINE003829,PO00761,MED034,919,736,676384,Delivered"
"LINE003830,PO00761,MED037,928,84,77952,Delivered"
"LINE003831,PO00761,MED045,926,196,181496,Delivered"
"LINE003832,PO00761,MED057,952,120,114240,Delivered"
"LINE003833,PO00761,MED058,931,89,82859,Delivered"
"LINE003834,PO00762,MED012,2301,229,526929,Delivered"
"LINE003835,PO00762,MED015,2166,423,916218,Delivered"
"LINE003836,PO00762,MED016,2245,493,1106785,Delivered"
"LINE003837,PO00762,MED046,938,303,284214,Delivered"
"LINE003838,PO00762,MED054,884,303,267852,Delivered"
"LINE003839,PO00762,MED094,304,1362,414048,Delivered"
"LINE003840,PO00763,MED013,2285,388,886580,Delivered"
"LINE003841,PO00763,MED023,310,101,31310,Delivered"
"LINE003842,PO00763,MED071,327,319,104313,Delivered"
"LINE003843,PO00764,MED014,2286,337,770382,Delivered"
"LINE003844,PO00764,MED027,936,524,490464,Delivered"
"LINE003845,PO00764,MED039,904,349,315496,Delivered"
"LINE003846,PO00764,MED042,929,164,152356,Delivered"
"LINE003847,PO00764,MED050,800,271,216800,Delivered"
"LINE003848,PO00764,MED059,956,41,39196,Delivered"
"LINE003849,PO00764,MED078,322,102,32844,Delivered"
"LINE003850,PO00764,MED091,341,1352,461032,Delivered"
"LINE003851,PO00764,MED095,319,792,252648,Delivered"
"LINE003852,PO00764,MED100,294,330,97020,Delivered"
"LINE003853,PO00765,MED017,2301,373,858273,Delivered"
"LINE003854,PO00765,MED031,883,525,463575,Delivered"
"LINE003855,PO00765,MED036,925,393,363525,Delivered"
"LINE003856,PO00765,MED038,930,273,253890,Delivered"
"LINE003857,PO00765,MED043,926,50,46300,Delivered"
"LINE003858,PO00765,MED051,974,304,296096,Delivered"
"LINE003859,PO00765,MED060,886,93,82398,Delivered"
"LINE003860,PO00765,MED072,324,320,103680,Delivered"
"LINE003861,PO00765,MED076,304,345,104880,Delivered"
"LINE003862,PO00766,MED018,1939,465,901635,Delivered"
"LINE003863,PO00766,MED041,939,336,315504,Delivered"
"LINE003864,PO00766,MED048,907,345,312915,Delivered"
"LINE003865,PO00766,MED053,911,131,119341,Delivered"
"LINE003866,PO00766,MED077,332,387,128484,Delivered"
"LINE003867,PO00766,MED097,325,518,168350,Delivered"
"LINE003868,PO00767,MED019,2186,271,592406,Delivered"
"LINE003869,PO00767,MED020,1830,356,651480,Delivered"
"LINE003870,PO00767,MED028,906,108,97848,Delivered"
"LINE003871,PO00767,MED029,957,560,535920,Delivered"
"LINE003872,PO00767,MED030,974,731,711994,Delivered"
"LINE003873,PO00767,MED032,871,749,652379,Delivered"
"LINE003874,PO00767,MED033,915,239,218685,Delivered"
"LINE003875,PO00767,MED055,954,74,70596,Delivered"
"LINE003876,PO00767,MED092,314,847,265958,Delivered"
"LINE003877,PO00767,MED096,324,491,159084,Delivered"
"LINE003878,PO00768,MED021,335,240,80400,Delivered"
"LINE003879,PO00768,MED024,2218,332,736376,Delivered"
"LINE003880,PO00768,MED035,918,612,561816,Delivered"
"LINE003881,PO00768,MED049,933,43,40119,Delivered"
"LINE003882,PO00768,MED056,880,245,215600,Delivered"
"LINE003883,PO00768,MED073,316,505,159580,Delivered"
"LINE003884,PO00769,MED022,297,393,116721,Delivered"
"LINE003885,PO00769,MED074,286,511,146146,Delivered"
"LINE003886,PO00769,MED075,319,301,96019,Delivered"
"LINE003887,PO00769,MED080,307,237,72759,Delivered"
"LINE003888,PO00769,MED098,318,388,123384,Delivered"
"LINE003889,PO00770,MED025,338,315,106470,Delivered"
"LINE003890,PO00770,MED044,927,358,331866,Delivered"
"LINE003891,PO00770,MED047,915,118,107970,Delivered"
"LINE003892,PO00770,MED079,354,266,94164,Delivered"
"LINE003893,PO00771,MED040,938,160,150080,Delivered"
"LINE003894,PO00771,MED052,917,92,84364,Delivered"
"LINE003895,PO00771,MED093,332,1286,426952,Delivered"
"LINE003896,PO00771,MED099,345,478,164910,Delivered"
"LINE003897,PO00772,MED061,2300,23,52900,Delivered"
"LINE003898,PO00773,MED063,2280,112,255360,Delivered"
"LINE003899,PO00773,MED065,2238,37,82806,Delivered"
"LINE003900,PO00773,MED066,2341,109,255169,Delivered"
"LINE003901,PO00774,MED001,2308,43,99244,Delivered"
"LINE003902,PO00774,MED064,2306,82,189092,Delivered"
"LINE003903,PO00774,MED069,1946,93,180978,Delivered"
"LINE003904,PO00774,MED070,2325,81,188325,Delivered"
"LINE003905,PO00774,MED089,910,33,30030,Delivered"
"LINE003906,PO00775,MED002,2254,29,65366,Delivered"
"LINE003907,PO00775,MED082,865,65,56225,Delivered"
"LINE003908,PO00776,MED003,2282,22,50204,Delivered"
"LINE003909,PO00776,MED084,907,39,35373,Delivered"
"LINE003910,PO00776,MED085,934,69,64446,Delivered"
"LINE003911,PO00776,MED090,882,112,98784,Delivered"
"LINE003912,PO00777,MED004,1874,35,65590,Delivered"
"LINE003913,PO00777,MED010,2237,38,85006,Delivered"
"LINE003914,PO00777,MED061,2278,23,52394,Delivered"
"LINE003915,PO00777,MED068,2298,53,121794,Delivered"
"LINE003916,PO00778,MED005,2284,33,75372,Delivered"
"LINE003917,PO00778,MED067,2256,63,142128,Delivered"
"LINE003918,PO00779,MED006,2369,37,87653,Delivered"
"LINE003919,PO00779,MED062,2280,73,166440,Delivered"
"LINE003920,PO00779,MED065,2186,37,80882,Delivered"
"LINE003921,PO00779,MED066,2268,109,247212,Delivered"
"LINE003922,PO00779,MED083,868,181,157108,Delivered"
"LINE003923,PO00780,MED007,2238,25,55950,Delivered"
"LINE003924,PO00780,MED063,2320,112,259840,Delivered"
"LINE003925,PO00780,MED086,960,89,85440,Delivered"
"LINE003926,PO00780,MED087,921,113,104073,Delivered"
"LINE003927,PO00780,MED088,920,95,87400,Delivered"
"LINE003928,PO00781,MED008,2240,25,56000,Delivered"
"LINE003929,PO00781,MED009,1891,38,71858,Delivered"
"LINE003930,PO00782,MED011,2275,210,477750,Delivered"
"LINE003931,PO00782,MED016,1909,493,941137,Delivered"
"LINE003932,PO00782,MED030,984,731,719304,Delivered"
"LINE003933,PO00782,MED038,930,273,253890,Delivered"
"LINE003934,PO00782,MED054,879,303,266337,Delivered"
"LINE003935,PO00782,MED060,912,93,84816,Delivered"
"LINE003936,PO00782,MED076,348,345,120060,Delivered"
"LINE003937,PO00782,MED098,321,388,124548,Delivered"
"LINE003938,PO00782,MED100,329,330,108570,Delivered"
"LINE003939,PO00783,MED012,1749,229,400521,Delivered"
"LINE003940,PO00783,MED027,914,524,478936,Delivered"
"LINE003941,PO00783,MED031,897,525,470925,Delivered"
"LINE003942,PO00783,MED033,952,239,227528,Delivered"
"LINE003943,PO00784,MED013,2264,388,878432,Delivered"
"LINE003944,PO00784,MED028,912,108,98496,Delivered"
"LINE003945,PO00784,MED035,940,612,575280,Delivered"
"LINE003946,PO00784,MED041,945,336,317520,Delivered"
"LINE003947,PO00784,MED049,855,43,36765,Delivered"
"LINE003948,PO00784,MED093,315,1286,405090,Delivered"
"LINE003949,PO00785,MED014,2273,337,766001,Delivered"
"LINE003950,PO00785,MED018,2330,465,1083450,Delivered"
"LINE003951,PO00785,MED029,916,560,512960,Delivered"
"LINE003952,PO00785,MED048,957,345,330165,Delivered"
"LINE003953,PO00785,MED056,915,245,224175,Delivered"
"LINE003954,PO00785,MED096,311,491,152701,Delivered"
"LINE003955,PO00786,MED015,2151,423,909873,Delivered"
"LINE003956,PO00786,MED019,2241,271,607311,Delivered"
"LINE003957,PO00786,MED024,2090,332,693880,Delivered"
"LINE003958,PO00786,MED050,864,271,234144,Delivered"
"LINE003959,PO00786,MED078,303,102,30906,Delivered"
"LINE003960,PO00786,MED092,308,847,260876,Delivered"
"LINE003961,PO00787,MED017,2105,373,785165,Delivered"
"LINE003962,PO00787,MED039,898,349,313402,Delivered"
"LINE003963,PO00787,MED051,771,304,234384,Delivered"
"LINE003964,PO00787,MED075,326,301,98126,Delivered"
"LINE003965,PO00787,MED091,341,1352,461032,Delivered"
"LINE003966,PO00787,MED099,339,478,162042,Delivered"
"LINE003967,PO00788,MED020,2276,356,810256,Delivered"
"LINE003968,PO00788,MED036,940,393,369420,Delivered"
"LINE003969,PO00788,MED037,969,84,81396,Delivered"
"LINE003970,PO00788,MED040,935,160,149600,Delivered"
"LINE003971,PO00788,MED045,932,196,182672,Delivered"
"LINE003972,PO00788,MED059,942,41,38622,Delivered"
"LINE003973,PO00788,MED097,333,518,172494,Delivered"
"LINE003974,PO00789,MED021,319,240,76560,Delivered"
"LINE003975,PO00789,MED023,316,101,31916,Delivered"
"LINE003976,PO00789,MED042,902,164,147928,Delivered"
"LINE003977,PO00789,MED071,336,319,107184,Delivered"
"LINE003978,PO00789,MED079,305,266,81130,Delivered"
"LINE003979,PO00789,MED095,335,792,265320,Delivered"
"LINE003980,PO00790,MED022,317,393,124581,Delivered"
"LINE003981,PO00790,MED026,904,610,551440,Delivered"
"LINE003982,PO00790,MED047,928,118,109504,Delivered"
"LINE003983,PO00790,MED052,941,92,86572,Delivered"
"LINE003984,PO00790,MED057,902,120,108240,Delivered"
"LINE003985,PO00790,MED058,893,89,79477,Delivered"
"LINE003986,PO00790,MED080,321,237,76077,Delivered"
"LINE003987,PO00791,MED025,322,315,101430,Delivered"
"LINE003988,PO00791,MED032,881,749,659869,Delivered"
"LINE003989,PO00791,MED072,328,320,104960,Delivered"
"LINE003990,PO00791,MED073,294,505,148470,Delivered"
"LINE003991,PO00791,MED074,323,511,165053,Delivered"
"LINE003992,PO00792,MED034,945,736,695520,Delivered"
"LINE003993,PO00792,MED043,926,50,46300,Delivered"
"LINE003994,PO00792,MED044,906,358,324348,Delivered"
"LINE003995,PO00792,MED046,949,303,287547,Delivered"
"LINE003996,PO00792,MED053,937,131,122747,Delivered"
"LINE003997,PO00792,MED055,915,74,67710,Delivered"
"LINE003998,PO00792,MED077,295,387,114165,Delivered"
"LINE003999,PO00792,MED094,338,1362,460356,Delivered"
"LINE004000,PO00793,MED081,891,148,131868,Delivered"
