"TransactionID,TransactionDate,HospitalID,ProductID,BatchNumber,TransactionType,Quantity,ReferenceID,DeliveryStatus"
"REC000001,2025-01-08,H001,MED001,B210268,Receipt,963,PO00001,On Time"
"REC000002,2025-01-08,H001,MED004,B203355,Receipt,905,PO00001,On Time"
"REC000003,2025-01-08,H001,MED065,B542905,Receipt,676,PO00001,On Time"
"REC000004,2025-01-08,H001,MED082,B406063,Receipt,1410,PO00001,On Time"
"REC000005,2025-01-08,H001,MED088,B990123,Receipt,1061,PO00001,On Time"
"REC000006,2025-01-04,H001,MED002,B187498,Receipt,603,PO00002,On Time"
"REC000007,2025-01-04,H001,MED009,B339931,Receipt,1081,PO00002,On Time"
"REC000008,2025-01-04,H001,MED066,B997059,Receipt,1451,PO00002,On Time"
"REC000009,2025-01-05,H001,MED003,B429365,Receipt,997,PO00003,On Time"
"REC000010,2025-01-05,H001,MED005,B358795,Receipt,1192,PO00003,On Time"
"REC000011,2025-01-05,H001,MED010,B877089,Receipt,1510,PO00003,On Time"
"REC000012,2025-01-05,H001,MED085,B472370,Receipt,1288,PO00003,On Time"
"REC000013,2025-01-05,H001,MED089,B251836,Receipt,526,PO00003,On Time"
"REC000014,2025-01-05,H001,MED006,B249503,Receipt,1012,PO00004,On Time"
"REC000015,2025-01-05,H001,MED007,B691723,Receipt,1483,PO00004,On Time"
"REC000016,2025-01-05,H001,MED061,B218015,Receipt,1513,PO00004,On Time"
"REC000017,2025-01-05,H001,MED062,B465890,Receipt,728,PO00004,On Time"
"REC000018,2025-01-05,H001,MED069,B805660,Receipt,1286,PO00004,On Time"
"REC000019,2025-01-05,H001,MED070,B170313,Receipt,1086,PO00004,On Time"
"REC000020,2025-01-05,H001,MED086,B651951,Receipt,790,PO00004,On Time"
"REC000021,2025-01-04,H001,MED008,B665894,Receipt,828,PO00005,On Time"
"REC000022,2025-01-04,H001,MED090,B979090,Receipt,991,PO00005,On Time"
"REC000023,2025-01-25,H001,MED011,B996942,Receipt,1212,PO00006,On Time"
"REC000024,2025-01-25,H001,MED020,B234633,Receipt,934,PO00006,On Time"
"REC000025,2025-01-25,H001,MED033,B890180,Receipt,556,PO00006,On Time"
"REC000026,2025-01-25,H001,MED038,B937291,Receipt,719,PO00006,On Time"
"REC000027,2025-01-25,H001,MED039,B481050,Receipt,1396,PO00006,On Time"
"REC000028,2025-01-25,H001,MED047,B391999,Receipt,899,PO00006,On Time"
"REC000029,2025-01-25,H001,MED073,B311810,Receipt,1162,PO00006,On Time"
"REC000030,2025-01-25,H001,MED078,B120056,Receipt,1415,PO00006,On Time"
"REC000031,2025-01-25,H001,MED096,B844086,Receipt,1071,PO00006,On Time"
"REC000032,2025-02-11,H001,MED012,B905889,Receipt,1361,PO00007,On Time"
"REC000033,2025-02-11,H001,MED025,B318126,Receipt,1266,PO00007,On Time"
"REC000034,2025-02-11,H001,MED029,B515515,Receipt,905,PO00007,On Time"
"REC000035,2025-02-11,H001,MED032,B554589,Receipt,1352,PO00007,On Time"
"REC000036,2025-02-11,H001,MED035,B314283,Receipt,1474,PO00007,On Time"
"REC000037,2025-02-11,H001,MED043,B314835,Receipt,600,PO00007,On Time"
"REC000038,2025-02-11,H001,MED051,B177505,Receipt,1176,PO00007,On Time"
"REC000039,2025-02-03,H001,MED013,B371836,Receipt,551,PO00008,On Time"
"REC000040,2025-02-03,H001,MED050,B757917,Receipt,1325,PO00008,On Time"
"REC000041,2025-02-03,H001,MED055,B250810,Receipt,1076,PO00008,On Time"
"REC000042,2025-01-30,H001,MED014,B323165,Receipt,910,PO00009,Delayed"
"REC000043,2025-01-30,H001,MED021,B130535,Receipt,703,PO00009,Delayed"
"REC000044,2025-01-30,H001,MED022,B747972,Receipt,754,PO00009,Delayed"
"REC000045,2025-01-30,H001,MED028,B264899,Receipt,576,PO00009,Delayed"
"REC000046,2025-01-30,H001,MED031,B388249,Receipt,550,PO00009,Delayed"
"REC000047,2025-01-30,H001,MED045,B654594,Receipt,849,PO00009,Delayed"
"REC000048,2025-01-30,H001,MED049,B768234,Receipt,1154,PO00009,Delayed"
"REC000049,2025-01-30,H001,MED056,B469599,Receipt,896,PO00009,Delayed"
"REC000050,2025-01-30,H001,MED058,B405628,Receipt,755,PO00009,Delayed"
"REC000051,2025-01-30,H001,MED059,B920260,Receipt,697,PO00009,Delayed"
"REC000052,2025-01-30,H001,MED072,B711523,Receipt,664,PO00009,Delayed"
"REC000053,2025-01-30,H001,MED077,B850201,Receipt,616,PO00009,Delayed"
"REC000054,2025-01-30,H001,MED097,B695468,Receipt,1190,PO00009,Delayed"
"REC000055,2025-01-30,H001,MED099,B664242,Receipt,1141,PO00009,Delayed"
"REC000056,2025-02-07,H001,MED015,B453531,Receipt,764,PO00010,Delayed"
"REC000057,2025-02-07,H001,MED040,B713333,Receipt,1077,PO00010,Delayed"
"REC000058,2025-02-07,H001,MED048,B690978,Receipt,868,PO00010,Delayed"
"REC000059,2025-02-07,H001,MED054,B500109,Receipt,1204,PO00010,Delayed"
"REC000060,2025-02-07,H001,MED094,B930857,Receipt,754,PO00010,Delayed"
"REC000061,2025-02-07,H001,MED095,B969474,Receipt,633,PO00010,Delayed"
"REC000062,2025-01-23,H001,MED016,B567281,Receipt,1424,PO00011,On Time"
"REC000063,2025-01-23,H001,MED053,B710704,Receipt,1317,PO00011,On Time"
"REC000064,2025-01-23,H001,MED075,B727769,Receipt,1423,PO00011,On Time"
"REC000065,2025-01-23,H001,MED098,B734736,Receipt,1448,PO00011,On Time"
"REC000066,2025-02-04,H001,MED017,B532315,Receipt,982,PO00012,On Time"
"REC000067,2025-02-04,H001,MED046,B473616,Receipt,861,PO00012,On Time"
"REC000068,2025-02-04,H001,MED052,B138467,Receipt,1341,PO00012,On Time"
"REC000069,2025-02-04,H001,MED057,B727234,Receipt,1196,PO00012,On Time"
"REC000070,2025-01-29,H001,MED018,B476896,Receipt,720,PO00013,Delayed"
"REC000071,2025-01-29,H001,MED019,B236330,Receipt,915,PO00013,Delayed"
"REC000072,2025-01-29,H001,MED026,B872838,Receipt,662,PO00013,Delayed"
"REC000073,2025-01-29,H001,MED034,B979989,Receipt,1198,PO00013,Delayed"
"REC000074,2025-01-29,H001,MED036,B840976,Receipt,1154,PO00013,Delayed"
"REC000075,2025-01-29,H001,MED071,B213632,Receipt,755,PO00013,Delayed"
"REC000076,2025-01-29,H001,MED076,B283062,Receipt,1469,PO00013,Delayed"
"REC000077,2025-01-29,H001,MED092,B906790,Receipt,852,PO00013,Delayed"
"REC000078,2025-01-28,H001,MED023,B301664,Receipt,1220,PO00014,On Time"
"REC000079,2025-01-28,H001,MED027,B835716,Receipt,853,PO00014,On Time"
"REC000080,2025-01-28,H001,MED037,B998613,Receipt,1010,PO00014,On Time"
"REC000081,2025-01-28,H001,MED041,B710490,Receipt,912,PO00014,On Time"
"REC000082,2025-01-28,H001,MED044,B373255,Receipt,1081,PO00014,On Time"
"REC000083,2025-01-28,H001,MED074,B970045,Receipt,654,PO00014,On Time"
"REC000084,2025-01-23,H001,MED024,B723094,Receipt,584,PO00015,On Time"
"REC000085,2025-01-23,H001,MED030,B981691,Receipt,892,PO00015,On Time"
"REC000086,2025-01-23,H001,MED091,B712956,Receipt,601,PO00015,On Time"
"REC000087,2025-01-23,H001,MED093,B231484,Receipt,601,PO00015,On Time"
"REC000088,2025-01-23,H001,MED100,B825256,Receipt,1491,PO00015,On Time"
"REC000089,2025-01-21,H001,MED042,B418394,Receipt,1050,PO00016,On Time"
"REC000090,2025-01-21,H001,MED060,B559451,Receipt,786,PO00016,On Time"
"REC000091,2025-01-21,H001,MED079,B765022,Receipt,664,PO00016,On Time"
"REC000092,2025-01-21,H001,MED080,B612153,Receipt,1501,PO00016,On Time"
"REC000093,2025-01-07,H001,MED063,B118070,Receipt,875,PO00017,On Time"
"REC000094,2025-01-07,H001,MED068,B766326,Receipt,1476,PO00017,On Time"
"REC000095,2025-01-07,H001,MED064,B258823,Receipt,1470,PO00018,On Time"
"REC000096,2025-01-07,H001,MED081,B547556,Receipt,789,PO00018,On Time"
"REC000097,2025-01-07,H001,MED083,B555968,Receipt,1194,PO00018,On Time"
"REC000098,2025-01-04,H001,MED067,B584299,Receipt,1391,PO00019,On Time"
"REC000099,2025-01-04,H001,MED084,B834965,Receipt,737,PO00020,On Time"
"REC000100,2025-01-04,H001,MED087,B291962,Receipt,1386,PO00020,On Time"
"REC000101,2025-01-08,H002,MED001,B940530,Receipt,695,PO00021,On Time"
"REC000102,2025-01-07,H002,MED002,B766490,Receipt,1064,PO00022,On Time"
"REC000103,2025-01-07,H002,MED007,B905497,Receipt,1322,PO00022,On Time"
"REC000104,2025-01-07,H002,MED067,B932946,Receipt,697,PO00022,On Time"
"REC000105,2025-01-04,H002,MED003,B252617,Receipt,927,PO00023,On Time"
"REC000106,2025-01-04,H002,MED005,B279208,Receipt,854,PO00023,On Time"
"REC000107,2025-01-04,H002,MED008,B128295,Receipt,572,PO00023,On Time"
"REC000108,2025-01-04,H002,MED064,B890756,Receipt,1429,PO00023,On Time"
"REC000109,2025-01-04,H002,MED066,B899666,Receipt,1316,PO00023,On Time"
"REC000110,2025-01-04,H002,MED081,B243026,Receipt,715,PO00023,On Time"
"REC000111,2025-01-04,H002,MED089,B302967,Receipt,685,PO00023,On Time"
"REC000112,2025-01-04,H002,MED004,B138102,Receipt,1350,PO00024,On Time"
"REC000113,2025-01-04,H002,MED009,B977699,Receipt,713,PO00024,On Time"
"REC000114,2025-01-04,H002,MED070,B656542,Receipt,1397,PO00024,On Time"
"REC000115,2025-01-04,H002,MED082,B692016,Receipt,1170,PO00024,On Time"
"REC000116,2025-01-07,H002,MED006,B625830,Receipt,1176,PO00025,On Time"
"REC000117,2025-01-07,H002,MED065,B784106,Receipt,1175,PO00025,On Time"
"REC000118,2025-01-07,H002,MED068,B164323,Receipt,1179,PO00025,On Time"
"REC000119,2025-01-07,H002,MED069,B954016,Receipt,1328,PO00025,On Time"
"REC000120,2025-01-07,H002,MED086,B984152,Receipt,1459,PO00025,On Time"
"REC000121,2025-01-05,H002,MED010,B334677,Receipt,1093,PO00026,On Time"
"REC000122,2025-01-05,H002,MED084,B910951,Receipt,925,PO00026,On Time"
"REC000123,2025-01-05,H002,MED088,B274944,Receipt,862,PO00026,On Time"
"REC000124,2025-01-28,H002,MED011,B639773,Receipt,1357,PO00027,On Time"
"REC000125,2025-01-28,H002,MED019,B986089,Receipt,1465,PO00027,On Time"
"REC000126,2025-01-28,H002,MED073,B872042,Receipt,721,PO00027,On Time"
"REC000127,2025-01-28,H002,MED076,B872608,Receipt,690,PO00027,On Time"
"REC000128,2025-01-28,H002,MED078,B879554,Receipt,622,PO00027,On Time"
"REC000129,2025-01-28,H002,MED095,B191751,Receipt,1209,PO00027,On Time"
"REC000130,2025-01-23,H002,MED012,B130355,Receipt,959,PO00028,On Time"
"REC000131,2025-01-23,H002,MED016,B292714,Receipt,1347,PO00028,On Time"
"REC000132,2025-01-23,H002,MED022,B644447,Receipt,1017,PO00028,On Time"
"REC000133,2025-01-23,H002,MED030,B263273,Receipt,985,PO00028,On Time"
"REC000134,2025-01-23,H002,MED042,B728861,Receipt,1011,PO00028,On Time"
"REC000135,2025-01-23,H002,MED045,B463714,Receipt,1335,PO00028,On Time"
"REC000136,2025-01-23,H002,MED046,B517170,Receipt,920,PO00028,On Time"
"REC000137,2025-01-23,H002,MED058,B631849,Receipt,1458,PO00028,On Time"
"REC000138,2025-01-23,H002,MED079,B599097,Receipt,1189,PO00028,On Time"
"REC000139,2025-01-23,H002,MED093,B155318,Receipt,1411,PO00028,On Time"
"REC000140,2025-01-23,H002,MED094,B306988,Receipt,893,PO00028,On Time"
"REC000141,2025-01-25,H002,MED013,B663586,Receipt,571,PO00029,On Time"
"REC000142,2025-01-25,H002,MED023,B790907,Receipt,618,PO00029,On Time"
"REC000143,2025-01-25,H002,MED036,B585450,Receipt,1271,PO00029,On Time"
"REC000144,2025-01-25,H002,MED060,B696562,Receipt,690,PO00029,On Time"
"REC000145,2025-02-01,H002,MED014,B313920,Receipt,618,PO00030,On Time"
"REC000146,2025-02-01,H002,MED024,B538661,Receipt,764,PO00030,On Time"
"REC000147,2025-02-01,H002,MED028,B932972,Receipt,580,PO00030,On Time"
"REC000148,2025-02-01,H002,MED032,B136187,Receipt,1274,PO00030,On Time"
"REC000149,2025-02-01,H002,MED056,B321897,Receipt,1072,PO00030,On Time"
"REC000150,2025-02-01,H002,MED059,B126069,Receipt,1078,PO00030,On Time"
"REC000151,2025-02-04,H002,MED015,B753983,Receipt,1408,PO00031,On Time"
"REC000152,2025-02-04,H002,MED020,B260775,Receipt,1359,PO00031,On Time"
"REC000153,2025-02-04,H002,MED038,B880722,Receipt,1052,PO00031,On Time"
"REC000154,2025-02-04,H002,MED049,B503704,Receipt,1249,PO00031,On Time"
"REC000155,2025-02-04,H002,MED052,B735605,Receipt,1389,PO00031,On Time"
"REC000156,2025-02-04,H002,MED072,B105287,Receipt,628,PO00031,On Time"
"REC000157,2025-02-04,H002,MED099,B232717,Receipt,739,PO00031,On Time"
"REC000158,2025-02-03,H002,MED017,B738353,Receipt,886,PO00032,On Time"
"REC000159,2025-02-03,H002,MED025,B578007,Receipt,951,PO00032,On Time"
"REC000160,2025-02-03,H002,MED037,B106949,Receipt,984,PO00032,On Time"
"REC000161,2025-02-03,H002,MED044,B682531,Receipt,622,PO00032,On Time"
"REC000162,2025-02-03,H002,MED071,B814743,Receipt,1214,PO00032,On Time"
"REC000163,2025-02-03,H002,MED077,B632295,Receipt,913,PO00032,On Time"
"REC000164,2025-02-03,H002,MED092,B695603,Receipt,966,PO00032,On Time"
"REC000165,2025-01-23,H002,MED018,B601108,Receipt,648,PO00033,On Time"
"REC000166,2025-01-23,H002,MED021,B730075,Receipt,1409,PO00033,On Time"
"REC000167,2025-01-23,H002,MED035,B381342,Receipt,1030,PO00033,On Time"
"REC000168,2025-01-23,H002,MED040,B465340,Receipt,1352,PO00033,On Time"
"REC000169,2025-01-23,H002,MED041,B750199,Receipt,524,PO00033,On Time"
"REC000170,2025-01-23,H002,MED053,B345121,Receipt,910,PO00033,On Time"
"REC000171,2025-01-23,H002,MED080,B618545,Receipt,1316,PO00033,On Time"
"REC000172,2025-01-29,H002,MED026,B161813,Receipt,1476,PO00034,Delayed"
"REC000173,2025-01-29,H002,MED027,B686580,Receipt,1505,PO00034,Delayed"
"REC000174,2025-01-29,H002,MED034,B960395,Receipt,1116,PO00034,Delayed"
"REC000175,2025-01-29,H002,MED047,B441396,Receipt,1374,PO00034,Delayed"
"REC000176,2025-01-29,H002,MED048,B151745,Receipt,1054,PO00034,Delayed"
"REC000177,2025-01-29,H002,MED051,B572930,Receipt,1381,PO00034,Delayed"
"REC000178,2025-01-29,H002,MED054,B760482,Receipt,1124,PO00034,Delayed"
"REC000179,2025-01-29,H002,MED074,B142078,Receipt,980,PO00034,Delayed"
"REC000180,2025-01-29,H002,MED091,B532882,Receipt,648,PO00034,Delayed"
"REC000181,2025-01-23,H002,MED029,B374907,Receipt,1255,PO00035,On Time"
"REC000182,2025-01-23,H002,MED033,B686165,Receipt,1308,PO00035,On Time"
"REC000183,2025-01-23,H002,MED039,B350875,Receipt,1345,PO00035,On Time"
"REC000184,2025-01-23,H002,MED050,B480975,Receipt,1202,PO00035,On Time"
"REC000185,2025-01-23,H002,MED055,B729474,Receipt,1306,PO00035,On Time"
"REC000186,2025-01-23,H002,MED096,B295716,Receipt,1325,PO00035,On Time"
"REC000187,2025-01-23,H002,MED097,B820670,Receipt,1380,PO00035,On Time"
"REC000188,2025-01-23,H002,MED100,B808533,Receipt,786,PO00035,On Time"
"REC000189,2025-01-21,H002,MED031,B931538,Receipt,760,PO00036,On Time"
"REC000190,2025-01-21,H002,MED043,B779574,Receipt,1288,PO00036,On Time"
"REC000191,2025-01-21,H002,MED075,B429588,Receipt,1437,PO00036,On Time"
"REC000192,2025-01-21,H002,MED098,B562120,Receipt,878,PO00036,On Time"
"REC000193,2025-02-11,H002,MED057,B672203,Receipt,656,PO00037,On Time"
"REC000194,2025-01-04,H002,MED061,B699991,Receipt,692,PO00038,On Time"
"REC000195,2025-01-04,H002,MED085,B367552,Receipt,1394,PO00038,On Time"
"REC000196,2025-01-05,H002,MED062,B216421,Receipt,1358,PO00039,On Time"
"REC000197,2025-01-05,H002,MED063,B962557,Receipt,526,PO00039,On Time"
"REC000198,2025-01-05,H002,MED083,B192263,Receipt,743,PO00039,On Time"
"REC000199,2025-01-05,H002,MED087,B465821,Receipt,1481,PO00039,On Time"
"REC000200,2025-01-04,H002,MED090,B184291,Receipt,1245,PO00040,On Time"
"REC000201,2025-01-05,H003,MED001,B157545,Receipt,1311,PO00041,On Time"
"REC000202,2025-01-05,H003,MED065,B811998,Receipt,973,PO00041,On Time"
"REC000203,2025-01-05,H003,MED081,B823035,Receipt,1507,PO00041,On Time"
"REC000204,2025-01-05,H003,MED085,B570452,Receipt,1233,PO00041,On Time"
"REC000205,2025-01-04,H003,MED002,B950163,Receipt,623,PO00042,On Time"
"REC000206,2025-01-04,H003,MED061,B132733,Receipt,763,PO00042,On Time"
"REC000207,2025-01-04,H003,MED066,B966867,Receipt,909,PO00042,On Time"
"REC000208,2025-01-08,H003,MED003,B632954,Receipt,1396,PO00043,On Time"
"REC000209,2025-01-08,H003,MED007,B857907,Receipt,1239,PO00043,On Time"
"REC000210,2025-01-08,H003,MED009,B193501,Receipt,590,PO00043,On Time"
"REC000211,2025-01-08,H003,MED086,B289004,Receipt,585,PO00043,On Time"
"REC000212,2025-01-04,H003,MED004,B752026,Receipt,952,PO00044,On Time"
"REC000213,2025-01-04,H003,MED006,B765755,Receipt,593,PO00044,On Time"
"REC000214,2025-01-04,H003,MED087,B175418,Receipt,595,PO00044,On Time"
"REC000215,2025-01-07,H003,MED005,B906388,Receipt,1236,PO00045,On Time"
"REC000216,2025-01-07,H003,MED067,B531413,Receipt,824,PO00045,On Time"
"REC000217,2025-01-07,H003,MED088,B268383,Receipt,1126,PO00045,On Time"
"REC000218,2025-01-04,H003,MED008,B251878,Receipt,1414,PO00046,On Time"
"REC000219,2025-01-04,H003,MED064,B143001,Receipt,1402,PO00046,On Time"
"REC000220,2025-01-04,H003,MED070,B555699,Receipt,530,PO00046,On Time"
"REC000221,2025-01-04,H003,MED083,B169274,Receipt,1353,PO00046,On Time"
"REC000222,2025-01-04,H003,MED010,B697135,Receipt,1202,PO00047,On Time"
"REC000223,2025-01-04,H003,MED062,B999005,Receipt,522,PO00047,On Time"
"REC000224,2025-01-04,H003,MED082,B526346,Receipt,830,PO00047,On Time"
"REC000225,2025-01-04,H003,MED084,B174553,Receipt,774,PO00047,On Time"
"REC000226,2025-01-23,H003,MED011,B357009,Receipt,1483,PO00048,On Time"
"REC000227,2025-01-23,H003,MED012,B400709,Receipt,1520,PO00048,On Time"
"REC000228,2025-01-23,H003,MED018,B525037,Receipt,953,PO00048,On Time"
"REC000229,2025-01-23,H003,MED042,B124354,Receipt,1488,PO00048,On Time"
"REC000230,2025-01-23,H003,MED045,B251563,Receipt,1256,PO00048,On Time"
"REC000231,2025-01-23,H003,MED052,B711600,Receipt,621,PO00048,On Time"
"REC000232,2025-01-23,H003,MED059,B293259,Receipt,1355,PO00048,On Time"
"REC000233,2025-01-23,H003,MED071,B474999,Receipt,1055,PO00048,On Time"
"REC000234,2025-01-23,H003,MED076,B125559,Receipt,1116,PO00048,On Time"
"REC000235,2025-01-23,H003,MED100,B395900,Receipt,1311,PO00048,On Time"
"REC000236,2025-01-30,H003,MED013,B402950,Receipt,1157,PO00049,Delayed"
"REC000237,2025-01-30,H003,MED022,B360910,Receipt,684,PO00049,Delayed"
"REC000238,2025-01-30,H003,MED024,B294269,Receipt,982,PO00049,Delayed"
"REC000239,2025-01-30,H003,MED036,B322320,Receipt,722,PO00049,Delayed"
"REC000240,2025-01-30,H003,MED077,B212217,Receipt,1425,PO00049,Delayed"
"REC000241,2025-02-03,H003,MED014,B283675,Receipt,755,PO00050,On Time"
"REC000242,2025-02-03,H003,MED041,B658296,Receipt,1234,PO00050,On Time"
"REC000243,2025-02-03,H003,MED054,B909942,Receipt,1253,PO00050,On Time"
"REC000244,2025-02-03,H003,MED055,B941052,Receipt,1123,PO00050,On Time"
"REC000245,2025-02-03,H003,MED074,B427304,Receipt,761,PO00050,On Time"
"REC000246,2025-02-11,H003,MED015,B209575,Receipt,595,PO00051,On Time"
"REC000247,2025-02-11,H003,MED032,B129402,Receipt,909,PO00051,On Time"
"REC000248,2025-02-11,H003,MED034,B201371,Receipt,1449,PO00051,On Time"
"REC000249,2025-02-11,H003,MED056,B311837,Receipt,1249,PO00051,On Time"
"REC000250,2025-02-11,H003,MED079,B626684,Receipt,1460,PO00051,On Time"
"REC000251,2025-02-04,H003,MED016,B870044,Receipt,1257,PO00052,On Time"
"REC000252,2025-02-04,H003,MED020,B890857,Receipt,1283,PO00052,On Time"
"REC000253,2025-02-04,H003,MED031,B625910,Receipt,915,PO00052,On Time"
"REC000254,2025-02-04,H003,MED033,B397881,Receipt,1033,PO00052,On Time"
"REC000255,2025-02-04,H003,MED051,B850294,Receipt,581,PO00052,On Time"
"REC000256,2025-02-04,H003,MED060,B729661,Receipt,1272,PO00052,On Time"
"REC000257,2025-02-04,H003,MED075,B932974,Receipt,671,PO00052,On Time"
"REC000258,2025-02-04,H003,MED097,B769648,Receipt,1501,PO00052,On Time"
"REC000259,2025-01-23,H003,MED017,B139986,Receipt,1366,PO00053,On Time"
"REC000260,2025-01-23,H003,MED037,B808662,Receipt,612,PO00053,On Time"
"REC000261,2025-01-23,H003,MED038,B305550,Receipt,851,PO00053,On Time"
"REC000262,2025-01-23,H003,MED048,B616142,Receipt,743,PO00053,On Time"
"REC000263,2025-01-23,H003,MED058,B993741,Receipt,1013,PO00053,On Time"
"REC000264,2025-01-23,H003,MED093,B476826,Receipt,893,PO00053,On Time"
"REC000265,2025-01-23,H003,MED019,B745588,Receipt,1013,PO00054,On Time"
"REC000266,2025-01-23,H003,MED029,B444138,Receipt,1374,PO00054,On Time"
"REC000267,2025-01-23,H003,MED039,B221789,Receipt,513,PO00054,On Time"
"REC000268,2025-01-23,H003,MED043,B713217,Receipt,871,PO00054,On Time"
"REC000269,2025-01-23,H003,MED047,B286833,Receipt,1223,PO00054,On Time"
"REC000270,2025-01-23,H003,MED050,B386214,Receipt,719,PO00054,On Time"
"REC000271,2025-01-23,H003,MED053,B550348,Receipt,1135,PO00054,On Time"
"REC000272,2025-01-23,H003,MED091,B538755,Receipt,1007,PO00054,On Time"
"REC000273,2025-01-23,H003,MED021,B267292,Receipt,634,PO00055,On Time"
"REC000274,2025-01-23,H003,MED023,B989302,Receipt,1486,PO00055,On Time"
"REC000275,2025-01-23,H003,MED030,B655941,Receipt,1176,PO00055,On Time"
"REC000276,2025-01-23,H003,MED044,B528988,Receipt,1396,PO00055,On Time"
"REC000277,2025-01-23,H003,MED078,B972388,Receipt,598,PO00055,On Time"
"REC000278,2025-01-21,H003,MED025,B356713,Receipt,545,PO00056,On Time"
"REC000279,2025-01-21,H003,MED028,B942393,Receipt,1406,PO00056,On Time"
"REC000280,2025-01-21,H003,MED080,B433863,Receipt,1386,PO00056,On Time"
"REC000281,2025-01-21,H003,MED099,B384186,Receipt,1140,PO00056,On Time"
"REC000282,2025-01-28,H003,MED026,B807280,Receipt,1265,PO00057,On Time"
"REC000283,2025-01-28,H003,MED027,B986040,Receipt,1475,PO00057,On Time"
"REC000284,2025-01-28,H003,MED049,B418420,Receipt,1324,PO00057,On Time"
"REC000285,2025-01-28,H003,MED057,B915862,Receipt,798,PO00057,On Time"
"REC000286,2025-01-28,H003,MED095,B943804,Receipt,979,PO00057,On Time"
"REC000287,2025-01-28,H003,MED098,B438076,Receipt,1098,PO00057,On Time"
"REC000288,2025-02-01,H003,MED035,B677564,Receipt,1305,PO00058,On Time"
"REC000289,2025-02-01,H003,MED040,B599137,Receipt,1205,PO00058,On Time"
"REC000290,2025-02-01,H003,MED046,B111344,Receipt,697,PO00058,On Time"
"REC000291,2025-02-01,H003,MED072,B395804,Receipt,1016,PO00058,On Time"
"REC000292,2025-02-01,H003,MED073,B773034,Receipt,1178,PO00058,On Time"
"REC000293,2025-02-01,H003,MED092,B426032,Receipt,541,PO00058,On Time"
"REC000294,2025-02-01,H003,MED094,B776555,Receipt,952,PO00058,On Time"
"REC000295,2025-02-01,H003,MED096,B327286,Receipt,657,PO00058,On Time"
"REC000296,2025-01-05,H003,MED063,B497710,Receipt,527,PO00059,On Time"
"REC000297,2025-01-05,H003,MED068,B161665,Receipt,1368,PO00059,On Time"
"REC000298,2025-01-05,H003,MED089,B580488,Receipt,1374,PO00059,On Time"
"REC000299,2025-01-07,H003,MED069,B245271,Receipt,1047,PO00060,On Time"
"REC000300,2025-01-07,H003,MED090,B715645,Receipt,1497,PO00060,On Time"
"REC000301,2025-01-04,H004,MED001,B673189,Receipt,1403,PO00061,On Time"
"REC000302,2025-01-04,H004,MED004,B529660,Receipt,925,PO00061,On Time"
"REC000303,2025-01-04,H004,MED006,B886958,Receipt,1194,PO00061,On Time"
"REC000304,2025-01-04,H004,MED061,B494583,Receipt,590,PO00061,On Time"
"REC000305,2025-01-04,H004,MED084,B751844,Receipt,788,PO00061,On Time"
"REC000306,2025-01-07,H004,MED002,B803650,Receipt,689,PO00062,On Time"
"REC000307,2025-01-07,H004,MED005,B817148,Receipt,1451,PO00062,On Time"
"REC000308,2025-01-07,H004,MED063,B990328,Receipt,535,PO00062,On Time"
"REC000309,2025-01-07,H004,MED067,B394923,Receipt,974,PO00062,On Time"
"REC000310,2025-01-07,H004,MED081,B700441,Receipt,547,PO00062,On Time"
"REC000311,2025-01-07,H004,MED082,B134084,Receipt,738,PO00062,On Time"
"REC000312,2025-01-07,H004,MED083,B262982,Receipt,985,PO00062,On Time"
"REC000313,2025-01-05,H004,MED003,B516235,Receipt,568,PO00063,On Time"
"REC000314,2025-01-05,H004,MED007,B658819,Receipt,1071,PO00063,On Time"
"REC000315,2025-01-05,H004,MED064,B949881,Receipt,911,PO00063,On Time"
"REC000316,2025-01-05,H004,MED089,B924899,Receipt,971,PO00063,On Time"
"REC000317,2025-01-05,H004,MED090,B416397,Receipt,1431,PO00063,On Time"
"REC000318,2025-01-07,H004,MED008,B754037,Receipt,862,PO00064,On Time"
"REC000319,2025-01-07,H004,MED009,B354346,Receipt,740,PO00064,On Time"
"REC000320,2025-01-07,H004,MED065,B387681,Receipt,1506,PO00064,On Time"
"REC000321,2025-01-07,H004,MED069,B553105,Receipt,1340,PO00064,On Time"
"REC000322,2025-01-07,H004,MED086,B191658,Receipt,1327,PO00064,On Time"
"REC000323,2025-01-07,H004,MED088,B394054,Receipt,1235,PO00064,On Time"
"REC000324,2025-01-04,H004,MED010,B257661,Receipt,734,PO00065,On Time"
"REC000325,2025-01-04,H004,MED066,B266703,Receipt,1252,PO00065,On Time"
"REC000326,2025-01-04,H004,MED087,B642015,Receipt,728,PO00065,On Time"
"REC000327,2025-01-26,H004,MED011,B106154,Receipt,1215,PO00066,Delayed"
"REC000328,2025-01-26,H004,MED016,B836421,Receipt,715,PO00066,Delayed"
"REC000329,2025-01-26,H004,MED042,B417348,Receipt,1275,PO00066,Delayed"
"REC000330,2025-01-26,H004,MED094,B599499,Receipt,1024,PO00066,Delayed"
"REC000331,2025-01-26,H004,MED098,B450877,Receipt,689,PO00066,Delayed"
"REC000332,2025-02-11,H004,MED012,B264053,Receipt,1408,PO00067,On Time"
"REC000333,2025-02-11,H004,MED023,B241398,Receipt,1456,PO00067,On Time"
"REC000334,2025-02-11,H004,MED031,B667873,Receipt,1504,PO00067,On Time"
"REC000335,2025-02-11,H004,MED048,B975825,Receipt,591,PO00067,On Time"
"REC000336,2025-02-11,H004,MED053,B596758,Receipt,1246,PO00067,On Time"
"REC000337,2025-02-11,H004,MED095,B351051,Receipt,1002,PO00067,On Time"
"REC000338,2025-01-23,H004,MED013,B793919,Receipt,623,PO00068,On Time"
"REC000339,2025-01-23,H004,MED041,B471000,Receipt,862,PO00068,On Time"
"REC000340,2025-01-23,H004,MED051,B896657,Receipt,1253,PO00068,On Time"
"REC000341,2025-01-23,H004,MED055,B530424,Receipt,1136,PO00068,On Time"
"REC000342,2025-01-23,H004,MED091,B655655,Receipt,1282,PO00068,On Time"
"REC000343,2025-01-23,H004,MED097,B935036,Receipt,661,PO00068,On Time"
"REC000344,2025-02-05,H004,MED014,B436585,Receipt,569,PO00069,Delayed"
"REC000345,2025-02-05,H004,MED019,B427025,Receipt,637,PO00069,Delayed"
"REC000346,2025-02-05,H004,MED029,B960563,Receipt,984,PO00069,Delayed"
"REC000347,2025-02-05,H004,MED037,B847512,Receipt,1187,PO00069,Delayed"
"REC000348,2025-02-05,H004,MED049,B633398,Receipt,794,PO00069,Delayed"
"REC000349,2025-02-05,H004,MED054,B386233,Receipt,1019,PO00069,Delayed"
"REC000350,2025-02-05,H004,MED059,B476188,Receipt,742,PO00069,Delayed"
"REC000351,2025-02-05,H004,MED072,B540097,Receipt,613,PO00069,Delayed"
"REC000352,2025-02-05,H004,MED073,B848013,Receipt,728,PO00069,Delayed"
"REC000353,2025-02-05,H004,MED074,B221999,Receipt,1165,PO00069,Delayed"
"REC000354,2025-01-28,H004,MED015,B998792,Receipt,934,PO00070,Delayed"
"REC000355,2025-01-28,H004,MED020,B506845,Receipt,770,PO00070,Delayed"
"REC000356,2025-01-28,H004,MED025,B364500,Receipt,1214,PO00070,Delayed"
"REC000357,2025-01-28,H004,MED052,B900101,Receipt,906,PO00070,Delayed"
"REC000358,2025-01-28,H004,MED079,B506889,Receipt,519,PO00070,Delayed"
"REC000359,2025-01-25,H004,MED017,B109078,Receipt,892,PO00071,On Time"
"REC000360,2025-01-25,H004,MED027,B441705,Receipt,1386,PO00071,On Time"
"REC000361,2025-01-25,H004,MED033,B360116,Receipt,933,PO00071,On Time"
"REC000362,2025-01-25,H004,MED034,B297133,Receipt,527,PO00071,On Time"
"REC000363,2025-01-25,H004,MED038,B505804,Receipt,1436,PO00071,On Time"
"REC000364,2025-01-25,H004,MED043,B441815,Receipt,743,PO00071,On Time"
"REC000365,2025-01-25,H004,MED046,B858842,Receipt,1421,PO00071,On Time"
"REC000366,2025-01-25,H004,MED076,B279785,Receipt,648,PO00071,On Time"
"REC000367,2025-01-25,H004,MED092,B216492,Receipt,1422,PO00071,On Time"
"REC000368,2025-01-25,H004,MED093,B235327,Receipt,755,PO00071,On Time"
"REC000369,2025-01-28,H004,MED018,B495141,Receipt,831,PO00072,On Time"
"REC000370,2025-01-28,H004,MED032,B379922,Receipt,543,PO00072,On Time"
"REC000371,2025-01-28,H004,MED036,B540280,Receipt,1008,PO00072,On Time"
"REC000372,2025-01-28,H004,MED071,B923346,Receipt,1280,PO00072,On Time"
"REC000373,2025-01-28,H004,MED075,B855801,Receipt,789,PO00072,On Time"
"REC000374,2025-01-28,H004,MED077,B934800,Receipt,1461,PO00072,On Time"
"REC000375,2025-01-28,H004,MED080,B265140,Receipt,1441,PO00072,On Time"
"REC000376,2025-01-23,H004,MED021,B198511,Receipt,887,PO00073,On Time"
"REC000377,2025-01-23,H004,MED026,B887093,Receipt,789,PO00073,On Time"
"REC000378,2025-01-23,H004,MED035,B790493,Receipt,876,PO00073,On Time"
"REC000379,2025-01-23,H004,MED039,B444333,Receipt,1486,PO00073,On Time"
"REC000380,2025-01-23,H004,MED078,B732259,Receipt,659,PO00073,On Time"
"REC000381,2025-02-04,H004,MED022,B252360,Receipt,852,PO00074,On Time"
"REC000382,2025-02-04,H004,MED058,B782568,Receipt,790,PO00074,On Time"
"REC000383,2025-02-04,H004,MED060,B983084,Receipt,536,PO00074,On Time"
"REC000384,2025-02-04,H004,MED100,B286994,Receipt,1486,PO00074,On Time"
"REC000385,2025-01-23,H004,MED024,B251094,Receipt,707,PO00075,On Time"
"REC000386,2025-01-23,H004,MED030,B476369,Receipt,1067,PO00075,On Time"
"REC000387,2025-01-23,H004,MED045,B258492,Receipt,585,PO00075,On Time"
"REC000388,2025-01-23,H004,MED047,B348500,Receipt,836,PO00075,On Time"
"REC000389,2025-01-23,H004,MED096,B415507,Receipt,724,PO00075,On Time"
"REC000390,2025-01-23,H004,MED099,B270963,Receipt,1305,PO00075,On Time"
"REC000391,2025-02-03,H004,MED028,B591872,Receipt,874,PO00076,On Time"
"REC000392,2025-02-03,H004,MED040,B119816,Receipt,562,PO00076,On Time"
"REC000393,2025-02-03,H004,MED044,B543324,Receipt,926,PO00076,On Time"
"REC000394,2025-02-03,H004,MED050,B394700,Receipt,1407,PO00076,On Time"
"REC000395,2025-02-03,H004,MED056,B572132,Receipt,1240,PO00076,On Time"
"REC000396,2025-02-03,H004,MED057,B599653,Receipt,719,PO00076,On Time"
"REC000397,2025-01-04,H004,MED062,B127723,Receipt,875,PO00077,On Time"
"REC000398,2025-01-04,H004,MED068,B671107,Receipt,997,PO00078,On Time"
"REC000399,2025-01-04,H004,MED085,B966964,Receipt,839,PO00078,On Time"
"REC000400,2025-01-08,H004,MED070,B159182,Receipt,1211,PO00079,On Time"
"REC000401,2025-01-07,H005,MED001,B796683,Receipt,1046,PO00080,On Time"
"REC000402,2025-01-07,H005,MED089,B173997,Receipt,850,PO00080,On Time"
"REC000403,2025-01-05,H005,MED002,B891327,Receipt,922,PO00081,On Time"
"REC000404,2025-01-05,H005,MED007,B767689,Receipt,1341,PO00081,On Time"
"REC000405,2025-01-05,H005,MED009,B567016,Receipt,804,PO00081,On Time"
"REC000406,2025-01-04,H005,MED003,B618652,Receipt,1012,PO00082,On Time"
"REC000407,2025-01-04,H005,MED065,B245016,Receipt,566,PO00082,On Time"
"REC000408,2025-01-04,H005,MED083,B370143,Receipt,1242,PO00082,On Time"
"REC000409,2025-01-04,H005,MED086,B605659,Receipt,626,PO00082,On Time"
"REC000410,2025-01-04,H005,MED088,B979005,Receipt,1298,PO00082,On Time"
"REC000411,2025-01-07,H005,MED004,B659873,Receipt,1254,PO00083,On Time"
"REC000412,2025-01-07,H005,MED081,B265937,Receipt,704,PO00083,On Time"
"REC000413,2025-01-05,H005,MED005,B798045,Receipt,785,PO00084,On Time"
"REC000414,2025-01-05,H005,MED006,B826331,Receipt,808,PO00084,On Time"
"REC000415,2025-01-05,H005,MED064,B733065,Receipt,908,PO00084,On Time"
"REC000416,2025-01-05,H005,MED067,B731827,Receipt,816,PO00084,On Time"
"REC000417,2025-01-05,H005,MED070,B168099,Receipt,1319,PO00084,On Time"
"REC000418,2025-01-08,H005,MED008,B145033,Receipt,834,PO00085,On Time"
"REC000419,2025-01-08,H005,MED061,B515872,Receipt,649,PO00085,On Time"
"REC000420,2025-01-08,H005,MED066,B898519,Receipt,1460,PO00085,On Time"
"REC000421,2025-01-08,H005,MED090,B411877,Receipt,524,PO00085,On Time"
"REC000422,2025-01-04,H005,MED010,B754801,Receipt,789,PO00086,On Time"
"REC000423,2025-01-04,H005,MED068,B203892,Receipt,922,PO00086,On Time"
"REC000424,2025-01-04,H005,MED069,B688717,Receipt,1330,PO00086,On Time"
"REC000425,2025-01-04,H005,MED082,B577746,Receipt,1338,PO00086,On Time"
"REC000426,2025-01-04,H005,MED087,B686712,Receipt,568,PO00086,On Time"
"REC000427,2025-02-08,H005,MED011,B556956,Receipt,1108,PO00087,Delayed"
"REC000428,2025-02-08,H005,MED035,B513497,Receipt,834,PO00087,Delayed"
"REC000429,2025-02-08,H005,MED044,B248702,Receipt,860,PO00087,Delayed"
"REC000430,2025-02-08,H005,MED059,B968374,Receipt,834,PO00087,Delayed"
"REC000431,2025-02-08,H005,MED060,B680735,Receipt,1037,PO00087,Delayed"
"REC000432,2025-02-08,H005,MED072,B952129,Receipt,886,PO00087,Delayed"
"REC000433,2025-02-08,H005,MED100,B448688,Receipt,1372,PO00087,Delayed"
"REC000434,2025-02-11,H005,MED012,B322317,Receipt,908,PO00088,On Time"
"REC000435,2025-02-11,H005,MED020,B325469,Receipt,771,PO00088,On Time"
"REC000436,2025-02-11,H005,MED024,B282268,Receipt,1250,PO00088,On Time"
"REC000437,2025-02-11,H005,MED076,B761616,Receipt,1438,PO00088,On Time"
"REC000438,2025-02-11,H005,MED078,B702272,Receipt,772,PO00088,On Time"
"REC000439,2025-02-11,H005,MED080,B507688,Receipt,1025,PO00088,On Time"
"REC000440,2025-02-04,H005,MED013,B302380,Receipt,671,PO00089,On Time"
"REC000441,2025-02-04,H005,MED014,B656110,Receipt,1226,PO00089,On Time"
"REC000442,2025-02-04,H005,MED029,B362307,Receipt,1424,PO00089,On Time"
"REC000443,2025-02-04,H005,MED033,B479504,Receipt,1044,PO00089,On Time"
"REC000444,2025-02-04,H005,MED036,B608679,Receipt,1108,PO00089,On Time"
"REC000445,2025-02-04,H005,MED046,B223257,Receipt,1333,PO00089,On Time"
"REC000446,2025-02-04,H005,MED073,B471602,Receipt,1493,PO00089,On Time"
"REC000447,2025-02-04,H005,MED091,B758003,Receipt,925,PO00089,On Time"
"REC000448,2025-02-10,H005,MED015,B325371,Receipt,1410,PO00090,Delayed"
"REC000449,2025-02-10,H005,MED016,B659550,Receipt,718,PO00090,Delayed"
"REC000450,2025-02-10,H005,MED017,B334555,Receipt,901,PO00090,Delayed"
"REC000451,2025-02-10,H005,MED018,B466936,Receipt,585,PO00090,Delayed"
"REC000452,2025-02-10,H005,MED031,B780481,Receipt,1163,PO00090,Delayed"
"REC000453,2025-02-10,H005,MED032,B769416,Receipt,682,PO00090,Delayed"
"REC000454,2025-02-10,H005,MED050,B170119,Receipt,1503,PO00090,Delayed"
"REC000455,2025-02-10,H005,MED051,B963403,Receipt,1039,PO00090,Delayed"
"REC000456,2025-02-10,H005,MED054,B941965,Receipt,1183,PO00090,Delayed"
"REC000457,2025-02-10,H005,MED094,B495755,Receipt,811,PO00090,Delayed"
"REC000458,2025-01-21,H005,MED019,B256104,Receipt,1238,PO00091,On Time"
"REC000459,2025-01-21,H005,MED023,B943441,Receipt,1020,PO00091,On Time"
"REC000460,2025-01-21,H005,MED034,B295713,Receipt,1489,PO00091,On Time"
"REC000461,2025-01-21,H005,MED043,B569511,Receipt,1065,PO00091,On Time"
"REC000462,2025-01-21,H005,MED045,B282051,Receipt,1208,PO00091,On Time"
"REC000463,2025-01-21,H005,MED079,B839290,Receipt,563,PO00091,On Time"
"REC000464,2025-01-21,H005,MED092,B117073,Receipt,591,PO00091,On Time"
"REC000465,2025-01-21,H005,MED095,B351924,Receipt,1177,PO00091,On Time"
"REC000466,2025-01-21,H005,MED096,B380466,Receipt,743,PO00091,On Time"
"REC000467,2025-01-23,H005,MED021,B721827,Receipt,1330,PO00092,On Time"
"REC000468,2025-01-23,H005,MED026,B714106,Receipt,932,PO00092,On Time"
"REC000469,2025-01-23,H005,MED037,B518647,Receipt,620,PO00092,On Time"
"REC000470,2025-01-23,H005,MED038,B323332,Receipt,824,PO00092,On Time"
"REC000471,2025-01-23,H005,MED097,B631633,Receipt,1306,PO00092,On Time"
"REC000472,2025-01-23,H005,MED098,B905878,Receipt,1432,PO00092,On Time"
"REC000473,2025-01-23,H005,MED022,B527387,Receipt,1007,PO00093,On Time"
"REC000474,2025-01-23,H005,MED027,B386166,Receipt,673,PO00093,On Time"
"REC000475,2025-01-23,H005,MED040,B247603,Receipt,1371,PO00093,On Time"
"REC000476,2025-01-23,H005,MED042,B551122,Receipt,864,PO00093,On Time"
"REC000477,2025-01-23,H005,MED047,B518443,Receipt,1041,PO00093,On Time"
"REC000478,2025-01-23,H005,MED048,B212990,Receipt,1174,PO00093,On Time"
"REC000479,2025-01-23,H005,MED049,B670126,Receipt,862,PO00093,On Time"
"REC000480,2025-01-23,H005,MED056,B688316,Receipt,1502,PO00093,On Time"
"REC000481,2025-01-23,H005,MED058,B651332,Receipt,702,PO00093,On Time"
"REC000482,2025-01-23,H005,MED077,B446874,Receipt,1295,PO00093,On Time"
"REC000483,2025-01-23,H005,MED093,B166707,Receipt,1390,PO00093,On Time"
"REC000484,2025-01-28,H005,MED025,B597660,Receipt,524,PO00094,On Time"
"REC000485,2025-01-28,H005,MED075,B869727,Receipt,1455,PO00094,On Time"
"REC000486,2025-01-23,H005,MED028,B737420,Receipt,1405,PO00095,On Time"
"REC000487,2025-01-23,H005,MED030,B384564,Receipt,1126,PO00095,On Time"
"REC000488,2025-01-23,H005,MED052,B224447,Receipt,742,PO00095,On Time"
"REC000489,2025-01-23,H005,MED074,B142092,Receipt,1460,PO00095,On Time"
"REC000490,2025-01-23,H005,MED099,B827067,Receipt,1423,PO00095,On Time"
"REC000491,2025-01-25,H005,MED039,B529440,Receipt,1075,PO00096,On Time"
"REC000492,2025-01-25,H005,MED041,B503082,Receipt,728,PO00096,On Time"
"REC000493,2025-01-28,H005,MED053,B406094,Receipt,1372,PO00097,Delayed"
"REC000494,2025-01-28,H005,MED055,B289784,Receipt,962,PO00097,Delayed"
"REC000495,2025-01-28,H005,MED057,B584814,Receipt,842,PO00097,Delayed"
"REC000496,2025-01-28,H005,MED071,B516441,Receipt,525,PO00097,Delayed"
"REC000497,2025-01-04,H005,MED062,B863711,Receipt,1218,PO00098,On Time"
"REC000498,2025-01-04,H005,MED063,B180102,Receipt,1206,PO00098,On Time"
"REC000499,2025-01-04,H005,MED084,B869605,Receipt,1403,PO00098,On Time"
"REC000500,2025-01-04,H005,MED085,B889271,Receipt,1188,PO00099,On Time"
"REC000501,2025-01-07,H006,MED001,B113140,Receipt,672,PO00100,On Time"
"REC000502,2025-01-07,H006,MED087,B715863,Receipt,1161,PO00100,On Time"
"REC000503,2025-01-07,H006,MED089,B745194,Receipt,1158,PO00100,On Time"
"REC000504,2025-01-04,H006,MED002,B832303,Receipt,827,PO00101,On Time"
"REC000505,2025-01-04,H006,MED081,B703291,Receipt,1326,PO00101,On Time"
"REC000506,2025-01-07,H006,MED003,B550542,Receipt,1494,PO00102,On Time"
"REC000507,2025-01-07,H006,MED009,B557382,Receipt,1417,PO00102,On Time"
"REC000508,2025-01-07,H006,MED010,B620498,Receipt,543,PO00102,On Time"
"REC000509,2025-01-07,H006,MED083,B752667,Receipt,1292,PO00102,On Time"
"REC000510,2025-01-04,H006,MED004,B897232,Receipt,1306,PO00103,On Time"
"REC000511,2025-01-04,H006,MED007,B642777,Receipt,537,PO00103,On Time"
"REC000512,2025-01-04,H006,MED061,B216656,Receipt,1476,PO00103,On Time"
"REC000513,2025-01-04,H006,MED068,B266892,Receipt,981,PO00103,On Time"
"REC000514,2025-01-04,H006,MED082,B115434,Receipt,1301,PO00103,On Time"
"REC000515,2025-01-05,H006,MED005,B688158,Receipt,891,PO00104,On Time"
"REC000516,2025-01-05,H006,MED063,B476742,Receipt,1202,PO00104,On Time"
"REC000517,2025-01-05,H006,MED067,B967780,Receipt,800,PO00104,On Time"
"REC000518,2025-01-05,H006,MED085,B345404,Receipt,1403,PO00104,On Time"
"REC000519,2025-01-05,H006,MED088,B839180,Receipt,1184,PO00104,On Time"
"REC000520,2025-01-05,H006,MED006,B720756,Receipt,840,PO00105,On Time"
"REC000521,2025-01-05,H006,MED008,B375709,Receipt,921,PO00105,On Time"
"REC000522,2025-01-05,H006,MED066,B303196,Receipt,983,PO00105,On Time"
"REC000523,2025-01-05,H006,MED069,B539953,Receipt,600,PO00105,On Time"
"REC000524,2025-01-05,H006,MED090,B303199,Receipt,966,PO00105,On Time"
"REC000525,2025-02-04,H006,MED011,B962371,Receipt,1060,PO00106,On Time"
"REC000526,2025-02-04,H006,MED028,B394746,Receipt,804,PO00106,On Time"
"REC000527,2025-02-04,H006,MED053,B964434,Receipt,518,PO00106,On Time"
"REC000528,2025-02-04,H006,MED057,B474226,Receipt,1052,PO00106,On Time"
"REC000529,2025-02-04,H006,MED059,B982487,Receipt,659,PO00106,On Time"
"REC000530,2025-02-04,H006,MED075,B986364,Receipt,1296,PO00106,On Time"
"REC000531,2025-01-28,H006,MED012,B271918,Receipt,672,PO00107,On Time"
"REC000532,2025-01-28,H006,MED021,B395138,Receipt,1037,PO00107,On Time"
"REC000533,2025-01-28,H006,MED024,B887019,Receipt,867,PO00107,On Time"
"REC000534,2025-01-28,H006,MED035,B909178,Receipt,791,PO00107,On Time"
"REC000535,2025-01-28,H006,MED044,B225149,Receipt,630,PO00107,On Time"
"REC000536,2025-01-28,H006,MED072,B972552,Receipt,1443,PO00107,On Time"
"REC000537,2025-01-28,H006,MED076,B349768,Receipt,958,PO00107,On Time"
"REC000538,2025-01-28,H006,MED079,B572501,Receipt,544,PO00107,On Time"
"REC000539,2025-01-28,H006,MED100,B967964,Receipt,1084,PO00107,On Time"
"REC000540,2025-02-01,H006,MED013,B180257,Receipt,1220,PO00108,On Time"
"REC000541,2025-02-01,H006,MED038,B346183,Receipt,826,PO00108,On Time"
"REC000542,2025-02-01,H006,MED054,B655083,Receipt,870,PO00108,On Time"
"REC000543,2025-02-01,H006,MED099,B624426,Receipt,514,PO00108,On Time"
"REC000544,2025-01-25,H006,MED014,B310545,Receipt,1243,PO00109,On Time"
"REC000545,2025-01-25,H006,MED029,B305735,Receipt,884,PO00109,On Time"
"REC000546,2025-01-25,H006,MED032,B212782,Receipt,1397,PO00109,On Time"
"REC000547,2025-01-25,H006,MED036,B757957,Receipt,1106,PO00109,On Time"
"REC000548,2025-01-25,H006,MED039,B615693,Receipt,635,PO00109,On Time"
"REC000549,2025-01-25,H006,MED043,B408877,Receipt,799,PO00109,On Time"
"REC000550,2025-01-25,H006,MED046,B385711,Receipt,520,PO00109,On Time"
"REC000551,2025-01-25,H006,MED049,B971868,Receipt,547,PO00109,On Time"
"REC000552,2025-01-25,H006,MED060,B849971,Receipt,816,PO00109,On Time"
"REC000553,2025-01-25,H006,MED071,B537625,Receipt,805,PO00109,On Time"
"REC000554,2025-01-25,H006,MED077,B953966,Receipt,1165,PO00109,On Time"
"REC000555,2025-01-25,H006,MED091,B215598,Receipt,543,PO00109,On Time"
"REC000556,2025-01-25,H006,MED097,B150098,Receipt,618,PO00109,On Time"
"REC000557,2025-02-03,H006,MED015,B919812,Receipt,1393,PO00110,On Time"
"REC000558,2025-02-03,H006,MED018,B613012,Receipt,849,PO00110,On Time"
"REC000559,2025-02-03,H006,MED040,B803814,Receipt,669,PO00110,On Time"
"REC000560,2025-02-03,H006,MED056,B626549,Receipt,933,PO00110,On Time"
"REC000561,2025-02-03,H006,MED092,B253124,Receipt,815,PO00110,On Time"
"REC000562,2025-01-23,H006,MED016,B139901,Receipt,1231,PO00111,On Time"
"REC000563,2025-01-23,H006,MED023,B257547,Receipt,751,PO00111,On Time"
"REC000564,2025-01-23,H006,MED033,B410925,Receipt,571,PO00111,On Time"
"REC000565,2025-01-23,H006,MED041,B216219,Receipt,1336,PO00111,On Time"
"REC000566,2025-01-23,H006,MED047,B285378,Receipt,728,PO00111,On Time"
"REC000567,2025-01-23,H006,MED055,B897622,Receipt,1311,PO00111,On Time"
"REC000568,2025-01-23,H006,MED096,B233004,Receipt,1396,PO00111,On Time"
"REC000569,2025-02-11,H006,MED017,B687275,Receipt,622,PO00112,On Time"
"REC000570,2025-02-11,H006,MED019,B298137,Receipt,1472,PO00112,On Time"
"REC000571,2025-02-11,H006,MED022,B262002,Receipt,1447,PO00112,On Time"
"REC000572,2025-02-11,H006,MED026,B276168,Receipt,1157,PO00112,On Time"
"REC000573,2025-02-11,H006,MED037,B802098,Receipt,762,PO00112,On Time"
"REC000574,2025-02-11,H006,MED051,B433997,Receipt,805,PO00112,On Time"
"REC000575,2025-01-25,H006,MED020,B339968,Receipt,1040,PO00113,Delayed"
"REC000576,2025-01-25,H006,MED027,B439119,Receipt,608,PO00113,Delayed"
"REC000577,2025-01-25,H006,MED030,B138547,Receipt,832,PO00113,Delayed"
"REC000578,2025-01-25,H006,MED031,B356190,Receipt,742,PO00113,Delayed"
"REC000579,2025-01-25,H006,MED074,B801979,Receipt,1442,PO00113,Delayed"
"REC000580,2025-01-24,H006,MED025,B191353,Receipt,690,PO00114,Delayed"
"REC000581,2025-01-24,H006,MED034,B915948,Receipt,964,PO00114,Delayed"
"REC000582,2025-01-24,H006,MED042,B524871,Receipt,1471,PO00114,Delayed"
"REC000583,2025-01-24,H006,MED050,B582604,Receipt,931,PO00114,Delayed"
"REC000584,2025-01-24,H006,MED058,B561552,Receipt,1494,PO00114,Delayed"
"REC000585,2025-01-24,H006,MED094,B906970,Receipt,1278,PO00114,Delayed"
"REC000586,2025-01-24,H006,MED095,B336527,Receipt,877,PO00114,Delayed"
"REC000587,2025-01-22,H006,MED045,B376993,Receipt,1271,PO00115,Delayed"
"REC000588,2025-01-22,H006,MED048,B805860,Receipt,1500,PO00115,Delayed"
"REC000589,2025-01-22,H006,MED073,B961069,Receipt,1371,PO00115,Delayed"
"REC000590,2025-01-22,H006,MED080,B792148,Receipt,1391,PO00115,Delayed"
"REC000591,2025-01-22,H006,MED093,B785763,Receipt,802,PO00115,Delayed"
"REC000592,2025-01-24,H006,MED052,B188668,Receipt,1144,PO00116,Delayed"
"REC000593,2025-01-24,H006,MED078,B336440,Receipt,797,PO00116,Delayed"
"REC000594,2025-01-24,H006,MED098,B825753,Receipt,1406,PO00116,Delayed"
"REC000595,2025-01-04,H006,MED062,B282024,Receipt,1118,PO00117,On Time"
"REC000596,2025-01-04,H006,MED065,B947467,Receipt,1010,PO00117,On Time"
"REC000597,2025-01-04,H006,MED064,B855181,Receipt,676,PO00118,On Time"
"REC000598,2025-01-04,H006,MED070,B658830,Receipt,1449,PO00118,On Time"
"REC000599,2025-01-04,H006,MED086,B278570,Receipt,1180,PO00118,On Time"
"REC000600,2025-01-08,H006,MED084,B532548,Receipt,981,PO00119,On Time"
"REC000601,2025-01-07,H007,MED001,B971522,Receipt,674,PO00120,On Time"
"REC000602,2025-01-07,H007,MED005,B191088,Receipt,962,PO00120,On Time"
"REC000603,2025-01-07,H007,MED007,B195071,Receipt,1155,PO00120,On Time"
"REC000604,2025-01-05,H007,MED002,B702276,Receipt,1195,PO00121,On Time"
"REC000605,2025-01-05,H007,MED004,B912853,Receipt,1436,PO00121,On Time"
"REC000606,2025-01-05,H007,MED008,B521280,Receipt,960,PO00121,On Time"
"REC000607,2025-01-05,H007,MED063,B549763,Receipt,712,PO00121,On Time"
"REC000608,2025-01-04,H007,MED003,B921860,Receipt,701,PO00122,On Time"
"REC000609,2025-01-04,H007,MED067,B862371,Receipt,942,PO00122,On Time"
"REC000610,2025-01-04,H007,MED081,B128328,Receipt,1071,PO00122,On Time"
"REC000611,2025-01-04,H007,MED083,B950193,Receipt,1436,PO00122,On Time"
"REC000612,2025-01-04,H007,MED086,B316204,Receipt,638,PO00122,On Time"
"REC000613,2025-01-04,H007,MED087,B514758,Receipt,605,PO00122,On Time"
"REC000614,2025-01-04,H007,MED090,B687515,Receipt,974,PO00122,On Time"
"REC000615,2025-01-05,H007,MED006,B591024,Receipt,1094,PO00123,Delayed"
"REC000616,2025-01-05,H007,MED064,B914038,Receipt,1291,PO00123,Delayed"
"REC000617,2025-01-05,H007,MED082,B697690,Receipt,1250,PO00123,Delayed"
"REC000618,2025-01-05,H007,MED084,B228389,Receipt,911,PO00123,Delayed"
"REC000619,2025-01-05,H007,MED085,B521217,Receipt,530,PO00123,Delayed"
"REC000620,2025-01-05,H007,MED088,B599797,Receipt,1300,PO00123,Delayed"
"REC000621,2025-01-05,H007,MED089,B239227,Receipt,1459,PO00123,Delayed"
"REC000622,2025-01-04,H007,MED009,B692632,Receipt,1504,PO00124,On Time"
"REC000623,2025-01-04,H007,MED069,B968584,Receipt,998,PO00124,On Time"
"REC000624,2025-01-05,H007,MED010,B587505,Receipt,1492,PO00125,On Time"
"REC000625,2025-01-05,H007,MED061,B927424,Receipt,1459,PO00125,On Time"
"REC000626,2025-01-05,H007,MED070,B213688,Receipt,1505,PO00125,On Time"
"REC000627,2025-02-01,H007,MED011,B808770,Receipt,969,PO00126,On Time"
"REC000628,2025-02-01,H007,MED014,B585662,Receipt,807,PO00126,On Time"
"REC000629,2025-02-01,H007,MED039,B596043,Receipt,1277,PO00126,On Time"
"REC000630,2025-02-01,H007,MED053,B388816,Receipt,988,PO00126,On Time"
"REC000631,2025-02-01,H007,MED058,B464662,Receipt,642,PO00126,On Time"
"REC000632,2025-01-28,H007,MED012,B364528,Receipt,847,PO00127,Delayed"
"REC000633,2025-01-28,H007,MED022,B632893,Receipt,571,PO00127,Delayed"
"REC000634,2025-01-28,H007,MED033,B957558,Receipt,1491,PO00127,Delayed"
"REC000635,2025-01-28,H007,MED051,B345739,Receipt,841,PO00127,Delayed"
"REC000636,2025-01-28,H007,MED056,B807173,Receipt,1353,PO00127,Delayed"
"REC000637,2025-01-28,H007,MED072,B656718,Receipt,886,PO00127,Delayed"
"REC000638,2025-01-28,H007,MED095,B732413,Receipt,653,PO00127,Delayed"
"REC000639,2025-01-28,H007,MED099,B742762,Receipt,853,PO00127,Delayed"
"REC000640,2025-01-23,H007,MED013,B804293,Receipt,699,PO00128,On Time"
"REC000641,2025-01-23,H007,MED024,B563937,Receipt,1260,PO00128,On Time"
"REC000642,2025-01-23,H007,MED032,B114743,Receipt,853,PO00128,On Time"
"REC000643,2025-01-23,H007,MED037,B834983,Receipt,1162,PO00128,On Time"
"REC000644,2025-01-23,H007,MED055,B660897,Receipt,1120,PO00128,On Time"
"REC000645,2025-01-23,H007,MED075,B593216,Receipt,569,PO00128,On Time"
"REC000646,2025-01-23,H007,MED097,B873210,Receipt,899,PO00128,On Time"
"REC000647,2025-02-11,H007,MED015,B317770,Receipt,627,PO00129,On Time"
"REC000648,2025-02-11,H007,MED060,B348552,Receipt,1150,PO00129,On Time"
"REC000649,2025-02-08,H007,MED016,B767304,Receipt,1155,PO00130,Delayed"
"REC000650,2025-02-08,H007,MED021,B849078,Receipt,1279,PO00130,Delayed"
"REC000651,2025-02-08,H007,MED031,B649523,Receipt,1167,PO00130,Delayed"
"REC000652,2025-02-08,H007,MED038,B468266,Receipt,1261,PO00130,Delayed"
"REC000653,2025-02-08,H007,MED057,B983096,Receipt,898,PO00130,Delayed"
"REC000654,2025-02-08,H007,MED071,B811111,Receipt,1099,PO00130,Delayed"
"REC000655,2025-02-08,H007,MED076,B595164,Receipt,995,PO00130,Delayed"
"REC000656,2025-02-08,H007,MED078,B953900,Receipt,966,PO00130,Delayed"
"REC000657,2025-02-08,H007,MED079,B667815,Receipt,1418,PO00130,Delayed"
"REC000658,2025-02-08,H007,MED096,B905581,Receipt,1432,PO00130,Delayed"
"REC000659,2025-01-25,H007,MED017,B177842,Receipt,1207,PO00131,On Time"
"REC000660,2025-01-25,H007,MED046,B691202,Receipt,640,PO00131,On Time"
"REC000661,2025-02-07,H007,MED018,B766246,Receipt,954,PO00132,Delayed"
"REC000662,2025-02-07,H007,MED023,B685676,Receipt,760,PO00132,Delayed"
"REC000663,2025-02-07,H007,MED026,B851518,Receipt,777,PO00132,Delayed"
"REC000664,2025-02-07,H007,MED029,B222258,Receipt,1182,PO00132,Delayed"
"REC000665,2025-02-07,H007,MED035,B976110,Receipt,588,PO00132,Delayed"
"REC000666,2025-02-07,H007,MED041,B865348,Receipt,1176,PO00132,Delayed"
"REC000667,2025-02-07,H007,MED042,B716410,Receipt,766,PO00132,Delayed"
"REC000668,2025-02-07,H007,MED052,B436227,Receipt,1413,PO00132,Delayed"
"REC000669,2025-02-07,H007,MED059,B889177,Receipt,795,PO00132,Delayed"
"REC000670,2025-02-07,H007,MED091,B782773,Receipt,954,PO00132,Delayed"
"REC000671,2025-01-23,H007,MED019,B881198,Receipt,1345,PO00133,On Time"
"REC000672,2025-01-23,H007,MED034,B268785,Receipt,831,PO00133,On Time"
"REC000673,2025-01-23,H007,MED043,B916228,Receipt,750,PO00133,On Time"
"REC000674,2025-01-23,H007,MED047,B940552,Receipt,579,PO00133,On Time"
"REC000675,2025-01-23,H007,MED073,B118990,Receipt,747,PO00133,On Time"
"REC000676,2025-01-23,H007,MED077,B931037,Receipt,1497,PO00133,On Time"
"REC000677,2025-01-23,H007,MED100,B405505,Receipt,1051,PO00133,On Time"
"REC000678,2025-01-28,H007,MED020,B534376,Receipt,942,PO00134,On Time"
"REC000679,2025-01-28,H007,MED025,B861019,Receipt,1308,PO00134,On Time"
"REC000680,2025-01-28,H007,MED048,B126654,Receipt,1436,PO00134,On Time"
"REC000681,2025-01-28,H007,MED080,B565226,Receipt,1133,PO00134,On Time"
"REC000682,2025-01-28,H007,MED092,B445740,Receipt,1345,PO00134,On Time"
"REC000683,2025-01-28,H007,MED094,B192764,Receipt,986,PO00134,On Time"
"REC000684,2025-01-28,H007,MED098,B780089,Receipt,1063,PO00134,On Time"
"REC000685,2025-01-21,H007,MED027,B223853,Receipt,1052,PO00135,On Time"
"REC000686,2025-01-21,H007,MED040,B191218,Receipt,1353,PO00135,On Time"
"REC000687,2025-01-21,H007,MED045,B487881,Receipt,1314,PO00135,On Time"
"REC000688,2025-01-21,H007,MED050,B972328,Receipt,675,PO00135,On Time"
"REC000689,2025-01-21,H007,MED054,B233172,Receipt,680,PO00135,On Time"
"REC000690,2025-01-21,H007,MED074,B902673,Receipt,1153,PO00135,On Time"
"REC000691,2025-01-21,H007,MED093,B512918,Receipt,543,PO00135,On Time"
"REC000692,2025-01-23,H007,MED028,B914886,Receipt,815,PO00136,On Time"
"REC000693,2025-01-23,H007,MED030,B378710,Receipt,1164,PO00136,On Time"
"REC000694,2025-01-23,H007,MED036,B937393,Receipt,1293,PO00136,On Time"
"REC000695,2025-01-23,H007,MED044,B961789,Receipt,556,PO00136,On Time"
"REC000696,2025-01-23,H007,MED049,B227927,Receipt,1044,PO00136,On Time"
"REC000697,2025-01-08,H007,MED062,B499371,Receipt,610,PO00137,On Time"
"REC000698,2025-01-08,H007,MED065,B878883,Receipt,628,PO00137,On Time"
"REC000699,2025-01-08,H007,MED066,B187265,Receipt,738,PO00137,On Time"
"REC000700,2025-01-07,H007,MED068,B436851,Receipt,1007,PO00138,On Time"
"REC000701,2025-01-11,H008,MED001,B811935,Receipt,754,PO00139,Delayed"
"REC000702,2025-01-11,H008,MED061,B821755,Receipt,1286,PO00139,Delayed"
"REC000703,2025-01-11,H008,MED065,B838464,Receipt,1441,PO00139,Delayed"
"REC000704,2025-01-08,H008,MED002,B357906,Receipt,1440,PO00140,On Time"
"REC000705,2025-01-08,H008,MED004,B174601,Receipt,1119,PO00140,On Time"
"REC000706,2025-01-08,H008,MED010,B399188,Receipt,789,PO00140,On Time"
"REC000707,2025-01-04,H008,MED003,B728889,Receipt,1463,PO00141,On Time"
"REC000708,2025-01-04,H008,MED084,B156358,Receipt,591,PO00141,On Time"
"REC000709,2025-01-04,H008,MED090,B199977,Receipt,861,PO00141,On Time"
"REC000710,2025-01-04,H008,MED005,B882215,Receipt,896,PO00142,On Time"
"REC000711,2025-01-04,H008,MED067,B737431,Receipt,1157,PO00142,On Time"
"REC000712,2025-01-05,H008,MED006,B291387,Receipt,892,PO00143,On Time"
"REC000713,2025-01-05,H008,MED008,B372919,Receipt,1213,PO00143,On Time"
"REC000714,2025-01-05,H008,MED066,B953329,Receipt,887,PO00143,On Time"
"REC000715,2025-01-05,H008,MED070,B979140,Receipt,1094,PO00143,On Time"
"REC000716,2025-01-05,H008,MED083,B123408,Receipt,826,PO00143,On Time"
"REC000717,2025-01-05,H008,MED085,B622710,Receipt,1238,PO00143,On Time"
"REC000718,2025-01-04,H008,MED007,B453646,Receipt,1383,PO00144,On Time"
"REC000719,2025-01-04,H008,MED063,B989855,Receipt,1281,PO00144,On Time"
"REC000720,2025-01-04,H008,MED064,B212935,Receipt,873,PO00144,On Time"
"REC000721,2025-01-07,H008,MED009,B107415,Receipt,751,PO00145,On Time"
"REC000722,2025-01-07,H008,MED087,B613942,Receipt,936,PO00145,On Time"
"REC000723,2025-02-01,H008,MED011,B596965,Receipt,1346,PO00146,On Time"
"REC000724,2025-02-01,H008,MED034,B510482,Receipt,738,PO00146,On Time"
"REC000725,2025-02-01,H008,MED045,B495204,Receipt,1029,PO00146,On Time"
"REC000726,2025-02-01,H008,MED050,B161842,Receipt,580,PO00146,On Time"
"REC000727,2025-02-01,H008,MED056,B797411,Receipt,1321,PO00146,On Time"
"REC000728,2025-02-01,H008,MED059,B702801,Receipt,631,PO00146,On Time"
"REC000729,2025-02-01,H008,MED060,B588067,Receipt,1351,PO00146,On Time"
"REC000730,2025-02-01,H008,MED095,B811413,Receipt,601,PO00146,On Time"
"REC000731,2025-01-23,H008,MED012,B924834,Receipt,1146,PO00147,On Time"
"REC000732,2025-01-23,H008,MED027,B808672,Receipt,927,PO00147,On Time"
"REC000733,2025-01-23,H008,MED037,B247595,Receipt,1079,PO00147,On Time"
"REC000734,2025-01-23,H008,MED040,B501062,Receipt,1129,PO00147,On Time"
"REC000735,2025-01-23,H008,MED054,B948692,Receipt,1343,PO00147,On Time"
"REC000736,2025-01-23,H008,MED075,B653781,Receipt,1496,PO00147,On Time"
"REC000737,2025-01-23,H008,MED076,B397986,Receipt,1087,PO00147,On Time"
"REC000738,2025-01-23,H008,MED091,B886086,Receipt,1184,PO00147,On Time"
"REC000739,2025-02-04,H008,MED013,B840389,Receipt,1497,PO00148,On Time"
"REC000740,2025-02-04,H008,MED014,B151001,Receipt,644,PO00148,On Time"
"REC000741,2025-02-04,H008,MED020,B351514,Receipt,1119,PO00148,On Time"
"REC000742,2025-02-04,H008,MED022,B484193,Receipt,970,PO00148,On Time"
"REC000743,2025-02-04,H008,MED024,B622552,Receipt,560,PO00148,On Time"
"REC000744,2025-02-04,H008,MED025,B645932,Receipt,1204,PO00148,On Time"
"REC000745,2025-02-04,H008,MED033,B746238,Receipt,982,PO00148,On Time"
"REC000746,2025-02-04,H008,MED035,B386479,Receipt,1450,PO00148,On Time"
"REC000747,2025-02-04,H008,MED038,B254692,Receipt,1147,PO00148,On Time"
"REC000748,2025-02-04,H008,MED043,B719064,Receipt,545,PO00148,On Time"
"REC000749,2025-02-04,H008,MED046,B843088,Receipt,1203,PO00148,On Time"
"REC000750,2025-02-14,H008,MED015,B654394,Receipt,1159,PO00149,Delayed"
"REC000751,2025-02-14,H008,MED018,B178077,Receipt,874,PO00149,Delayed"
"REC000752,2025-02-14,H008,MED019,B913560,Receipt,755,PO00149,Delayed"
"REC000753,2025-02-14,H008,MED021,B535928,Receipt,1034,PO00149,Delayed"
"REC000754,2025-02-14,H008,MED023,B512672,Receipt,965,PO00149,Delayed"
"REC000755,2025-02-14,H008,MED055,B888245,Receipt,1273,PO00149,Delayed"
"REC000756,2025-01-23,H008,MED016,B327189,Receipt,758,PO00150,On Time"
"REC000757,2025-01-23,H008,MED026,B403664,Receipt,1208,PO00150,On Time"
"REC000758,2025-01-23,H008,MED029,B471513,Receipt,622,PO00150,On Time"
"REC000759,2025-01-23,H008,MED049,B130949,Receipt,1387,PO00150,On Time"
"REC000760,2025-01-23,H008,MED057,B570435,Receipt,773,PO00150,On Time"
"REC000761,2025-01-23,H008,MED058,B393125,Receipt,1491,PO00150,On Time"
"REC000762,2025-01-23,H008,MED078,B935825,Receipt,1353,PO00150,On Time"
"REC000763,2025-01-23,H008,MED097,B184607,Receipt,845,PO00150,On Time"
"REC000764,2025-02-03,H008,MED017,B419759,Receipt,1175,PO00151,On Time"
"REC000765,2025-02-03,H008,MED036,B434971,Receipt,1011,PO00151,On Time"
"REC000766,2025-02-03,H008,MED053,B653372,Receipt,618,PO00151,On Time"
"REC000767,2025-02-03,H008,MED072,B798787,Receipt,1379,PO00151,On Time"
"REC000768,2025-02-03,H008,MED074,B834412,Receipt,1133,PO00151,On Time"
"REC000769,2025-02-03,H008,MED096,B504015,Receipt,1142,PO00151,On Time"
"REC000770,2025-02-03,H008,MED100,B747418,Receipt,893,PO00151,On Time"
"REC000771,2025-01-28,H008,MED028,B435299,Receipt,875,PO00152,On Time"
"REC000772,2025-01-28,H008,MED030,B259034,Receipt,1160,PO00152,On Time"
"REC000773,2025-01-28,H008,MED031,B472047,Receipt,1029,PO00152,On Time"
"REC000774,2025-01-28,H008,MED052,B719055,Receipt,937,PO00152,On Time"
"REC000775,2025-01-28,H008,MED098,B755129,Receipt,1153,PO00152,On Time"
"REC000776,2025-01-26,H008,MED032,B397675,Receipt,1337,PO00153,Delayed"
"REC000777,2025-01-26,H008,MED042,B647219,Receipt,1328,PO00153,Delayed"
"REC000778,2025-01-26,H008,MED044,B503777,Receipt,1448,PO00153,Delayed"
"REC000779,2025-01-26,H008,MED073,B959665,Receipt,722,PO00153,Delayed"
"REC000780,2025-01-26,H008,MED092,B407086,Receipt,1114,PO00153,Delayed"
"REC000781,2025-01-26,H008,MED093,B115534,Receipt,1355,PO00153,Delayed"
"REC000782,2025-01-26,H008,MED094,B858761,Receipt,612,PO00153,Delayed"
"REC000783,2025-01-23,H008,MED039,B742927,Receipt,1334,PO00154,On Time"
"REC000784,2025-01-23,H008,MED041,B175277,Receipt,739,PO00154,On Time"
"REC000785,2025-01-23,H008,MED047,B656376,Receipt,671,PO00154,On Time"
"REC000786,2025-01-23,H008,MED071,B616540,Receipt,1487,PO00154,On Time"
"REC000787,2025-01-23,H008,MED079,B752416,Receipt,698,PO00154,On Time"
"REC000788,2025-01-23,H008,MED080,B758966,Receipt,570,PO00154,On Time"
"REC000789,2025-01-23,H008,MED099,B453076,Receipt,1336,PO00154,On Time"
"REC000790,2025-01-21,H008,MED048,B235189,Receipt,698,PO00155,On Time"
"REC000791,2025-01-21,H008,MED051,B868917,Receipt,1437,PO00155,On Time"
"REC000792,2025-01-07,H008,MED062,B818316,Receipt,1161,PO00156,Delayed"
"REC000793,2025-01-07,H008,MED069,B108024,Receipt,1366,PO00156,Delayed"
"REC000794,2025-01-07,H008,MED081,B867286,Receipt,655,PO00156,Delayed"
"REC000795,2025-01-07,H008,MED088,B639243,Receipt,839,PO00156,Delayed"
"REC000796,2025-01-07,H008,MED068,B996749,Receipt,1462,PO00157,On Time"
"REC000797,2025-01-07,H008,MED082,B859785,Receipt,1430,PO00157,On Time"
"REC000798,2025-01-07,H008,MED086,B979854,Receipt,1365,PO00157,On Time"
"REC000799,2025-01-07,H008,MED089,B694557,Receipt,1106,PO00157,On Time"
"REC000800,2025-01-23,H008,MED077,B375796,Receipt,733,PO00158,On Time"
"REC000801,2025-01-08,H009,MED001,B523291,Receipt,916,PO00159,On Time"
"REC000802,2025-01-08,H009,MED063,B452365,Receipt,594,PO00159,On Time"
"REC000803,2025-01-08,H009,MED064,B969001,Receipt,1107,PO00159,On Time"
"REC000804,2025-01-08,H009,MED067,B800033,Receipt,1000,PO00159,On Time"
"REC000805,2025-01-08,H009,MED087,B902348,Receipt,1363,PO00159,On Time"
"REC000806,2025-01-04,H009,MED002,B945623,Receipt,740,PO00160,On Time"
"REC000807,2025-01-04,H009,MED066,B924657,Receipt,716,PO00160,On Time"
"REC000808,2025-01-04,H009,MED086,B334196,Receipt,1056,PO00160,On Time"
"REC000809,2025-01-04,H009,MED090,B547244,Receipt,1163,PO00160,On Time"
"REC000810,2025-01-04,H009,MED003,B668242,Receipt,735,PO00161,On Time"
"REC000811,2025-01-04,H009,MED009,B585097,Receipt,906,PO00161,On Time"
"REC000812,2025-01-04,H009,MED081,B181972,Receipt,651,PO00161,On Time"
"REC000813,2025-01-04,H009,MED085,B112100,Receipt,1333,PO00161,On Time"
"REC000814,2025-01-04,H009,MED089,B963917,Receipt,909,PO00161,On Time"
"REC000815,2025-01-05,H009,MED004,B280882,Receipt,1137,PO00162,On Time"
"REC000816,2025-01-05,H009,MED061,B102775,Receipt,1519,PO00162,On Time"
"REC000817,2025-01-05,H009,MED068,B897124,Receipt,541,PO00162,On Time"
"REC000818,2025-01-05,H009,MED083,B425437,Receipt,909,PO00162,On Time"
"REC000819,2025-01-04,H009,MED005,B169300,Receipt,1209,PO00163,On Time"
"REC000820,2025-01-04,H009,MED069,B814647,Receipt,966,PO00163,On Time"
"REC000821,2025-01-04,H009,MED070,B578454,Receipt,1055,PO00163,On Time"
"REC000822,2025-01-04,H009,MED088,B116279,Receipt,1444,PO00163,On Time"
"REC000823,2025-01-05,H009,MED006,B927585,Receipt,963,PO00164,On Time"
"REC000824,2025-01-05,H009,MED007,B307139,Receipt,1429,PO00164,On Time"
"REC000825,2025-01-05,H009,MED008,B892908,Receipt,756,PO00164,On Time"
"REC000826,2025-01-05,H009,MED082,B592239,Receipt,806,PO00164,On Time"
"REC000827,2025-01-05,H009,MED084,B543066,Receipt,1268,PO00164,On Time"
"REC000828,2025-01-07,H009,MED010,B145095,Receipt,830,PO00165,On Time"
"REC000829,2025-02-11,H009,MED011,B450067,Receipt,1115,PO00166,On Time"
"REC000830,2025-02-11,H009,MED014,B345144,Receipt,1088,PO00166,On Time"
"REC000831,2025-02-11,H009,MED025,B821818,Receipt,1008,PO00166,On Time"
"REC000832,2025-02-11,H009,MED026,B750102,Receipt,1145,PO00166,On Time"
"REC000833,2025-02-11,H009,MED027,B915495,Receipt,637,PO00166,On Time"
"REC000834,2025-02-11,H009,MED029,B225829,Receipt,986,PO00166,On Time"
"REC000835,2025-02-11,H009,MED039,B700600,Receipt,990,PO00166,On Time"
"REC000836,2025-02-11,H009,MED040,B529505,Receipt,1449,PO00166,On Time"
"REC000837,2025-02-11,H009,MED041,B839538,Receipt,514,PO00166,On Time"
"REC000838,2025-02-11,H009,MED049,B428821,Receipt,1357,PO00166,On Time"
"REC000839,2025-02-11,H009,MED054,B515466,Receipt,1268,PO00166,On Time"
"REC000840,2025-02-11,H009,MED056,B798148,Receipt,1334,PO00166,On Time"
"REC000841,2025-02-11,H009,MED080,B932583,Receipt,595,PO00166,On Time"
"REC000842,2025-02-11,H009,MED098,B331182,Receipt,1355,PO00166,On Time"
"REC000843,2025-01-23,H009,MED012,B427069,Receipt,1006,PO00167,On Time"
"REC000844,2025-01-23,H009,MED035,B998035,Receipt,546,PO00167,On Time"
"REC000845,2025-01-23,H009,MED045,B591006,Receipt,714,PO00167,On Time"
"REC000846,2025-01-23,H009,MED058,B507931,Receipt,1330,PO00167,On Time"
"REC000847,2025-01-23,H009,MED093,B537585,Receipt,611,PO00167,On Time"
"REC000848,2025-02-01,H009,MED013,B756030,Receipt,1116,PO00168,On Time"
"REC000849,2025-02-01,H009,MED016,B973030,Receipt,916,PO00168,On Time"
"REC000850,2025-02-01,H009,MED024,B310048,Receipt,683,PO00168,On Time"
"REC000851,2025-02-01,H009,MED033,B436986,Receipt,660,PO00168,On Time"
"REC000852,2025-02-01,H009,MED060,B969446,Receipt,734,PO00168,On Time"
"REC000853,2025-02-01,H009,MED077,B897583,Receipt,767,PO00168,On Time"
"REC000854,2025-01-21,H009,MED015,B201158,Receipt,1080,PO00169,On Time"
"REC000855,2025-01-21,H009,MED094,B441558,Receipt,1429,PO00169,On Time"
"REC000856,2025-01-29,H009,MED017,B903806,Receipt,1408,PO00170,Delayed"
"REC000857,2025-01-29,H009,MED038,B799746,Receipt,1232,PO00170,Delayed"
"REC000858,2025-01-29,H009,MED057,B811943,Receipt,797,PO00170,Delayed"
"REC000859,2025-01-29,H009,MED071,B876372,Receipt,1106,PO00170,Delayed"
"REC000860,2025-01-29,H009,MED072,B395599,Receipt,1051,PO00170,Delayed"
"REC000861,2025-01-29,H009,MED074,B593960,Receipt,579,PO00170,Delayed"
"REC000862,2025-01-29,H009,MED079,B966491,Receipt,967,PO00170,Delayed"
"REC000863,2025-01-29,H009,MED095,B394067,Receipt,1491,PO00170,Delayed"
"REC000864,2025-01-24,H009,MED018,B388213,Receipt,1019,PO00171,Delayed"
"REC000865,2025-01-24,H009,MED019,B919253,Receipt,1041,PO00171,Delayed"
"REC000866,2025-01-24,H009,MED032,B921935,Receipt,1102,PO00171,Delayed"
"REC000867,2025-01-24,H009,MED046,B958950,Receipt,723,PO00171,Delayed"
"REC000868,2025-01-24,H009,MED053,B776479,Receipt,836,PO00171,Delayed"
"REC000869,2025-01-24,H009,MED075,B805356,Receipt,1485,PO00171,Delayed"
"REC000870,2025-01-24,H009,MED092,B297478,Receipt,833,PO00171,Delayed"
"REC000871,2025-01-24,H009,MED097,B568011,Receipt,1172,PO00171,Delayed"
"REC000872,2025-02-03,H009,MED020,B795532,Receipt,792,PO00172,On Time"
"REC000873,2025-02-03,H009,MED022,B149522,Receipt,519,PO00172,On Time"
"REC000874,2025-02-03,H009,MED028,B564462,Receipt,1155,PO00172,On Time"
"REC000875,2025-02-03,H009,MED030,B722334,Receipt,1084,PO00172,On Time"
"REC000876,2025-02-03,H009,MED031,B967591,Receipt,1234,PO00172,On Time"
"REC000877,2025-02-03,H009,MED042,B908596,Receipt,1084,PO00172,On Time"
"REC000878,2025-02-03,H009,MED043,B704056,Receipt,696,PO00172,On Time"
"REC000879,2025-02-03,H009,MED044,B277718,Receipt,1159,PO00172,On Time"
"REC000880,2025-02-03,H009,MED050,B812793,Receipt,931,PO00172,On Time"
"REC000881,2025-02-03,H009,MED073,B764846,Receipt,1325,PO00172,On Time"
"REC000882,2025-02-03,H009,MED076,B510834,Receipt,1271,PO00172,On Time"
"REC000883,2025-02-03,H009,MED091,B938927,Receipt,505,PO00172,On Time"
"REC000884,2025-02-04,H009,MED021,B735274,Receipt,1154,PO00173,On Time"
"REC000885,2025-02-04,H009,MED048,B374336,Receipt,1345,PO00173,On Time"
"REC000886,2025-02-04,H009,MED078,B209373,Receipt,1281,PO00173,On Time"
"REC000887,2025-02-04,H009,MED096,B746045,Receipt,657,PO00173,On Time"
"REC000888,2025-01-25,H009,MED023,B307352,Receipt,1392,PO00174,On Time"
"REC000889,2025-01-25,H009,MED059,B303561,Receipt,1328,PO00174,On Time"
"REC000890,2025-01-25,H009,MED099,B118074,Receipt,824,PO00174,On Time"
"REC000891,2025-01-23,H009,MED034,B277826,Receipt,927,PO00175,On Time"
"REC000892,2025-01-23,H009,MED036,B893076,Receipt,824,PO00175,On Time"
"REC000893,2025-01-23,H009,MED037,B545872,Receipt,681,PO00175,On Time"
"REC000894,2025-01-23,H009,MED052,B114995,Receipt,1129,PO00175,On Time"
"REC000895,2025-01-23,H009,MED100,B116061,Receipt,1099,PO00175,On Time"
"REC000896,2025-01-23,H009,MED047,B685457,Receipt,1055,PO00176,On Time"
"REC000897,2025-01-23,H009,MED051,B808387,Receipt,1122,PO00176,On Time"
"REC000898,2025-01-23,H009,MED055,B621396,Receipt,1292,PO00176,On Time"
"REC000899,2025-01-07,H009,MED062,B857634,Receipt,769,PO00177,On Time"
"REC000900,2025-01-04,H009,MED065,B378495,Receipt,841,PO00178,On Time"
"REC000901,2025-01-04,H010,MED001,B478336,Receipt,1450,PO00179,On Time"
"REC000902,2025-01-04,H010,MED010,B367136,Receipt,1356,PO00179,On Time"
"REC000903,2025-01-04,H010,MED061,B933238,Receipt,1265,PO00179,On Time"
"REC000904,2025-01-04,H010,MED066,B663457,Receipt,1102,PO00179,On Time"
"REC000905,2025-01-04,H010,MED085,B851393,Receipt,872,PO00179,On Time"
"REC000906,2025-01-07,H010,MED002,B596005,Receipt,898,PO00180,On Time"
"REC000907,2025-01-07,H010,MED003,B977042,Receipt,1465,PO00180,On Time"
"REC000908,2025-01-07,H010,MED006,B835415,Receipt,1237,PO00180,On Time"
"REC000909,2025-01-07,H010,MED008,B231379,Receipt,1443,PO00180,On Time"
"REC000910,2025-01-07,H010,MED067,B453039,Receipt,1357,PO00180,On Time"
"REC000911,2025-01-07,H010,MED083,B838591,Receipt,1487,PO00180,On Time"
"REC000912,2025-01-07,H010,MED088,B122337,Receipt,518,PO00180,On Time"
"REC000913,2025-01-05,H010,MED004,B254455,Receipt,722,PO00181,On Time"
"REC000914,2025-01-08,H010,MED005,B527858,Receipt,1430,PO00182,On Time"
"REC000915,2025-01-08,H010,MED068,B409509,Receipt,1244,PO00182,On Time"
"REC000916,2025-01-08,H010,MED081,B970261,Receipt,1315,PO00182,On Time"
"REC000917,2025-01-07,H010,MED007,B328931,Receipt,603,PO00183,On Time"
"REC000918,2025-01-07,H010,MED062,B856079,Receipt,1436,PO00183,On Time"
"REC000919,2025-01-07,H010,MED064,B847567,Receipt,1474,PO00183,On Time"
"REC000920,2025-01-07,H010,MED082,B157062,Receipt,585,PO00183,On Time"
"REC000921,2025-01-07,H010,MED084,B778525,Receipt,552,PO00183,On Time"
"REC000922,2025-01-07,H010,MED087,B831576,Receipt,698,PO00183,On Time"
"REC000923,2025-01-07,H010,MED089,B452215,Receipt,798,PO00183,On Time"
"REC000924,2025-01-05,H010,MED009,B580441,Receipt,605,PO00184,On Time"
"REC000925,2025-01-05,H010,MED065,B448844,Receipt,1266,PO00184,On Time"
"REC000926,2025-01-05,H010,MED090,B656119,Receipt,1478,PO00184,On Time"
"REC000927,2025-01-25,H010,MED011,B860177,Receipt,888,PO00185,On Time"
"REC000928,2025-01-25,H010,MED073,B815732,Receipt,1239,PO00185,On Time"
"REC000929,2025-02-05,H010,MED012,B103358,Receipt,645,PO00186,Delayed"
"REC000930,2025-02-05,H010,MED021,B778936,Receipt,1068,PO00186,Delayed"
"REC000931,2025-02-05,H010,MED022,B397584,Receipt,651,PO00186,Delayed"
"REC000932,2025-02-05,H010,MED029,B897388,Receipt,1279,PO00186,Delayed"
"REC000933,2025-02-05,H010,MED034,B532829,Receipt,594,PO00186,Delayed"
"REC000934,2025-02-05,H010,MED039,B517582,Receipt,1361,PO00186,Delayed"
"REC000935,2025-02-05,H010,MED052,B813156,Receipt,651,PO00186,Delayed"
"REC000936,2025-02-05,H010,MED060,B178537,Receipt,1260,PO00186,Delayed"
"REC000937,2025-01-23,H010,MED013,B892130,Receipt,965,PO00187,On Time"
"REC000938,2025-01-23,H010,MED031,B601323,Receipt,1338,PO00187,On Time"
"REC000939,2025-01-23,H010,MED048,B824750,Receipt,1510,PO00187,On Time"
"REC000940,2025-01-23,H010,MED075,B909359,Receipt,992,PO00187,On Time"
"REC000941,2025-01-23,H010,MED079,B103969,Receipt,627,PO00187,On Time"
"REC000942,2025-01-23,H010,MED092,B292458,Receipt,1070,PO00187,On Time"
"REC000943,2025-01-21,H010,MED014,B338483,Receipt,943,PO00188,On Time"
"REC000944,2025-01-21,H010,MED016,B931156,Receipt,684,PO00188,On Time"
"REC000945,2025-01-21,H010,MED025,B680086,Receipt,1433,PO00188,On Time"
"REC000946,2025-01-21,H010,MED035,B702960,Receipt,879,PO00188,On Time"
"REC000947,2025-01-21,H010,MED038,B768629,Receipt,677,PO00188,On Time"
"REC000948,2025-01-21,H010,MED054,B674887,Receipt,525,PO00188,On Time"
"REC000949,2025-01-21,H010,MED076,B330780,Receipt,1081,PO00188,On Time"
"REC000950,2025-01-23,H010,MED015,B644026,Receipt,717,PO00189,On Time"
"REC000951,2025-01-23,H010,MED024,B929378,Receipt,1408,PO00189,On Time"
"REC000952,2025-01-23,H010,MED044,B909340,Receipt,1110,PO00189,On Time"
"REC000953,2025-01-23,H010,MED045,B793023,Receipt,1417,PO00189,On Time"
"REC000954,2025-01-23,H010,MED046,B802461,Receipt,1510,PO00189,On Time"
"REC000955,2025-01-23,H010,MED059,B345984,Receipt,1437,PO00189,On Time"
"REC000956,2025-01-23,H010,MED071,B655710,Receipt,1476,PO00189,On Time"
"REC000957,2025-01-23,H010,MED072,B509740,Receipt,1051,PO00189,On Time"
"REC000958,2025-01-23,H010,MED074,B194837,Receipt,870,PO00189,On Time"
"REC000959,2025-01-23,H010,MED017,B746275,Receipt,588,PO00190,On Time"
"REC000960,2025-01-23,H010,MED020,B204188,Receipt,1189,PO00190,On Time"
"REC000961,2025-01-23,H010,MED026,B591830,Receipt,715,PO00190,On Time"
"REC000962,2025-01-23,H010,MED047,B872332,Receipt,722,PO00190,On Time"
"REC000963,2025-01-23,H010,MED057,B590999,Receipt,1206,PO00190,On Time"
"REC000964,2025-01-23,H010,MED093,B975206,Receipt,735,PO00190,On Time"
"REC000965,2025-01-23,H010,MED097,B214456,Receipt,1069,PO00190,On Time"
"REC000966,2025-01-23,H010,MED100,B421898,Receipt,1204,PO00190,On Time"
"REC000967,2025-01-23,H010,MED018,B873720,Receipt,1087,PO00191,On Time"
"REC000968,2025-01-23,H010,MED040,B785503,Receipt,1456,PO00191,On Time"
"REC000969,2025-01-23,H010,MED041,B553510,Receipt,614,PO00191,On Time"
"REC000970,2025-01-23,H010,MED042,B124042,Receipt,853,PO00191,On Time"
"REC000971,2025-01-23,H010,MED050,B336495,Receipt,1390,PO00191,On Time"
"REC000972,2025-01-23,H010,MED058,B507407,Receipt,1095,PO00191,On Time"
"REC000973,2025-01-23,H010,MED078,B492179,Receipt,1148,PO00191,On Time"
"REC000974,2025-01-23,H010,MED091,B474169,Receipt,528,PO00191,On Time"
"REC000975,2025-01-23,H010,MED094,B734151,Receipt,1287,PO00191,On Time"
"REC000976,2025-02-01,H010,MED019,B695376,Receipt,1139,PO00192,Delayed"
"REC000977,2025-02-01,H010,MED037,B149420,Receipt,1248,PO00192,Delayed"
"REC000978,2025-02-01,H010,MED055,B434199,Receipt,1088,PO00192,Delayed"
"REC000979,2025-02-01,H010,MED056,B834595,Receipt,1179,PO00192,Delayed"
"REC000980,2025-02-04,H010,MED023,B780465,Receipt,947,PO00193,On Time"
"REC000981,2025-02-04,H010,MED030,B741480,Receipt,876,PO00193,On Time"
"REC000982,2025-02-04,H010,MED032,B915864,Receipt,1056,PO00193,On Time"
"REC000983,2025-02-04,H010,MED049,B811238,Receipt,1023,PO00193,On Time"
"REC000984,2025-02-04,H010,MED099,B653380,Receipt,555,PO00193,On Time"
"REC000985,2025-02-11,H010,MED027,B963428,Receipt,1137,PO00194,On Time"
"REC000986,2025-02-11,H010,MED033,B699248,Receipt,677,PO00194,On Time"
"REC000987,2025-02-11,H010,MED036,B666510,Receipt,937,PO00194,On Time"
"REC000988,2025-02-11,H010,MED043,B961858,Receipt,866,PO00194,On Time"
"REC000989,2025-02-11,H010,MED051,B247878,Receipt,597,PO00194,On Time"
"REC000990,2025-02-11,H010,MED053,B676515,Receipt,999,PO00194,On Time"
"REC000991,2025-02-11,H010,MED095,B804706,Receipt,534,PO00194,On Time"
"REC000992,2025-02-11,H010,MED096,B245281,Receipt,1046,PO00194,On Time"
"REC000993,2025-02-11,H010,MED098,B482688,Receipt,514,PO00194,On Time"
"REC000994,2025-02-03,H010,MED028,B102866,Receipt,857,PO00195,On Time"
"REC000995,2025-02-03,H010,MED077,B899180,Receipt,501,PO00195,On Time"
"REC000996,2025-02-03,H010,MED080,B623293,Receipt,1206,PO00195,On Time"
"REC000997,2025-01-04,H010,MED063,B735254,Receipt,1045,PO00196,On Time"
"REC000998,2025-01-04,H010,MED069,B987081,Receipt,864,PO00196,On Time"
"REC000999,2025-01-04,H010,MED070,B139553,Receipt,1326,PO00197,On Time"
"REC001000,2025-01-04,H010,MED086,B497891,Receipt,674,PO00198,On Time"
"REC001001,2025-04-07,H001,MED001,B210268,Receipt,2226,PO00199,On Time"
"REC001002,2025-04-07,H001,MED003,B429365,Receipt,2290,PO00199,On Time"
"REC001003,2025-04-07,H001,MED005,B358795,Receipt,2214,PO00199,On Time"
"REC001004,2025-04-07,H001,MED010,B877089,Receipt,2222,PO00199,On Time"
"REC001005,2025-04-07,H001,MED065,B542905,Receipt,2246,PO00199,On Time"
"REC001006,2025-04-07,H001,MED088,B990123,Receipt,857,PO00199,On Time"
"REC001007,2025-04-04,H001,MED002,B187498,Receipt,2199,PO00200,On Time"
"REC001008,2025-04-04,H001,MED068,B766326,Receipt,2310,PO00200,On Time"
"REC001009,2025-04-04,H001,MED004,B203355,Receipt,2293,PO00201,On Time"
"REC001010,2025-04-04,H001,MED009,B339931,Receipt,2308,PO00201,On Time"
"REC001011,2025-04-04,H001,MED061,B218015,Receipt,2269,PO00201,On Time"
"REC001012,2025-04-04,H001,MED063,B118070,Receipt,2277,PO00201,On Time"
"REC001013,2025-04-04,H001,MED081,B547556,Receipt,886,PO00201,On Time"
"REC001014,2025-04-08,H001,MED006,B249503,Receipt,2253,PO00202,On Time"
"REC001015,2025-04-08,H001,MED008,B665894,Receipt,2186,PO00202,On Time"
"REC001016,2025-04-08,H001,MED067,B584299,Receipt,2260,PO00202,On Time"
"REC001017,2025-04-08,H001,MED069,B805660,Receipt,2193,PO00202,On Time"
"REC001018,2025-04-08,H001,MED089,B251836,Receipt,921,PO00202,On Time"
"REC001019,2025-04-04,H001,MED007,B691723,Receipt,2164,PO00203,On Time"
"REC001020,2025-04-04,H001,MED062,B465890,Receipt,2387,PO00203,On Time"
"REC001021,2025-04-04,H001,MED082,B406063,Receipt,906,PO00203,On Time"
"REC001022,2025-04-04,H001,MED084,B834965,Receipt,866,PO00203,On Time"
"REC001023,2025-04-28,H001,MED011,B996942,Receipt,2147,PO00204,On Time"
"REC001024,2025-04-28,H001,MED014,B323165,Receipt,2221,PO00204,On Time"
"REC001025,2025-04-28,H001,MED017,B532315,Receipt,2209,PO00204,On Time"
"REC001026,2025-04-28,H001,MED028,B264899,Receipt,887,PO00204,On Time"
"REC001027,2025-04-28,H001,MED042,B418394,Receipt,864,PO00204,On Time"
"REC001028,2025-04-28,H001,MED046,B473616,Receipt,877,PO00204,On Time"
"REC001029,2025-04-28,H001,MED096,B844086,Receipt,306,PO00204,On Time"
"REC001030,2025-04-28,H001,MED012,B905889,Receipt,2369,PO00205,Delayed"
"REC001031,2025-04-28,H001,MED020,B234633,Receipt,2256,PO00205,Delayed"
"REC001032,2025-04-28,H001,MED021,B130535,Receipt,343,PO00205,Delayed"
"REC001033,2025-04-28,H001,MED037,B998613,Receipt,906,PO00205,Delayed"
"REC001034,2025-04-28,H001,MED038,B937291,Receipt,863,PO00205,Delayed"
"REC001035,2025-04-28,H001,MED057,B727234,Receipt,882,PO00205,Delayed"
"REC001036,2025-04-28,H001,MED078,B120056,Receipt,321,PO00205,Delayed"
"REC001037,2025-04-28,H001,MED079,B765022,Receipt,321,PO00205,Delayed"
"REC001038,2025-04-28,H001,MED091,B712956,Receipt,303,PO00205,Delayed"
"REC001039,2025-04-23,H001,MED013,B371836,Receipt,2456,PO00206,On Time"
"REC001040,2025-04-23,H001,MED023,B301664,Receipt,305,PO00206,On Time"
"REC001041,2025-04-23,H001,MED024,B723094,Receipt,2210,PO00206,On Time"
"REC001042,2025-04-23,H001,MED025,B318126,Receipt,321,PO00206,On Time"
"REC001043,2025-04-23,H001,MED053,B710704,Receipt,897,PO00206,On Time"
"REC001044,2025-04-23,H001,MED056,B469599,Receipt,965,PO00206,On Time"
"REC001045,2025-04-23,H001,MED058,B405628,Receipt,917,PO00206,On Time"
"REC001046,2025-04-23,H001,MED075,B727769,Receipt,334,PO00206,On Time"
"REC001047,2025-04-23,H001,MED077,B850201,Receipt,329,PO00206,On Time"
"REC001048,2025-04-23,H001,MED100,B825256,Receipt,293,PO00206,On Time"
"REC001049,2025-04-23,H001,MED015,B453531,Receipt,2235,PO00207,On Time"
"REC001050,2025-04-23,H001,MED026,B872838,Receipt,878,PO00207,On Time"
"REC001051,2025-04-23,H001,MED032,B554589,Receipt,870,PO00207,On Time"
"REC001052,2025-04-23,H001,MED039,B481050,Receipt,916,PO00207,On Time"
"REC001053,2025-04-23,H001,MED043,B314835,Receipt,893,PO00207,On Time"
"REC001054,2025-04-23,H001,MED059,B920260,Receipt,875,PO00207,On Time"
"REC001055,2025-05-17,H001,MED016,B567281,Receipt,2204,PO00208,Delayed"
"REC001056,2025-05-17,H001,MED018,B476896,Receipt,2207,PO00208,Delayed"
"REC001057,2025-05-17,H001,MED098,B734736,Receipt,325,PO00208,Delayed"
"REC001058,2025-04-25,H001,MED019,B236330,Receipt,2332,PO00209,On Time"
"REC001059,2025-04-25,H001,MED027,B835716,Receipt,899,PO00209,On Time"
"REC001060,2025-04-25,H001,MED031,B388249,Receipt,934,PO00209,On Time"
"REC001061,2025-04-25,H001,MED034,B979989,Receipt,853,PO00209,On Time"
"REC001062,2025-04-25,H001,MED036,B840976,Receipt,908,PO00209,On Time"
"REC001063,2025-04-25,H001,MED071,B213632,Receipt,323,PO00209,On Time"
"REC001064,2025-04-25,H001,MED074,B970045,Receipt,315,PO00209,On Time"
"REC001065,2025-04-25,H001,MED092,B906790,Receipt,324,PO00209,On Time"
"REC001066,2025-04-25,H001,MED094,B930857,Receipt,322,PO00209,On Time"
"REC001067,2025-05-02,H001,MED022,B747972,Receipt,276,PO00210,On Time"
"REC001068,2025-05-02,H001,MED029,B515515,Receipt,932,PO00210,On Time"
"REC001069,2025-05-02,H001,MED033,B890180,Receipt,926,PO00210,On Time"
"REC001070,2025-05-02,H001,MED076,B283062,Receipt,304,PO00210,On Time"
"REC001071,2025-05-02,H001,MED093,B231484,Receipt,310,PO00210,On Time"
"REC001072,2025-05-04,H001,MED030,B981691,Receipt,858,PO00211,On Time"
"REC001073,2025-05-04,H001,MED054,B500109,Receipt,878,PO00211,On Time"
"REC001074,2025-05-04,H001,MED060,B559451,Receipt,901,PO00211,On Time"
"REC001075,2025-05-04,H001,MED080,B612153,Receipt,282,PO00211,On Time"
"REC001076,2025-05-05,H001,MED035,B314283,Receipt,869,PO00212,On Time"
"REC001077,2025-05-05,H001,MED044,B373255,Receipt,877,PO00212,On Time"
"REC001078,2025-05-05,H001,MED048,B690978,Receipt,913,PO00212,On Time"
"REC001079,2025-05-05,H001,MED049,B768234,Receipt,870,PO00212,On Time"
"REC001080,2025-05-05,H001,MED095,B969474,Receipt,293,PO00212,On Time"
"REC001081,2025-05-05,H001,MED097,B695468,Receipt,319,PO00212,On Time"
"REC001082,2025-04-23,H001,MED040,B713333,Receipt,890,PO00213,On Time"
"REC001083,2025-04-23,H001,MED051,B177505,Receipt,904,PO00213,On Time"
"REC001084,2025-04-23,H001,MED055,B250810,Receipt,895,PO00213,On Time"
"REC001085,2025-04-23,H001,MED072,B711523,Receipt,318,PO00213,On Time"
"REC001086,2025-04-21,H001,MED041,B710490,Receipt,904,PO00214,On Time"
"REC001087,2025-04-21,H001,MED045,B654594,Receipt,929,PO00214,On Time"
"REC001088,2025-04-21,H001,MED047,B391999,Receipt,884,PO00214,On Time"
"REC001089,2025-04-21,H001,MED050,B757917,Receipt,909,PO00214,On Time"
"REC001090,2025-04-21,H001,MED052,B138467,Receipt,908,PO00214,On Time"
"REC001091,2025-04-21,H001,MED073,B311810,Receipt,334,PO00214,On Time"
"REC001092,2025-04-21,H001,MED099,B664242,Receipt,301,PO00214,On Time"
"REC001093,2025-04-05,H001,MED064,B258823,Receipt,2351,PO00215,On Time"
"REC001094,2025-04-05,H001,MED086,B651951,Receipt,887,PO00215,On Time"
"REC001095,2025-04-05,H001,MED087,B291962,Receipt,824,PO00215,On Time"
"REC001096,2025-04-05,H001,MED090,B979090,Receipt,914,PO00215,On Time"
"REC001097,2025-04-07,H001,MED066,B997059,Receipt,2229,PO00216,On Time"
"REC001098,2025-04-07,H001,MED085,B472370,Receipt,909,PO00216,On Time"
"REC001099,2025-04-05,H001,MED070,B170313,Receipt,2148,PO00217,On Time"
"REC001100,2025-04-05,H001,MED083,B555968,Receipt,832,PO00217,On Time"
"REC001101,2025-04-07,H002,MED001,B940530,Receipt,2233,PO00218,On Time"
"REC001102,2025-04-07,H002,MED004,B138102,Receipt,2285,PO00218,On Time"
"REC001103,2025-04-08,H002,MED002,B766490,Receipt,2161,PO00219,On Time"
"REC001104,2025-04-08,H002,MED006,B625830,Receipt,2299,PO00219,On Time"
"REC001105,2025-04-08,H002,MED009,B977699,Receipt,2195,PO00219,On Time"
"REC001106,2025-04-08,H002,MED010,B334677,Receipt,2140,PO00219,On Time"
"REC001107,2025-04-08,H002,MED084,B910951,Receipt,824,PO00219,On Time"
"REC001108,2025-04-08,H002,MED085,B367552,Receipt,866,PO00219,On Time"
"REC001109,2025-04-09,H002,MED003,B252617,Receipt,2266,PO00220,Delayed"
"REC001110,2025-04-09,H002,MED007,B905497,Receipt,2162,PO00220,Delayed"
"REC001111,2025-04-09,H002,MED061,B699991,Receipt,2274,PO00220,Delayed"
"REC001112,2025-04-09,H002,MED066,B899666,Receipt,2311,PO00220,Delayed"
"REC001113,2025-04-09,H002,MED070,B656542,Receipt,2317,PO00220,Delayed"
"REC001114,2025-04-09,H002,MED082,B692016,Receipt,889,PO00220,Delayed"
"REC001115,2025-04-09,H002,MED088,B274944,Receipt,867,PO00220,Delayed"
"REC001116,2025-04-09,H002,MED090,B184291,Receipt,855,PO00220,Delayed"
"REC001117,2025-04-04,H002,MED005,B279208,Receipt,2252,PO00221,On Time"
"REC001118,2025-04-04,H002,MED067,B932946,Receipt,2137,PO00221,On Time"
"REC001119,2025-04-05,H002,MED008,B128295,Receipt,2173,PO00222,On Time"
"REC001120,2025-04-05,H002,MED062,B216421,Receipt,2139,PO00222,On Time"
"REC001121,2025-04-05,H002,MED069,B954016,Receipt,2301,PO00222,On Time"
"REC001122,2025-04-25,H002,MED011,B639773,Receipt,2293,PO00223,On Time"
"REC001123,2025-04-25,H002,MED037,B106949,Receipt,923,PO00223,On Time"
"REC001124,2025-04-25,H002,MED039,B350875,Receipt,912,PO00223,On Time"
"REC001125,2025-04-25,H002,MED046,B517170,Receipt,913,PO00223,On Time"
"REC001126,2025-04-25,H002,MED059,B126069,Receipt,883,PO00223,On Time"
"REC001127,2025-04-25,H002,MED072,B105287,Receipt,318,PO00223,On Time"
"REC001128,2025-04-25,H002,MED075,B429588,Receipt,352,PO00223,On Time"
"REC001129,2025-04-25,H002,MED095,B191751,Receipt,343,PO00223,On Time"
"REC001130,2025-04-28,H002,MED012,B130355,Receipt,2262,PO00224,On Time"
"REC001131,2025-04-28,H002,MED019,B986089,Receipt,2358,PO00224,On Time"
"REC001132,2025-04-28,H002,MED029,B374907,Receipt,924,PO00224,On Time"
"REC001133,2025-04-28,H002,MED030,B263273,Receipt,909,PO00224,On Time"
"REC001134,2025-04-28,H002,MED036,B585450,Receipt,926,PO00224,On Time"
"REC001135,2025-04-28,H002,MED044,B682531,Receipt,918,PO00224,On Time"
"REC001136,2025-04-29,H002,MED013,B663586,Receipt,2183,PO00225,Delayed"
"REC001137,2025-04-29,H002,MED014,B313920,Receipt,2046,PO00225,Delayed"
"REC001138,2025-04-29,H002,MED043,B779574,Receipt,938,PO00225,Delayed"
"REC001139,2025-04-29,H002,MED049,B503704,Receipt,872,PO00225,Delayed"
"REC001140,2025-04-29,H002,MED073,B872042,Receipt,338,PO00225,Delayed"
"REC001141,2025-05-05,H002,MED015,B753983,Receipt,2162,PO00226,On Time"
"REC001142,2025-05-05,H002,MED045,B463714,Receipt,873,PO00226,On Time"
"REC001143,2025-05-05,H002,MED047,B441396,Receipt,917,PO00226,On Time"
"REC001144,2025-05-05,H002,MED060,B696562,Receipt,915,PO00226,On Time"
"REC001145,2025-05-05,H002,MED078,B879554,Receipt,343,PO00226,On Time"
"REC001146,2025-04-23,H002,MED016,B292714,Receipt,2184,PO00227,On Time"
"REC001147,2025-04-23,H002,MED031,B931538,Receipt,909,PO00227,On Time"
"REC001148,2025-04-23,H002,MED033,B686165,Receipt,918,PO00227,On Time"
"REC001149,2025-04-23,H002,MED040,B465340,Receipt,938,PO00227,On Time"
"REC001150,2025-04-23,H002,MED054,B760482,Receipt,913,PO00227,On Time"
"REC001151,2025-04-23,H002,MED058,B631849,Receipt,875,PO00227,On Time"
"REC001152,2025-04-23,H002,MED091,B532882,Receipt,305,PO00227,On Time"
"REC001153,2025-04-23,H002,MED092,B695603,Receipt,315,PO00227,On Time"
"REC001154,2025-05-04,H002,MED017,B738353,Receipt,2199,PO00228,On Time"
"REC001155,2025-05-04,H002,MED022,B644447,Receipt,316,PO00228,On Time"
"REC001156,2025-05-04,H002,MED025,B578007,Receipt,301,PO00228,On Time"
"REC001157,2025-05-04,H002,MED026,B161813,Receipt,909,PO00228,On Time"
"REC001158,2025-05-04,H002,MED027,B686580,Receipt,890,PO00228,On Time"
"REC001159,2025-05-04,H002,MED028,B932972,Receipt,938,PO00228,On Time"
"REC001160,2025-05-04,H002,MED034,B960395,Receipt,910,PO00228,On Time"
"REC001161,2025-05-04,H002,MED041,B750199,Receipt,908,PO00228,On Time"
"REC001162,2025-05-04,H002,MED077,B632295,Receipt,314,PO00228,On Time"
"REC001163,2025-05-04,H002,MED094,B306988,Receipt,322,PO00228,On Time"
"REC001164,2025-05-04,H002,MED097,B820670,Receipt,315,PO00228,On Time"
"REC001165,2025-05-02,H002,MED018,B601108,Receipt,2311,PO00229,On Time"
"REC001166,2025-05-02,H002,MED042,B728861,Receipt,954,PO00229,On Time"
"REC001167,2025-05-02,H002,MED093,B155318,Receipt,302,PO00229,On Time"
"REC001168,2025-04-21,H002,MED020,B260775,Receipt,2325,PO00230,On Time"
"REC001169,2025-04-21,H002,MED038,B880722,Receipt,922,PO00230,On Time"
"REC001170,2025-04-21,H002,MED048,B151745,Receipt,902,PO00230,On Time"
"REC001171,2025-04-21,H002,MED051,B572930,Receipt,889,PO00230,On Time"
"REC001172,2025-04-21,H002,MED055,B729474,Receipt,910,PO00230,On Time"
"REC001173,2025-04-21,H002,MED074,B142078,Receipt,308,PO00230,On Time"
"REC001174,2025-04-21,H002,MED099,B232717,Receipt,312,PO00230,On Time"
"REC001175,2025-04-23,H002,MED021,B730075,Receipt,306,PO00231,On Time"
"REC001176,2025-04-23,H002,MED024,B538661,Receipt,2450,PO00231,On Time"
"REC001177,2025-04-23,H002,MED052,B735605,Receipt,890,PO00231,On Time"
"REC001178,2025-04-23,H002,MED057,B672203,Receipt,882,PO00231,On Time"
"REC001179,2025-04-23,H002,MED079,B599097,Receipt,320,PO00231,On Time"
"REC001180,2025-04-23,H002,MED023,B790907,Receipt,308,PO00232,On Time"
"REC001181,2025-04-23,H002,MED035,B381342,Receipt,879,PO00232,On Time"
"REC001182,2025-04-23,H002,MED050,B480975,Receipt,891,PO00232,On Time"
"REC001183,2025-04-23,H002,MED076,B872608,Receipt,310,PO00232,On Time"
"REC001184,2025-04-23,H002,MED080,B618545,Receipt,329,PO00232,On Time"
"REC001185,2025-04-23,H002,MED096,B295716,Receipt,322,PO00232,On Time"
"REC001186,2025-04-23,H002,MED100,B808533,Receipt,322,PO00232,On Time"
"REC001187,2025-05-15,H002,MED032,B136187,Receipt,873,PO00233,Delayed"
"REC001188,2025-05-15,H002,MED053,B345121,Receipt,883,PO00233,Delayed"
"REC001189,2025-05-15,H002,MED056,B321897,Receipt,889,PO00233,Delayed"
"REC001190,2025-05-15,H002,MED071,B814743,Receipt,322,PO00233,Delayed"
"REC001191,2025-05-15,H002,MED098,B562120,Receipt,324,PO00233,Delayed"
"REC001192,2025-04-04,H002,MED063,B962557,Receipt,2295,PO00234,On Time"
"REC001193,2025-04-04,H002,MED064,B890756,Receipt,2245,PO00234,On Time"
"REC001194,2025-04-04,H002,MED065,B784106,Receipt,2240,PO00235,On Time"
"REC001195,2025-04-04,H002,MED089,B302967,Receipt,919,PO00235,On Time"
"REC001196,2025-04-05,H002,MED068,B164323,Receipt,2288,PO00236,On Time"
"REC001197,2025-04-05,H002,MED081,B243026,Receipt,878,PO00236,On Time"
"REC001198,2025-04-05,H002,MED083,B192263,Receipt,874,PO00236,On Time"
"REC001199,2025-04-05,H002,MED087,B465821,Receipt,858,PO00236,On Time"
"REC001200,2025-04-04,H002,MED086,B984152,Receipt,885,PO00237,On Time"
"REC001201,2025-04-04,H003,MED001,B157545,Receipt,2201,PO00238,On Time"
"REC001202,2025-04-04,H003,MED005,B906388,Receipt,2305,PO00238,On Time"
"REC001203,2025-04-04,H003,MED002,B950163,Receipt,1902,PO00239,On Time"
"REC001204,2025-04-04,H003,MED007,B857907,Receipt,2303,PO00239,On Time"
"REC001205,2025-04-04,H003,MED061,B132733,Receipt,2256,PO00239,On Time"
"REC001206,2025-04-04,H003,MED083,B169274,Receipt,841,PO00239,On Time"
"REC001207,2025-04-04,H003,MED088,B268383,Receipt,861,PO00239,On Time"
"REC001208,2025-04-05,H003,MED003,B632954,Receipt,2249,PO00240,On Time"
"REC001209,2025-04-05,H003,MED064,B143001,Receipt,2262,PO00240,On Time"
"REC001210,2025-04-05,H003,MED065,B811998,Receipt,2236,PO00240,On Time"
"REC001211,2025-04-05,H003,MED068,B161665,Receipt,2187,PO00240,On Time"
"REC001212,2025-04-08,H003,MED004,B752026,Receipt,2216,PO00241,On Time"
"REC001213,2025-04-08,H003,MED010,B697135,Receipt,2195,PO00241,On Time"
"REC001214,2025-04-08,H003,MED062,B999005,Receipt,2176,PO00241,On Time"
"REC001215,2025-04-08,H003,MED067,B531413,Receipt,2171,PO00241,On Time"
"REC001216,2025-04-08,H003,MED070,B555699,Receipt,2258,PO00241,On Time"
"REC001217,2025-04-08,H003,MED081,B823035,Receipt,862,PO00241,On Time"
"REC001218,2025-04-08,H003,MED086,B289004,Receipt,916,PO00241,On Time"
"REC001219,2025-04-04,H003,MED006,B765755,Receipt,2317,PO00242,On Time"
"REC001220,2025-04-04,H003,MED009,B193501,Receipt,1865,PO00242,On Time"
"REC001221,2025-04-04,H003,MED063,B497710,Receipt,1777,PO00242,On Time"
"REC001222,2025-04-04,H003,MED085,B570452,Receipt,908,PO00242,On Time"
"REC001223,2025-04-04,H003,MED089,B580488,Receipt,953,PO00242,On Time"
"REC001224,2025-04-07,H003,MED008,B251878,Receipt,2225,PO00243,On Time"
"REC001225,2025-04-07,H003,MED082,B526346,Receipt,881,PO00243,On Time"
"REC001226,2025-04-28,H003,MED011,B357009,Receipt,2328,PO00244,On Time"
"REC001227,2025-04-28,H003,MED012,B400709,Receipt,2261,PO00244,On Time"
"REC001228,2025-04-28,H003,MED016,B870044,Receipt,2236,PO00244,On Time"
"REC001229,2025-04-28,H003,MED017,B139986,Receipt,2183,PO00244,On Time"
"REC001230,2025-04-28,H003,MED022,B360910,Receipt,312,PO00244,On Time"
"REC001231,2025-04-28,H003,MED032,B129402,Receipt,867,PO00244,On Time"
"REC001232,2025-04-28,H003,MED056,B311837,Receipt,862,PO00244,On Time"
"REC001233,2025-04-28,H003,MED059,B293259,Receipt,901,PO00244,On Time"
"REC001234,2025-04-28,H003,MED073,B773034,Receipt,321,PO00244,On Time"
"REC001235,2025-04-28,H003,MED092,B426032,Receipt,287,PO00244,On Time"
"REC001236,2025-04-23,H003,MED013,B402950,Receipt,2155,PO00245,On Time"
"REC001237,2025-04-23,H003,MED015,B209575,Receipt,2226,PO00245,On Time"
"REC001238,2025-04-23,H003,MED044,B528988,Receipt,920,PO00245,On Time"
"REC001239,2025-04-23,H003,MED045,B251563,Receipt,945,PO00245,On Time"
"REC001240,2025-04-23,H003,MED047,B286833,Receipt,897,PO00245,On Time"
"REC001241,2025-04-23,H003,MED048,B616142,Receipt,906,PO00245,On Time"
"REC001242,2025-04-23,H003,MED014,B283675,Receipt,2305,PO00246,On Time"
"REC001243,2025-04-23,H003,MED076,B125559,Receipt,325,PO00246,On Time"
"REC001244,2025-04-23,H003,MED098,B438076,Receipt,333,PO00246,On Time"
"REC001245,2025-04-23,H003,MED099,B384186,Receipt,298,PO00246,On Time"
"REC001246,2025-04-25,H003,MED018,B525037,Receipt,2311,PO00247,On Time"
"REC001247,2025-04-25,H003,MED036,B322320,Receipt,830,PO00247,On Time"
"REC001248,2025-04-25,H003,MED049,B418420,Receipt,857,PO00247,On Time"
"REC001249,2025-04-25,H003,MED097,B769648,Receipt,336,PO00247,On Time"
"REC001250,2025-04-21,H003,MED019,B745588,Receipt,2251,PO00248,On Time"
"REC001251,2025-04-21,H003,MED035,B677564,Receipt,914,PO00248,On Time"
"REC001252,2025-04-21,H003,MED038,B305550,Receipt,929,PO00248,On Time"
"REC001253,2025-04-21,H003,MED039,B221789,Receipt,856,PO00248,On Time"
"REC001254,2025-04-21,H003,MED040,B599137,Receipt,879,PO00248,On Time"
"REC001255,2025-04-21,H003,MED042,B124354,Receipt,946,PO00248,On Time"
"REC001256,2025-04-21,H003,MED050,B386214,Receipt,963,PO00248,On Time"
"REC001257,2025-04-21,H003,MED051,B850294,Receipt,866,PO00248,On Time"
"REC001258,2025-04-21,H003,MED053,B550348,Receipt,902,PO00248,On Time"
"REC001259,2025-04-21,H003,MED057,B915862,Receipt,840,PO00248,On Time"
"REC001260,2025-04-21,H003,MED075,B932974,Receipt,321,PO00248,On Time"
"REC001261,2025-04-21,H003,MED095,B943804,Receipt,294,PO00248,On Time"
"REC001262,2025-04-23,H003,MED020,B890857,Receipt,2236,PO00249,On Time"
"REC001263,2025-04-23,H003,MED021,B267292,Receipt,337,PO00249,On Time"
"REC001264,2025-04-23,H003,MED023,B989302,Receipt,298,PO00249,On Time"
"REC001265,2025-04-23,H003,MED030,B655941,Receipt,865,PO00249,On Time"
"REC001266,2025-04-23,H003,MED034,B201371,Receipt,889,PO00249,On Time"
"REC001267,2025-04-23,H003,MED060,B729661,Receipt,907,PO00249,On Time"
"REC001268,2025-04-23,H003,MED074,B427304,Receipt,337,PO00249,On Time"
"REC001269,2025-04-23,H003,MED079,B626684,Receipt,313,PO00249,On Time"
"REC001270,2025-05-05,H003,MED024,B294269,Receipt,2201,PO00250,On Time"
"REC001271,2025-05-05,H003,MED026,B807280,Receipt,897,PO00250,On Time"
"REC001272,2025-05-05,H003,MED027,B986040,Receipt,898,PO00250,On Time"
"REC001273,2025-05-05,H003,MED054,B909942,Receipt,881,PO00250,On Time"
"REC001274,2025-05-05,H003,MED055,B941052,Receipt,943,PO00250,On Time"
"REC001275,2025-05-05,H003,MED093,B476826,Receipt,317,PO00250,On Time"
"REC001276,2025-04-27,H003,MED025,B356713,Receipt,313,PO00251,Delayed"
"REC001277,2025-04-27,H003,MED029,B444138,Receipt,918,PO00251,Delayed"
"REC001278,2025-04-27,H003,MED033,B397881,Receipt,902,PO00251,Delayed"
"REC001279,2025-04-27,H003,MED037,B808662,Receipt,899,PO00251,Delayed"
"REC001280,2025-04-27,H003,MED046,B111344,Receipt,901,PO00251,Delayed"
"REC001281,2025-04-27,H003,MED077,B212217,Receipt,353,PO00251,Delayed"
"REC001282,2025-04-27,H003,MED096,B327286,Receipt,279,PO00251,Delayed"
"REC001283,2025-05-04,H003,MED028,B942393,Receipt,912,PO00252,On Time"
"REC001284,2025-05-04,H003,MED043,B713217,Receipt,903,PO00252,On Time"
"REC001285,2025-05-04,H003,MED072,B395804,Receipt,319,PO00252,On Time"
"REC001286,2025-05-04,H003,MED080,B433863,Receipt,350,PO00252,On Time"
"REC001287,2025-05-04,H003,MED094,B776555,Receipt,290,PO00252,On Time"
"REC001288,2025-05-02,H003,MED031,B625910,Receipt,901,PO00253,On Time"
"REC001289,2025-05-02,H003,MED041,B658296,Receipt,879,PO00253,On Time"
"REC001290,2025-05-02,H003,MED058,B993741,Receipt,881,PO00253,On Time"
"REC001291,2025-05-12,H003,MED052,B711600,Receipt,880,PO00254,On Time"
"REC001292,2025-05-12,H003,MED071,B474999,Receipt,330,PO00254,On Time"
"REC001293,2025-05-12,H003,MED078,B972388,Receipt,320,PO00254,On Time"
"REC001294,2025-05-12,H003,MED091,B538755,Receipt,304,PO00254,On Time"
"REC001295,2025-05-12,H003,MED100,B395900,Receipt,297,PO00254,On Time"
"REC001296,2025-04-07,H003,MED066,B966867,Receipt,2336,PO00255,On Time"
"REC001297,2025-04-07,H003,MED087,B175418,Receipt,867,PO00255,On Time"
"REC001298,2025-04-04,H003,MED069,B245271,Receipt,2168,PO00256,On Time"
"REC001299,2025-04-04,H003,MED084,B174553,Receipt,850,PO00256,On Time"
"REC001300,2025-04-05,H003,MED090,B715645,Receipt,898,PO00257,On Time"
"REC001301,2025-04-04,H004,MED001,B673189,Receipt,2255,PO00258,On Time"
"REC001302,2025-04-04,H004,MED063,B990328,Receipt,1749,PO00258,On Time"
"REC001303,2025-04-04,H004,MED065,B387681,Receipt,2214,PO00258,On Time"
"REC001304,2025-04-04,H004,MED069,B553105,Receipt,2300,PO00258,On Time"
"REC001305,2025-04-07,H004,MED002,B803650,Receipt,1870,PO00259,On Time"
"REC001306,2025-04-07,H004,MED005,B817148,Receipt,2255,PO00259,On Time"
"REC001307,2025-04-07,H004,MED008,B754037,Receipt,2225,PO00259,On Time"
"REC001308,2025-04-07,H004,MED087,B642015,Receipt,886,PO00259,On Time"
"REC001309,2025-04-05,H004,MED003,B516235,Receipt,2271,PO00260,On Time"
"REC001310,2025-04-05,H004,MED007,B658819,Receipt,2167,PO00260,On Time"
"REC001311,2025-04-05,H004,MED009,B354346,Receipt,2290,PO00260,On Time"
"REC001312,2025-04-05,H004,MED084,B751844,Receipt,855,PO00260,On Time"
"REC001313,2025-04-05,H004,MED085,B966964,Receipt,882,PO00260,On Time"
"REC001314,2025-04-05,H004,MED088,B394054,Receipt,883,PO00260,On Time"
"REC001315,2025-04-05,H004,MED090,B416397,Receipt,897,PO00260,On Time"
"REC001316,2025-04-04,H004,MED004,B529660,Receipt,2239,PO00261,On Time"
"REC001317,2025-04-04,H004,MED089,B924899,Receipt,869,PO00261,On Time"
"REC001318,2025-04-04,H004,MED006,B886958,Receipt,2250,PO00262,On Time"
"REC001319,2025-04-04,H004,MED062,B127723,Receipt,2096,PO00262,On Time"
"REC001320,2025-04-04,H004,MED064,B949881,Receipt,2351,PO00262,On Time"
"REC001321,2025-04-04,H004,MED067,B394923,Receipt,2144,PO00262,On Time"
"REC001322,2025-04-04,H004,MED082,B134084,Receipt,883,PO00262,On Time"
"REC001323,2025-04-04,H004,MED086,B191658,Receipt,942,PO00262,On Time"
"REC001324,2025-04-08,H004,MED010,B257661,Receipt,2211,PO00263,On Time"
"REC001325,2025-05-04,H004,MED011,B106154,Receipt,2221,PO00264,On Time"
"REC001326,2025-05-04,H004,MED036,B540280,Receipt,901,PO00264,On Time"
"REC001327,2025-05-04,H004,MED041,B471000,Receipt,912,PO00264,On Time"
"REC001328,2025-05-04,H004,MED056,B572132,Receipt,886,PO00264,On Time"
"REC001329,2025-04-25,H004,MED012,B264053,Receipt,2298,PO00265,On Time"
"REC001330,2025-04-25,H004,MED016,B836421,Receipt,2150,PO00265,On Time"
"REC001331,2025-04-25,H004,MED031,B667873,Receipt,997,PO00265,On Time"
"REC001332,2025-04-25,H004,MED043,B441815,Receipt,878,PO00265,On Time"
"REC001333,2025-04-25,H004,MED051,B896657,Receipt,896,PO00265,On Time"
"REC001334,2025-04-25,H004,MED058,B782568,Receipt,912,PO00265,On Time"
"REC001335,2025-04-25,H004,MED080,B265140,Receipt,300,PO00265,On Time"
"REC001336,2025-04-23,H004,MED013,B793919,Receipt,1931,PO00266,On Time"
"REC001337,2025-04-23,H004,MED029,B960563,Receipt,900,PO00266,On Time"
"REC001338,2025-04-23,H004,MED071,B923346,Receipt,307,PO00266,On Time"
"REC001339,2025-04-23,H004,MED074,B221999,Receipt,316,PO00266,On Time"
"REC001340,2025-04-23,H004,MED075,B855801,Receipt,298,PO00266,On Time"
"REC001341,2025-05-02,H004,MED014,B436585,Receipt,2240,PO00267,On Time"
"REC001342,2025-05-02,H004,MED021,B198511,Receipt,327,PO00267,On Time"
"REC001343,2025-05-02,H004,MED023,B241398,Receipt,303,PO00267,On Time"
"REC001344,2025-05-02,H004,MED033,B360116,Receipt,883,PO00267,On Time"
"REC001345,2025-05-02,H004,MED034,B297133,Receipt,940,PO00267,On Time"
"REC001346,2025-05-02,H004,MED045,B258492,Receipt,916,PO00267,On Time"
"REC001347,2025-05-02,H004,MED046,B858842,Receipt,921,PO00267,On Time"
"REC001348,2025-05-02,H004,MED077,B934800,Receipt,319,PO00267,On Time"
"REC001349,2025-04-23,H004,MED015,B998792,Receipt,2169,PO00268,On Time"
"REC001350,2025-04-23,H004,MED038,B505804,Receipt,910,PO00268,On Time"
"REC001351,2025-04-23,H004,MED047,B348500,Receipt,889,PO00268,On Time"
"REC001352,2025-04-23,H004,MED073,B848013,Receipt,304,PO00268,On Time"
"REC001353,2025-04-23,H004,MED093,B235327,Receipt,346,PO00268,On Time"
"REC001354,2025-04-23,H004,MED094,B599499,Receipt,323,PO00268,On Time"
"REC001355,2025-05-05,H004,MED017,B109078,Receipt,2348,PO00269,On Time"
"REC001356,2025-05-05,H004,MED027,B441705,Receipt,904,PO00269,On Time"
"REC001357,2025-05-05,H004,MED030,B476369,Receipt,922,PO00269,On Time"
"REC001358,2025-05-05,H004,MED039,B444333,Receipt,876,PO00269,On Time"
"REC001359,2025-05-05,H004,MED042,B417348,Receipt,886,PO00269,On Time"
"REC001360,2025-05-05,H004,MED049,B633398,Receipt,928,PO00269,On Time"
"REC001361,2025-05-05,H004,MED098,B450877,Receipt,277,PO00269,On Time"
"REC001362,2025-04-21,H004,MED018,B495141,Receipt,2306,PO00270,On Time"
"REC001363,2025-04-21,H004,MED024,B251094,Receipt,2248,PO00270,On Time"
"REC001364,2025-04-21,H004,MED072,B540097,Receipt,322,PO00270,On Time"
"REC001365,2025-04-21,H004,MED076,B279785,Receipt,317,PO00270,On Time"
"REC001366,2025-04-21,H004,MED078,B732259,Receipt,322,PO00270,On Time"
"REC001367,2025-04-21,H004,MED091,B655655,Receipt,280,PO00270,On Time"
"REC001368,2025-04-26,H004,MED019,B427025,Receipt,2128,PO00271,Delayed"
"REC001369,2025-04-26,H004,MED022,B252360,Receipt,327,PO00271,Delayed"
"REC001370,2025-04-26,H004,MED037,B847512,Receipt,921,PO00271,Delayed"
"REC001371,2025-04-26,H004,MED095,B351051,Receipt,297,PO00271,Delayed"
"REC001372,2025-04-28,H004,MED020,B506845,Receipt,2170,PO00272,On Time"
"REC001373,2025-04-28,H004,MED025,B364500,Receipt,327,PO00272,On Time"
"REC001374,2025-04-28,H004,MED028,B591872,Receipt,856,PO00272,On Time"
"REC001375,2025-04-28,H004,MED035,B790493,Receipt,891,PO00272,On Time"
"REC001376,2025-04-28,H004,MED044,B543324,Receipt,889,PO00272,On Time"
"REC001377,2025-04-28,H004,MED048,B975825,Receipt,868,PO00272,On Time"
"REC001378,2025-04-28,H004,MED057,B599653,Receipt,910,PO00272,On Time"
"REC001379,2025-04-28,H004,MED059,B476188,Receipt,861,PO00272,On Time"
"REC001380,2025-04-28,H004,MED079,B506889,Receipt,292,PO00272,On Time"
"REC001381,2025-04-28,H004,MED099,B270963,Receipt,298,PO00272,On Time"
"REC001382,2025-05-12,H004,MED026,B887093,Receipt,887,PO00273,On Time"
"REC001383,2025-05-12,H004,MED032,B379922,Receipt,893,PO00273,On Time"
"REC001384,2025-05-12,H004,MED040,B119816,Receipt,895,PO00273,On Time"
"REC001385,2025-05-12,H004,MED052,B900101,Receipt,897,PO00273,On Time"
"REC001386,2025-05-12,H004,MED053,B596758,Receipt,903,PO00273,On Time"
"REC001387,2025-05-12,H004,MED054,B386233,Receipt,858,PO00273,On Time"
"REC001388,2025-05-12,H004,MED060,B983084,Receipt,869,PO00273,On Time"
"REC001389,2025-05-12,H004,MED092,B216492,Receipt,318,PO00273,On Time"
"REC001390,2025-05-12,H004,MED096,B415507,Receipt,290,PO00273,On Time"
"REC001391,2025-04-23,H004,MED050,B394700,Receipt,861,PO00274,On Time"
"REC001392,2025-04-23,H004,MED055,B530424,Receipt,847,PO00274,On Time"
"REC001393,2025-04-23,H004,MED097,B935036,Receipt,295,PO00274,On Time"
"REC001394,2025-04-23,H004,MED100,B286994,Receipt,338,PO00274,On Time"
"REC001395,2025-04-04,H004,MED061,B494583,Receipt,2435,PO00275,On Time"
"REC001396,2025-04-04,H004,MED066,B266703,Receipt,2281,PO00275,On Time"
"REC001397,2025-04-07,H004,MED068,B671107,Receipt,2203,PO00276,On Time"
"REC001398,2025-04-07,H004,MED083,B262982,Receipt,921,PO00276,On Time"
"REC001399,2025-04-05,H004,MED070,B159182,Receipt,2281,PO00277,On Time"
"REC001400,2025-04-05,H004,MED081,B700441,Receipt,912,PO00277,On Time"
"REC001401,2025-04-04,H005,MED001,B796683,Receipt,2341,PO00278,On Time"
"REC001402,2025-04-04,H005,MED010,B754801,Receipt,2314,PO00278,On Time"
"REC001403,2025-04-04,H005,MED065,B245016,Receipt,2328,PO00278,On Time"
"REC001404,2025-04-05,H005,MED002,B891327,Receipt,2277,PO00279,On Time"
"REC001405,2025-04-05,H005,MED004,B659873,Receipt,2171,PO00279,On Time"
"REC001406,2025-04-05,H005,MED008,B145033,Receipt,2302,PO00279,On Time"
"REC001407,2025-04-05,H005,MED062,B863711,Receipt,2189,PO00279,On Time"
"REC001408,2025-04-05,H005,MED081,B265937,Receipt,857,PO00279,On Time"
"REC001409,2025-04-05,H005,MED003,B618652,Receipt,2207,PO00280,On Time"
"REC001410,2025-04-05,H005,MED069,B688717,Receipt,2229,PO00280,On Time"
"REC001411,2025-04-05,H005,MED070,B168099,Receipt,2289,PO00280,On Time"
"REC001412,2025-04-05,H005,MED083,B370143,Receipt,927,PO00280,On Time"
"REC001413,2025-04-05,H005,MED089,B173997,Receipt,854,PO00280,On Time"
"REC001414,2025-04-05,H005,MED090,B411877,Receipt,905,PO00280,On Time"
"REC001415,2025-04-07,H005,MED005,B798045,Receipt,2132,PO00281,On Time"
"REC001416,2025-04-07,H005,MED009,B567016,Receipt,2273,PO00281,On Time"
"REC001417,2025-04-07,H005,MED068,B203892,Receipt,2141,PO00281,On Time"
"REC001418,2025-04-07,H005,MED086,B605659,Receipt,841,PO00281,On Time"
"REC001419,2025-04-07,H005,MED087,B686712,Receipt,912,PO00281,On Time"
"REC001420,2025-04-04,H005,MED006,B826331,Receipt,2220,PO00282,On Time"
"REC001421,2025-04-04,H005,MED061,B515872,Receipt,2136,PO00282,On Time"
"REC001422,2025-04-04,H005,MED067,B731827,Receipt,2210,PO00282,On Time"
"REC001423,2025-04-07,H005,MED007,B767689,Receipt,2202,PO00283,On Time"
"REC001424,2025-04-07,H005,MED064,B733065,Receipt,2264,PO00283,On Time"
"REC001425,2025-04-07,H005,MED066,B898519,Receipt,2294,PO00283,On Time"
"REC001426,2025-04-07,H005,MED084,B869605,Receipt,921,PO00283,On Time"
"REC001427,2025-04-07,H005,MED088,B979005,Receipt,884,PO00283,On Time"
"REC001428,2025-04-28,H005,MED011,B556956,Receipt,2214,PO00284,Delayed"
"REC001429,2025-04-28,H005,MED026,B714106,Receipt,924,PO00284,Delayed"
"REC001430,2025-04-28,H005,MED033,B479504,Receipt,928,PO00284,Delayed"
"REC001431,2025-04-28,H005,MED040,B247603,Receipt,902,PO00284,Delayed"
"REC001432,2025-04-28,H005,MED059,B968374,Receipt,881,PO00284,Delayed"
"REC001433,2025-04-28,H005,MED080,B507688,Receipt,338,PO00284,Delayed"
"REC001434,2025-04-28,H005,MED095,B351924,Receipt,313,PO00284,Delayed"
"REC001435,2025-04-28,H005,MED098,B905878,Receipt,309,PO00284,Delayed"
"REC001436,2025-04-28,H005,MED100,B448688,Receipt,317,PO00284,Delayed"
"REC001437,2025-05-02,H005,MED012,B322317,Receipt,2197,PO00285,On Time"
"REC001438,2025-05-02,H005,MED020,B325469,Receipt,2250,PO00285,On Time"
"REC001439,2025-05-02,H005,MED042,B551122,Receipt,910,PO00285,On Time"
"REC001440,2025-05-02,H005,MED044,B248702,Receipt,886,PO00285,On Time"
"REC001441,2025-05-02,H005,MED045,B282051,Receipt,890,PO00285,On Time"
"REC001442,2025-05-02,H005,MED049,B670126,Receipt,897,PO00285,On Time"
"REC001443,2025-05-02,H005,MED054,B941965,Receipt,930,PO00285,On Time"
"REC001444,2025-04-25,H005,MED013,B302380,Receipt,2142,PO00286,On Time"
"REC001445,2025-04-25,H005,MED034,B295713,Receipt,919,PO00286,On Time"
"REC001446,2025-04-25,H005,MED035,B513497,Receipt,924,PO00286,On Time"
"REC001447,2025-04-25,H005,MED037,B518647,Receipt,931,PO00286,On Time"
"REC001448,2025-04-25,H005,MED051,B963403,Receipt,931,PO00286,On Time"
"REC001449,2025-04-25,H005,MED058,B651332,Receipt,921,PO00286,On Time"
"REC001450,2025-04-28,H005,MED014,B656110,Receipt,2201,PO00287,On Time"
"REC001451,2025-04-28,H005,MED016,B659550,Receipt,2277,PO00287,On Time"
"REC001452,2025-04-28,H005,MED019,B256104,Receipt,2307,PO00287,On Time"
"REC001453,2025-04-28,H005,MED027,B386166,Receipt,939,PO00287,On Time"
"REC001454,2025-04-28,H005,MED036,B608679,Receipt,918,PO00287,On Time"
"REC001455,2025-04-28,H005,MED072,B952129,Receipt,327,PO00287,On Time"
"REC001456,2025-04-28,H005,MED073,B471602,Receipt,355,PO00287,On Time"
"REC001457,2025-05-04,H005,MED015,B325371,Receipt,2198,PO00288,On Time"
"REC001458,2025-05-04,H005,MED017,B334555,Receipt,2295,PO00288,On Time"
"REC001459,2025-05-04,H005,MED029,B362307,Receipt,906,PO00288,On Time"
"REC001460,2025-05-04,H005,MED030,B384564,Receipt,914,PO00288,On Time"
"REC001461,2025-05-04,H005,MED031,B780481,Receipt,868,PO00288,On Time"
"REC001462,2025-05-04,H005,MED047,B518443,Receipt,904,PO00288,On Time"
"REC001463,2025-04-21,H005,MED018,B466936,Receipt,1771,PO00289,On Time"
"REC001464,2025-04-21,H005,MED032,B769416,Receipt,923,PO00289,On Time"
"REC001465,2025-04-21,H005,MED056,B688316,Receipt,928,PO00289,On Time"
"REC001466,2025-04-21,H005,MED093,B166707,Receipt,323,PO00289,On Time"
"REC001467,2025-04-23,H005,MED021,B721827,Receipt,282,PO00290,On Time"
"REC001468,2025-04-23,H005,MED025,B597660,Receipt,324,PO00290,On Time"
"REC001469,2025-04-23,H005,MED038,B323332,Receipt,923,PO00290,On Time"
"REC001470,2025-04-23,H005,MED041,B503082,Receipt,875,PO00290,On Time"
"REC001471,2025-04-23,H005,MED046,B223257,Receipt,944,PO00290,On Time"
"REC001472,2025-04-23,H005,MED048,B212990,Receipt,900,PO00290,On Time"
"REC001473,2025-04-23,H005,MED050,B170119,Receipt,836,PO00290,On Time"
"REC001474,2025-04-23,H005,MED075,B869727,Receipt,339,PO00290,On Time"
"REC001475,2025-04-23,H005,MED076,B761616,Receipt,327,PO00290,On Time"
"REC001476,2025-04-23,H005,MED077,B446874,Receipt,300,PO00290,On Time"
"REC001477,2025-04-23,H005,MED079,B839290,Receipt,336,PO00290,On Time"
"REC001478,2025-04-23,H005,MED091,B758003,Receipt,327,PO00290,On Time"
"REC001479,2025-05-05,H005,MED022,B527387,Receipt,320,PO00291,On Time"
"REC001480,2025-05-05,H005,MED060,B680735,Receipt,965,PO00291,On Time"
"REC001481,2025-05-05,H005,MED074,B142092,Receipt,317,PO00291,On Time"
"REC001482,2025-05-05,H005,MED078,B702272,Receipt,343,PO00291,On Time"
"REC001483,2025-05-19,H005,MED023,B943441,Receipt,312,PO00292,Delayed"
"REC001484,2025-05-19,H005,MED028,B737420,Receipt,860,PO00292,Delayed"
"REC001485,2025-05-19,H005,MED052,B224447,Receipt,913,PO00292,Delayed"
"REC001486,2025-05-19,H005,MED071,B516441,Receipt,337,PO00292,Delayed"
"REC001487,2025-05-19,H005,MED094,B495755,Receipt,300,PO00292,Delayed"
"REC001488,2025-04-23,H005,MED024,B282268,Receipt,2228,PO00293,On Time"
"REC001489,2025-04-23,H005,MED039,B529440,Receipt,907,PO00293,On Time"
"REC001490,2025-04-23,H005,MED043,B569511,Receipt,940,PO00293,On Time"
"REC001491,2025-04-23,H005,MED057,B584814,Receipt,869,PO00293,On Time"
"REC001492,2025-04-23,H005,MED096,B380466,Receipt,300,PO00293,On Time"
"REC001493,2025-04-23,H005,MED099,B827067,Receipt,334,PO00293,On Time"
"REC001494,2025-04-23,H005,MED053,B406094,Receipt,924,PO00294,On Time"
"REC001495,2025-04-23,H005,MED055,B289784,Receipt,888,PO00294,On Time"
"REC001496,2025-04-23,H005,MED092,B117073,Receipt,324,PO00294,On Time"
"REC001497,2025-04-23,H005,MED097,B631633,Receipt,303,PO00294,On Time"
"REC001498,2025-04-08,H005,MED063,B180102,Receipt,2263,PO00295,On Time"
"REC001499,2025-04-08,H005,MED082,B577746,Receipt,912,PO00295,On Time"
"REC001500,2025-04-04,H005,MED085,B889271,Receipt,920,PO00296,On Time"
"REC001501,2025-04-04,H006,MED001,B113140,Receipt,1963,PO00297,On Time"
"REC001502,2025-04-04,H006,MED002,B832303,Receipt,2313,PO00297,On Time"
"REC001503,2025-04-04,H006,MED010,B620498,Receipt,2240,PO00297,On Time"
"REC001504,2025-04-04,H006,MED085,B345404,Receipt,867,PO00297,On Time"
"REC001505,2025-04-04,H006,MED089,B745194,Receipt,906,PO00297,On Time"
"REC001506,2025-04-08,H006,MED003,B550542,Receipt,2321,PO00298,On Time"
"REC001507,2025-04-05,H006,MED004,B897232,Receipt,2352,PO00299,On Time"
"REC001508,2025-04-05,H006,MED007,B642777,Receipt,2088,PO00299,On Time"
"REC001509,2025-04-05,H006,MED061,B216656,Receipt,2346,PO00299,On Time"
"REC001510,2025-04-05,H006,MED064,B855181,Receipt,2238,PO00299,On Time"
"REC001511,2025-04-05,H006,MED084,B532548,Receipt,905,PO00299,On Time"
"REC001512,2025-04-07,H006,MED005,B688158,Receipt,2228,PO00300,On Time"
"REC001513,2025-04-07,H006,MED065,B947467,Receipt,2306,PO00300,On Time"
"REC001514,2025-04-07,H006,MED070,B658830,Receipt,2233,PO00300,On Time"
"REC001515,2025-04-04,H006,MED006,B720756,Receipt,2261,PO00301,On Time"
"REC001516,2025-04-04,H006,MED082,B115434,Receipt,895,PO00301,On Time"
"REC001517,2025-04-04,H006,MED088,B839180,Receipt,929,PO00301,On Time"
"REC001518,2025-04-04,H006,MED008,B375709,Receipt,2344,PO00302,On Time"
"REC001519,2025-04-04,H006,MED081,B703291,Receipt,937,PO00302,On Time"
"REC001520,2025-04-04,H006,MED009,B557382,Receipt,2248,PO00303,On Time"
"REC001521,2025-04-04,H006,MED062,B282024,Receipt,2283,PO00303,On Time"
"REC001522,2025-04-04,H006,MED063,B476742,Receipt,2297,PO00303,On Time"
"REC001523,2025-04-04,H006,MED067,B967780,Receipt,2168,PO00303,On Time"
"REC001524,2025-04-04,H006,MED068,B266892,Receipt,2178,PO00303,On Time"
"REC001525,2025-04-04,H006,MED069,B539953,Receipt,2172,PO00303,On Time"
"REC001526,2025-04-04,H006,MED087,B715863,Receipt,862,PO00303,On Time"
"REC001527,2025-04-25,H006,MED011,B962371,Receipt,2306,PO00304,On Time"
"REC001528,2025-04-25,H006,MED042,B524871,Receipt,908,PO00304,On Time"
"REC001529,2025-04-25,H006,MED080,B792148,Receipt,299,PO00304,On Time"
"REC001530,2025-05-02,H006,MED012,B271918,Receipt,1967,PO00305,On Time"
"REC001531,2025-05-02,H006,MED029,B305735,Receipt,872,PO00305,On Time"
"REC001532,2025-05-02,H006,MED047,B285378,Receipt,911,PO00305,On Time"
"REC001533,2025-05-02,H006,MED057,B474226,Receipt,898,PO00305,On Time"
"REC001534,2025-05-02,H006,MED071,B537625,Receipt,291,PO00305,On Time"
"REC001535,2025-05-02,H006,MED078,B336440,Receipt,299,PO00305,On Time"
"REC001536,2025-05-02,H006,MED095,B336527,Receipt,329,PO00305,On Time"
"REC001537,2025-04-27,H006,MED013,B180257,Receipt,2336,PO00306,Delayed"
"REC001538,2025-04-27,H006,MED031,B356190,Receipt,885,PO00306,Delayed"
"REC001539,2025-04-27,H006,MED034,B915948,Receipt,891,PO00306,Delayed"
"REC001540,2025-04-27,H006,MED039,B615693,Receipt,942,PO00306,Delayed"
"REC001541,2025-04-27,H006,MED040,B803814,Receipt,933,PO00306,Delayed"
"REC001542,2025-04-27,H006,MED045,B376993,Receipt,916,PO00306,Delayed"
"REC001543,2025-04-27,H006,MED056,B626549,Receipt,873,PO00306,Delayed"
"REC001544,2025-04-27,H006,MED077,B953966,Receipt,303,PO00306,Delayed"
"REC001545,2025-04-27,H006,MED098,B825753,Receipt,338,PO00306,Delayed"
"REC001546,2025-04-27,H006,MED099,B624426,Receipt,290,PO00306,Delayed"
"REC001547,2025-04-28,H006,MED014,B310545,Receipt,2254,PO00307,On Time"
"REC001548,2025-04-28,H006,MED016,B139901,Receipt,2174,PO00307,On Time"
"REC001549,2025-04-28,H006,MED020,B339968,Receipt,2222,PO00307,On Time"
"REC001550,2025-04-28,H006,MED054,B655083,Receipt,936,PO00307,On Time"
"REC001551,2025-04-28,H006,MED073,B961069,Receipt,332,PO00307,On Time"
"REC001552,2025-04-28,H006,MED075,B986364,Receipt,323,PO00307,On Time"
"REC001553,2025-04-28,H006,MED079,B572501,Receipt,297,PO00307,On Time"
"REC001554,2025-04-23,H006,MED015,B919812,Receipt,2333,PO00308,On Time"
"REC001555,2025-04-23,H006,MED024,B887019,Receipt,2251,PO00308,On Time"
"REC001556,2025-04-23,H006,MED028,B394746,Receipt,924,PO00308,On Time"
"REC001557,2025-04-23,H006,MED037,B802098,Receipt,922,PO00308,On Time"
"REC001558,2025-04-23,H006,MED044,B225149,Receipt,865,PO00308,On Time"
"REC001559,2025-04-23,H006,MED051,B433997,Receipt,871,PO00308,On Time"
"REC001560,2025-04-23,H006,MED058,B561552,Receipt,906,PO00308,On Time"
"REC001561,2025-04-23,H006,MED094,B906970,Receipt,305,PO00308,On Time"
"REC001562,2025-04-26,H006,MED017,B687275,Receipt,2161,PO00309,Delayed"
"REC001563,2025-04-26,H006,MED030,B138547,Receipt,861,PO00309,Delayed"
"REC001564,2025-04-26,H006,MED033,B410925,Receipt,844,PO00309,Delayed"
"REC001565,2025-04-26,H006,MED041,B216219,Receipt,953,PO00309,Delayed"
"REC001566,2025-04-26,H006,MED072,B972552,Receipt,333,PO00309,Delayed"
"REC001567,2025-04-26,H006,MED076,B349768,Receipt,328,PO00309,Delayed"
"REC001568,2025-04-26,H006,MED091,B215598,Receipt,306,PO00309,Delayed"
"REC001569,2025-04-26,H006,MED100,B967964,Receipt,320,PO00309,Delayed"
"REC001570,2025-04-23,H006,MED018,B613012,Receipt,2235,PO00310,On Time"
"REC001571,2025-04-23,H006,MED022,B262002,Receipt,303,PO00310,On Time"
"REC001572,2025-04-23,H006,MED023,B257547,Receipt,315,PO00310,On Time"
"REC001573,2025-04-23,H006,MED025,B191353,Receipt,330,PO00310,On Time"
"REC001574,2025-04-23,H006,MED050,B582604,Receipt,867,PO00310,On Time"
"REC001575,2025-04-23,H006,MED055,B897622,Receipt,865,PO00310,On Time"
"REC001576,2025-04-23,H006,MED059,B982487,Receipt,882,PO00310,On Time"
"REC001577,2025-04-23,H006,MED096,B233004,Receipt,313,PO00310,On Time"
"REC001578,2025-05-04,H006,MED019,B298137,Receipt,2218,PO00311,On Time"
"REC001579,2025-05-04,H006,MED026,B276168,Receipt,911,PO00311,On Time"
"REC001580,2025-05-04,H006,MED032,B212782,Receipt,909,PO00311,On Time"
"REC001581,2025-05-04,H006,MED043,B408877,Receipt,914,PO00311,On Time"
"REC001582,2025-05-04,H006,MED049,B971868,Receipt,911,PO00311,On Time"
"REC001583,2025-05-04,H006,MED093,B785763,Receipt,330,PO00311,On Time"
"REC001584,2025-05-12,H006,MED021,B395138,Receipt,341,PO00312,On Time"
"REC001585,2025-05-12,H006,MED036,B757957,Receipt,872,PO00312,On Time"
"REC001586,2025-05-12,H006,MED038,B346183,Receipt,923,PO00312,On Time"
"REC001587,2025-05-12,H006,MED048,B805860,Receipt,882,PO00312,On Time"
"REC001588,2025-05-12,H006,MED052,B188668,Receipt,914,PO00312,On Time"
"REC001589,2025-05-12,H006,MED053,B964434,Receipt,875,PO00312,On Time"
"REC001590,2025-05-12,H006,MED060,B849971,Receipt,825,PO00312,On Time"
"REC001591,2025-05-12,H006,MED097,B150098,Receipt,311,PO00312,On Time"
"REC001592,2025-04-23,H006,MED027,B439119,Receipt,862,PO00313,On Time"
"REC001593,2025-04-23,H006,MED035,B909178,Receipt,936,PO00313,On Time"
"REC001594,2025-04-23,H006,MED046,B385711,Receipt,884,PO00313,On Time"
"REC001595,2025-04-07,H006,MED066,B303196,Receipt,2171,PO00314,On Time"
"REC001596,2025-04-07,H006,MED083,B752667,Receipt,875,PO00314,On Time"
"REC001597,2025-04-07,H006,MED086,B278570,Receipt,853,PO00314,On Time"
"REC001598,2025-05-05,H006,MED074,B801979,Receipt,311,PO00315,On Time"
"REC001599,2025-05-05,H006,MED092,B253124,Receipt,313,PO00315,On Time"
"REC001600,2025-04-05,H006,MED090,B303199,Receipt,948,PO00316,On Time"
"REC001601,2025-04-05,H007,MED001,B971522,Receipt,2224,PO00317,On Time"
"REC001602,2025-04-05,H007,MED006,B591024,Receipt,2184,PO00317,On Time"
"REC001603,2025-04-05,H007,MED082,B697690,Receipt,908,PO00317,On Time"
"REC001604,2025-04-05,H007,MED085,B521217,Receipt,945,PO00317,On Time"
"REC001605,2025-04-05,H007,MED002,B702276,Receipt,2202,PO00318,On Time"
"REC001606,2025-04-05,H007,MED064,B914038,Receipt,2390,PO00318,On Time"
"REC001607,2025-04-05,H007,MED065,B878883,Receipt,2272,PO00318,On Time"
"REC001608,2025-04-05,H007,MED067,B862371,Receipt,2292,PO00318,On Time"
"REC001609,2025-04-05,H007,MED086,B316204,Receipt,925,PO00318,On Time"
"REC001610,2025-04-04,H007,MED003,B921860,Receipt,2169,PO00319,On Time"
"REC001611,2025-04-04,H007,MED007,B195071,Receipt,2202,PO00319,On Time"
"REC001612,2025-04-04,H007,MED010,B587505,Receipt,2352,PO00319,On Time"
"REC001613,2025-04-04,H007,MED062,B499371,Receipt,2082,PO00319,On Time"
"REC001614,2025-04-04,H007,MED070,B213688,Receipt,2213,PO00319,On Time"
"REC001615,2025-04-04,H007,MED088,B599797,Receipt,940,PO00319,On Time"
"REC001616,2025-04-04,H007,MED089,B239227,Receipt,866,PO00319,On Time"
"REC001617,2025-04-07,H007,MED004,B912853,Receipt,2239,PO00320,On Time"
"REC001618,2025-04-07,H007,MED066,B187265,Receipt,2391,PO00320,On Time"
"REC001619,2025-04-07,H007,MED083,B950193,Receipt,945,PO00320,On Time"
"REC001620,2025-04-08,H007,MED005,B191088,Receipt,2283,PO00321,On Time"
"REC001621,2025-04-08,H007,MED069,B968584,Receipt,2376,PO00321,On Time"
"REC001622,2025-04-08,H007,MED081,B128328,Receipt,943,PO00321,On Time"
"REC001623,2025-04-08,H007,MED090,B687515,Receipt,866,PO00321,On Time"
"REC001624,2025-04-07,H007,MED008,B521280,Receipt,2194,PO00322,On Time"
"REC001625,2025-04-07,H007,MED061,B927424,Receipt,2290,PO00322,On Time"
"REC001626,2025-04-04,H007,MED009,B692632,Receipt,2334,PO00323,On Time"
"REC001627,2025-05-04,H007,MED011,B808770,Receipt,2260,PO00324,On Time"
"REC001628,2025-05-04,H007,MED021,B849078,Receipt,329,PO00324,On Time"
"REC001629,2025-05-04,H007,MED029,B222258,Receipt,876,PO00324,On Time"
"REC001630,2025-05-04,H007,MED032,B114743,Receipt,909,PO00324,On Time"
"REC001631,2025-05-04,H007,MED050,B972328,Receipt,973,PO00324,On Time"
"REC001632,2025-05-04,H007,MED053,B388816,Receipt,930,PO00324,On Time"
"REC001633,2025-05-04,H007,MED074,B902673,Receipt,299,PO00324,On Time"
"REC001634,2025-05-04,H007,MED076,B595164,Receipt,311,PO00324,On Time"
"REC001635,2025-05-05,H007,MED012,B364528,Receipt,2121,PO00325,On Time"
"REC001636,2025-05-05,H007,MED013,B804293,Receipt,2259,PO00325,On Time"
"REC001637,2025-05-05,H007,MED036,B937393,Receipt,909,PO00325,On Time"
"REC001638,2025-05-05,H007,MED049,B227927,Receipt,862,PO00325,On Time"
"REC001639,2025-05-05,H007,MED073,B118990,Receipt,306,PO00325,On Time"
"REC001640,2025-05-05,H007,MED093,B512918,Receipt,333,PO00325,On Time"
"REC001641,2025-05-02,H007,MED014,B585662,Receipt,2281,PO00326,On Time"
"REC001642,2025-05-02,H007,MED015,B317770,Receipt,2169,PO00326,On Time"
"REC001643,2025-05-02,H007,MED022,B632893,Receipt,325,PO00326,On Time"
"REC001644,2025-05-02,H007,MED031,B649523,Receipt,921,PO00326,On Time"
"REC001645,2025-05-02,H007,MED038,B468266,Receipt,898,PO00326,On Time"
"REC001646,2025-05-02,H007,MED045,B487881,Receipt,905,PO00326,On Time"
"REC001647,2025-05-02,H007,MED047,B940552,Receipt,944,PO00326,On Time"
"REC001648,2025-04-23,H007,MED016,B767304,Receipt,2291,PO00327,On Time"
"REC001649,2025-04-23,H007,MED024,B563937,Receipt,2270,PO00327,On Time"
"REC001650,2025-04-23,H007,MED025,B861019,Receipt,295,PO00327,On Time"
"REC001651,2025-04-23,H007,MED028,B914886,Receipt,937,PO00327,On Time"
"REC001652,2025-04-23,H007,MED042,B716410,Receipt,876,PO00327,On Time"
"REC001653,2025-04-23,H007,MED055,B660897,Receipt,918,PO00327,On Time"
"REC001654,2025-04-23,H007,MED057,B983096,Receipt,915,PO00327,On Time"
"REC001655,2025-04-23,H007,MED095,B732413,Receipt,322,PO00327,On Time"
"REC001656,2025-04-23,H007,MED098,B780089,Receipt,292,PO00327,On Time"
"REC001657,2025-04-23,H007,MED100,B405505,Receipt,296,PO00327,On Time"
"REC001658,2025-04-21,H007,MED017,B177842,Receipt,2215,PO00328,On Time"
"REC001659,2025-04-21,H007,MED023,B685676,Receipt,296,PO00328,On Time"
"REC001660,2025-04-21,H007,MED026,B851518,Receipt,879,PO00328,On Time"
"REC001661,2025-04-21,H007,MED033,B957558,Receipt,911,PO00328,On Time"
"REC001662,2025-04-21,H007,MED052,B436227,Receipt,900,PO00328,On Time"
"REC001663,2025-04-21,H007,MED072,B656718,Receipt,326,PO00328,On Time"
"REC001664,2025-04-21,H007,MED096,B905581,Receipt,324,PO00328,On Time"
"REC001665,2025-04-21,H007,MED097,B873210,Receipt,287,PO00328,On Time"
"REC001666,2025-04-21,H007,MED099,B742762,Receipt,333,PO00328,On Time"
"REC001667,2025-04-26,H007,MED018,B766246,Receipt,2261,PO00329,Delayed"
"REC001668,2025-04-26,H007,MED030,B378710,Receipt,942,PO00329,Delayed"
"REC001669,2025-04-26,H007,MED035,B976110,Receipt,882,PO00329,Delayed"
"REC001670,2025-04-26,H007,MED040,B191218,Receipt,839,PO00329,Delayed"
"REC001671,2025-04-26,H007,MED051,B345739,Receipt,923,PO00329,Delayed"
"REC001672,2025-04-26,H007,MED056,B807173,Receipt,903,PO00329,Delayed"
"REC001673,2025-05-12,H007,MED019,B881198,Receipt,2130,PO00330,On Time"
"REC001674,2025-05-12,H007,MED048,B126654,Receipt,890,PO00330,On Time"
"REC001675,2025-05-12,H007,MED060,B348552,Receipt,875,PO00330,On Time"
"REC001676,2025-05-12,H007,MED079,B667815,Receipt,330,PO00330,On Time"
"REC001677,2025-05-12,H007,MED080,B565226,Receipt,308,PO00330,On Time"
"REC001678,2025-04-28,H007,MED020,B534376,Receipt,2213,PO00331,On Time"
"REC001679,2025-04-28,H007,MED027,B223853,Receipt,865,PO00331,On Time"
"REC001680,2025-04-28,H007,MED037,B834983,Receipt,922,PO00331,On Time"
"REC001681,2025-04-28,H007,MED039,B596043,Receipt,913,PO00331,On Time"
"REC001682,2025-04-28,H007,MED046,B691202,Receipt,954,PO00331,On Time"
"REC001683,2025-04-28,H007,MED071,B811111,Receipt,314,PO00331,On Time"
"REC001684,2025-04-28,H007,MED075,B593216,Receipt,292,PO00331,On Time"
"REC001685,2025-04-28,H007,MED094,B192764,Receipt,337,PO00331,On Time"
"REC001686,2025-04-23,H007,MED034,B268785,Receipt,886,PO00332,On Time"
"REC001687,2025-04-23,H007,MED044,B961789,Receipt,908,PO00332,On Time"
"REC001688,2025-04-23,H007,MED078,B953900,Receipt,303,PO00332,On Time"
"REC001689,2025-04-23,H007,MED091,B782773,Receipt,326,PO00332,On Time"
"REC001690,2025-04-23,H007,MED092,B445740,Receipt,296,PO00332,On Time"
"REC001691,2025-04-25,H007,MED041,B865348,Receipt,916,PO00333,On Time"
"REC001692,2025-04-25,H007,MED043,B916228,Receipt,905,PO00333,On Time"
"REC001693,2025-04-25,H007,MED077,B931037,Receipt,316,PO00333,On Time"
"REC001694,2025-04-23,H007,MED054,B233172,Receipt,885,PO00334,On Time"
"REC001695,2025-04-23,H007,MED058,B464662,Receipt,866,PO00334,On Time"
"REC001696,2025-04-23,H007,MED059,B889177,Receipt,898,PO00334,On Time"
"REC001697,2025-04-04,H007,MED063,B549763,Receipt,2241,PO00335,On Time"
"REC001698,2025-04-04,H007,MED068,B436851,Receipt,2261,PO00335,On Time"
"REC001699,2025-04-04,H007,MED087,B514758,Receipt,877,PO00335,On Time"
"REC001700,2025-04-04,H007,MED084,B228389,Receipt,920,PO00336,On Time"
"REC001701,2025-04-07,H008,MED001,B811935,Receipt,2274,PO00337,On Time"
"REC001702,2025-04-07,H008,MED084,B156358,Receipt,868,PO00337,On Time"
"REC001703,2025-04-07,H008,MED087,B613942,Receipt,852,PO00337,On Time"
"REC001704,2025-04-08,H008,MED002,B357906,Receipt,2310,PO00338,On Time"
"REC001705,2025-04-08,H008,MED010,B399188,Receipt,2252,PO00338,On Time"
"REC001706,2025-04-08,H008,MED064,B212935,Receipt,2219,PO00338,On Time"
"REC001707,2025-04-08,H008,MED089,B694557,Receipt,916,PO00338,On Time"
"REC001708,2025-04-04,H008,MED003,B728889,Receipt,2346,PO00339,On Time"
"REC001709,2025-04-04,H008,MED007,B453646,Receipt,2253,PO00339,On Time"
"REC001710,2025-04-04,H008,MED061,B821755,Receipt,2285,PO00339,On Time"
"REC001711,2025-04-04,H008,MED067,B737431,Receipt,2177,PO00339,On Time"
"REC001712,2025-04-04,H008,MED085,B622710,Receipt,904,PO00339,On Time"
"REC001713,2025-04-04,H008,MED086,B979854,Receipt,882,PO00339,On Time"
"REC001714,2025-04-04,H008,MED004,B174601,Receipt,2281,PO00340,On Time"
"REC001715,2025-04-04,H008,MED009,B107415,Receipt,2176,PO00340,On Time"
"REC001716,2025-04-04,H008,MED066,B953329,Receipt,2286,PO00340,On Time"
"REC001717,2025-04-04,H008,MED082,B859785,Receipt,908,PO00340,On Time"
"REC001718,2025-04-05,H008,MED005,B882215,Receipt,2293,PO00341,On Time"
"REC001719,2025-04-05,H008,MED008,B372919,Receipt,2268,PO00341,On Time"
"REC001720,2025-04-05,H008,MED069,B108024,Receipt,2181,PO00341,On Time"
"REC001721,2025-04-05,H008,MED070,B979140,Receipt,2253,PO00341,On Time"
"REC001722,2025-04-05,H008,MED088,B639243,Receipt,909,PO00341,On Time"
"REC001723,2025-04-05,H008,MED006,B291387,Receipt,2342,PO00342,On Time"
"REC001724,2025-04-05,H008,MED063,B989855,Receipt,2234,PO00342,On Time"
"REC001725,2025-04-05,H008,MED065,B838464,Receipt,2209,PO00342,On Time"
"REC001726,2025-04-05,H008,MED090,B199977,Receipt,923,PO00342,On Time"
"REC001727,2025-04-27,H008,MED011,B596965,Receipt,2267,PO00343,Delayed"
"REC001728,2025-04-27,H008,MED015,B654394,Receipt,2226,PO00343,Delayed"
"REC001729,2025-04-27,H008,MED016,B327189,Receipt,2275,PO00343,Delayed"
"REC001730,2025-04-27,H008,MED018,B178077,Receipt,2313,PO00343,Delayed"
"REC001731,2025-04-27,H008,MED019,B913560,Receipt,2190,PO00343,Delayed"
"REC001732,2025-04-27,H008,MED024,B622552,Receipt,1830,PO00343,Delayed"
"REC001733,2025-04-27,H008,MED030,B259034,Receipt,954,PO00343,Delayed"
"REC001734,2025-04-27,H008,MED036,B434971,Receipt,911,PO00343,Delayed"
"REC001735,2025-04-27,H008,MED039,B742927,Receipt,910,PO00343,Delayed"
"REC001736,2025-04-27,H008,MED059,B702801,Receipt,916,PO00343,Delayed"
"REC001737,2025-04-27,H008,MED079,B752416,Receipt,311,PO00343,Delayed"
"REC001738,2025-05-04,H008,MED012,B924834,Receipt,2254,PO00344,Delayed"
"REC001739,2025-05-04,H008,MED023,B512672,Receipt,296,PO00344,Delayed"
"REC001740,2025-05-04,H008,MED026,B403664,Receipt,892,PO00344,Delayed"
"REC001741,2025-05-04,H008,MED028,B435299,Receipt,917,PO00344,Delayed"
"REC001742,2025-05-04,H008,MED037,B247595,Receipt,861,PO00344,Delayed"
"REC001743,2025-05-04,H008,MED072,B798787,Receipt,327,PO00344,Delayed"
"REC001744,2025-05-04,H008,MED076,B397986,Receipt,309,PO00344,Delayed"
"REC001745,2025-05-04,H008,MED080,B758966,Receipt,292,PO00344,Delayed"
"REC001746,2025-04-30,H008,MED013,B840389,Receipt,2295,PO00345,Delayed"
"REC001747,2025-04-30,H008,MED020,B351514,Receipt,2234,PO00345,Delayed"
"REC001748,2025-04-30,H008,MED022,B484193,Receipt,316,PO00345,Delayed"
"REC001749,2025-04-30,H008,MED038,B254692,Receipt,888,PO00345,Delayed"
"REC001750,2025-05-05,H008,MED014,B151001,Receipt,2175,PO00346,On Time"
"REC001751,2025-05-05,H008,MED029,B471513,Receipt,894,PO00346,On Time"
"REC001752,2025-05-05,H008,MED043,B719064,Receipt,859,PO00346,On Time"
"REC001753,2025-05-05,H008,MED093,B115534,Receipt,310,PO00346,On Time"
"REC001754,2025-05-05,H008,MED094,B858761,Receipt,296,PO00346,On Time"
"REC001755,2025-05-05,H008,MED095,B811413,Receipt,326,PO00346,On Time"
"REC001756,2025-04-23,H008,MED017,B419759,Receipt,2307,PO00347,On Time"
"REC001757,2025-04-23,H008,MED025,B645932,Receipt,331,PO00347,On Time"
"REC001758,2025-04-23,H008,MED040,B501062,Receipt,914,PO00347,On Time"
"REC001759,2025-04-23,H008,MED049,B130949,Receipt,885,PO00347,On Time"
"REC001760,2025-04-23,H008,MED021,B535928,Receipt,283,PO00348,On Time"
"REC001761,2025-04-23,H008,MED034,B510482,Receipt,871,PO00348,On Time"
"REC001762,2025-04-23,H008,MED035,B386479,Receipt,930,PO00348,On Time"
"REC001763,2025-04-23,H008,MED050,B161842,Receipt,855,PO00348,On Time"
"REC001764,2025-04-23,H008,MED060,B588067,Receipt,913,PO00348,On Time"
"REC001765,2025-04-23,H008,MED077,B375796,Receipt,313,PO00348,On Time"
"REC001766,2025-04-23,H008,MED078,B935825,Receipt,266,PO00348,On Time"
"REC001767,2025-04-23,H008,MED092,B407086,Receipt,291,PO00348,On Time"
"REC001768,2025-04-25,H008,MED027,B808672,Receipt,972,PO00349,On Time"
"REC001769,2025-04-25,H008,MED031,B472047,Receipt,899,PO00349,On Time"
"REC001770,2025-04-25,H008,MED042,B647219,Receipt,945,PO00349,On Time"
"REC001771,2025-04-25,H008,MED057,B570435,Receipt,851,PO00349,On Time"
"REC001772,2025-04-25,H008,MED073,B959665,Receipt,329,PO00349,On Time"
"REC001773,2025-04-25,H008,MED097,B184607,Receipt,315,PO00349,On Time"
"REC001774,2025-05-12,H008,MED032,B397675,Receipt,867,PO00350,On Time"
"REC001775,2025-05-12,H008,MED046,B843088,Receipt,860,PO00350,On Time"
"REC001776,2025-05-12,H008,MED048,B235189,Receipt,905,PO00350,On Time"
"REC001777,2025-05-12,H008,MED052,B719055,Receipt,910,PO00350,On Time"
"REC001778,2025-05-12,H008,MED054,B948692,Receipt,899,PO00350,On Time"
"REC001779,2025-05-12,H008,MED058,B393125,Receipt,930,PO00350,On Time"
"REC001780,2025-05-12,H008,MED074,B834412,Receipt,316,PO00350,On Time"
"REC001781,2025-05-02,H008,MED033,B746238,Receipt,894,PO00351,On Time"
"REC001782,2025-05-02,H008,MED044,B503777,Receipt,949,PO00351,On Time"
"REC001783,2025-05-02,H008,MED047,B656376,Receipt,869,PO00351,On Time"
"REC001784,2025-05-02,H008,MED055,B888245,Receipt,970,PO00351,On Time"
"REC001785,2025-05-02,H008,MED075,B653781,Receipt,284,PO00351,On Time"
"REC001786,2025-05-02,H008,MED098,B755129,Receipt,301,PO00351,On Time"
"REC001787,2025-04-21,H008,MED041,B175277,Receipt,854,PO00352,On Time"
"REC001788,2025-04-21,H008,MED051,B868917,Receipt,889,PO00352,On Time"
"REC001789,2025-04-21,H008,MED053,B653372,Receipt,919,PO00352,On Time"
"REC001790,2025-04-21,H008,MED056,B797411,Receipt,888,PO00352,On Time"
"REC001791,2025-04-21,H008,MED091,B886086,Receipt,325,PO00352,On Time"
"REC001792,2025-04-21,H008,MED099,B453076,Receipt,337,PO00352,On Time"
"REC001793,2025-05-07,H008,MED045,B495204,Receipt,927,PO00353,Delayed"
"REC001794,2025-05-07,H008,MED071,B616540,Receipt,292,PO00353,Delayed"
"REC001795,2025-05-07,H008,MED096,B504015,Receipt,342,PO00353,Delayed"
"REC001796,2025-05-07,H008,MED100,B747418,Receipt,276,PO00353,Delayed"
"REC001797,2025-04-04,H008,MED062,B818316,Receipt,2126,PO00354,On Time"
"REC001798,2025-04-04,H008,MED083,B123408,Receipt,860,PO00354,On Time"
"REC001799,2025-04-07,H008,MED068,B996749,Receipt,2221,PO00355,On Time"
"REC001800,2025-04-04,H008,MED081,B867286,Receipt,923,PO00356,On Time"
"REC001801,2025-04-04,H009,MED001,B523291,Receipt,2235,PO00357,On Time"
"REC001802,2025-04-04,H009,MED090,B547244,Receipt,909,PO00357,On Time"
"REC001803,2025-04-07,H009,MED002,B945623,Receipt,2231,PO00358,On Time"
"REC001804,2025-04-07,H009,MED010,B145095,Receipt,2233,PO00358,On Time"
"REC001805,2025-04-07,H009,MED062,B857634,Receipt,2226,PO00358,On Time"
"REC001806,2025-04-07,H009,MED087,B902348,Receipt,933,PO00358,On Time"
"REC001807,2025-04-09,H009,MED003,B668242,Receipt,2238,PO00359,Delayed"
"REC001808,2025-04-09,H009,MED007,B307139,Receipt,2211,PO00359,Delayed"
"REC001809,2025-04-09,H009,MED009,B585097,Receipt,2168,PO00359,Delayed"
"REC001810,2025-04-09,H009,MED061,B102775,Receipt,2188,PO00359,Delayed"
"REC001811,2025-04-09,H009,MED068,B897124,Receipt,2284,PO00359,Delayed"
"REC001812,2025-04-08,H009,MED004,B280882,Receipt,2336,PO00360,On Time"
"REC001813,2025-04-08,H009,MED005,B169300,Receipt,2239,PO00360,On Time"
"REC001814,2025-04-08,H009,MED066,B924657,Receipt,2206,PO00360,On Time"
"REC001815,2025-04-05,H009,MED006,B927585,Receipt,2304,PO00361,On Time"
"REC001816,2025-04-05,H009,MED064,B969001,Receipt,2250,PO00361,On Time"
"REC001817,2025-04-05,H009,MED070,B578454,Receipt,2270,PO00361,On Time"
"REC001818,2025-04-05,H009,MED082,B592239,Receipt,882,PO00361,On Time"
"REC001819,2025-04-05,H009,MED083,B425437,Receipt,955,PO00361,On Time"
"REC001820,2025-04-05,H009,MED086,B334196,Receipt,918,PO00361,On Time"
"REC001821,2025-04-05,H009,MED089,B963917,Receipt,901,PO00361,On Time"
"REC001822,2025-04-04,H009,MED008,B892908,Receipt,2244,PO00362,On Time"
"REC001823,2025-04-04,H009,MED063,B452365,Receipt,2229,PO00362,On Time"
"REC001824,2025-04-04,H009,MED069,B814647,Receipt,2177,PO00362,On Time"
"REC001825,2025-04-23,H009,MED011,B450067,Receipt,2286,PO00363,On Time"
"REC001826,2025-04-23,H009,MED013,B756030,Receipt,2241,PO00363,On Time"
"REC001827,2025-04-23,H009,MED015,B201158,Receipt,2238,PO00363,On Time"
"REC001828,2025-04-23,H009,MED046,B958950,Receipt,938,PO00363,On Time"
"REC001829,2025-04-23,H009,MED058,B507931,Receipt,907,PO00363,On Time"
"REC001830,2025-04-24,H009,MED012,B427069,Receipt,2336,PO00364,Delayed"
"REC001831,2025-04-24,H009,MED016,B973030,Receipt,2418,PO00364,Delayed"
"REC001832,2025-04-24,H009,MED024,B310048,Receipt,2266,PO00364,Delayed"
"REC001833,2025-04-24,H009,MED025,B821818,Receipt,329,PO00364,Delayed"
"REC001834,2025-04-24,H009,MED036,B893076,Receipt,957,PO00364,Delayed"
"REC001835,2025-04-24,H009,MED052,B114995,Receipt,891,PO00364,Delayed"
"REC001836,2025-04-21,H009,MED014,B345144,Receipt,2258,PO00365,On Time"
"REC001837,2025-04-21,H009,MED027,B915495,Receipt,917,PO00365,On Time"
"REC001838,2025-04-21,H009,MED044,B277718,Receipt,932,PO00365,On Time"
"REC001839,2025-04-21,H009,MED057,B811943,Receipt,930,PO00365,On Time"
"REC001840,2025-04-21,H009,MED076,B510834,Receipt,308,PO00365,On Time"
"REC001841,2025-04-21,H009,MED077,B897583,Receipt,314,PO00365,On Time"
"REC001842,2025-04-21,H009,MED080,B932583,Receipt,285,PO00365,On Time"
"REC001843,2025-04-21,H009,MED096,B746045,Receipt,332,PO00365,On Time"
"REC001844,2025-04-21,H009,MED099,B118074,Receipt,310,PO00365,On Time"
"REC001845,2025-05-05,H009,MED017,B903806,Receipt,2194,PO00366,On Time"
"REC001846,2025-05-05,H009,MED021,B735274,Receipt,329,PO00366,On Time"
"REC001847,2025-05-05,H009,MED029,B225829,Receipt,951,PO00366,On Time"
"REC001848,2025-05-05,H009,MED045,B591006,Receipt,907,PO00366,On Time"
"REC001849,2025-05-05,H009,MED048,B374336,Receipt,900,PO00366,On Time"
"REC001850,2025-05-05,H009,MED071,B876372,Receipt,311,PO00366,On Time"
"REC001851,2025-05-05,H009,MED075,B805356,Receipt,308,PO00366,On Time"
"REC001852,2025-05-05,H009,MED097,B568011,Receipt,310,PO00366,On Time"
"REC001853,2025-05-05,H009,MED100,B116061,Receipt,317,PO00366,On Time"
"REC001854,2025-05-02,H009,MED018,B388213,Receipt,2218,PO00367,On Time"
"REC001855,2025-05-02,H009,MED039,B700600,Receipt,860,PO00367,On Time"
"REC001856,2025-05-02,H009,MED054,B515466,Receipt,954,PO00367,On Time"
"REC001857,2025-05-02,H009,MED055,B621396,Receipt,941,PO00367,On Time"
"REC001858,2025-05-02,H009,MED059,B303561,Receipt,945,PO00367,On Time"
"REC001859,2025-05-02,H009,MED072,B395599,Receipt,280,PO00367,On Time"
"REC001860,2025-05-02,H009,MED073,B764846,Receipt,315,PO00367,On Time"
"REC001861,2025-05-02,H009,MED093,B537585,Receipt,279,PO00367,On Time"
"REC001862,2025-04-24,H009,MED019,B919253,Receipt,2216,PO00368,Delayed"
"REC001863,2025-04-24,H009,MED023,B307352,Receipt,299,PO00368,Delayed"
"REC001864,2025-04-24,H009,MED026,B750102,Receipt,916,PO00368,Delayed"
"REC001865,2025-04-24,H009,MED030,B722334,Receipt,880,PO00368,Delayed"
"REC001866,2025-04-24,H009,MED033,B436986,Receipt,883,PO00368,Delayed"
"REC001867,2025-04-24,H009,MED037,B545872,Receipt,859,PO00368,Delayed"
"REC001868,2025-04-24,H009,MED042,B908596,Receipt,907,PO00368,Delayed"
"REC001869,2025-04-24,H009,MED047,B685457,Receipt,850,PO00368,Delayed"
"REC001870,2025-04-24,H009,MED091,B938927,Receipt,326,PO00368,Delayed"
"REC001871,2025-04-24,H009,MED094,B441558,Receipt,279,PO00368,Delayed"
"REC001872,2025-04-28,H009,MED020,B795532,Receipt,2235,PO00369,On Time"
"REC001873,2025-04-28,H009,MED031,B967591,Receipt,895,PO00369,On Time"
"REC001874,2025-04-28,H009,MED078,B209373,Receipt,334,PO00369,On Time"
"REC001875,2025-04-28,H009,MED092,B297478,Receipt,317,PO00369,On Time"
"REC001876,2025-04-28,H009,MED098,B331182,Receipt,320,PO00369,On Time"
"REC001877,2025-04-25,H009,MED022,B149522,Receipt,317,PO00370,On Time"
"REC001878,2025-04-25,H009,MED035,B998035,Receipt,888,PO00370,On Time"
"REC001879,2025-04-25,H009,MED038,B799746,Receipt,974,PO00370,On Time"
"REC001880,2025-05-04,H009,MED028,B564462,Receipt,945,PO00371,On Time"
"REC001881,2025-05-04,H009,MED040,B529505,Receipt,912,PO00371,On Time"
"REC001882,2025-05-04,H009,MED043,B704056,Receipt,961,PO00371,On Time"
"REC001883,2025-05-04,H009,MED051,B808387,Receipt,906,PO00371,On Time"
"REC001884,2025-05-04,H009,MED053,B776479,Receipt,893,PO00371,On Time"
"REC001885,2025-05-12,H009,MED032,B921935,Receipt,886,PO00372,On Time"
"REC001886,2025-05-12,H009,MED034,B277826,Receipt,876,PO00372,On Time"
"REC001887,2025-05-12,H009,MED056,B798148,Receipt,888,PO00372,On Time"
"REC001888,2025-05-12,H009,MED074,B593960,Receipt,278,PO00372,On Time"
"REC001889,2025-05-12,H009,MED079,B966491,Receipt,336,PO00372,On Time"
"REC001890,2025-05-12,H009,MED095,B394067,Receipt,303,PO00372,On Time"
"REC001891,2025-04-23,H009,MED041,B839538,Receipt,935,PO00373,On Time"
"REC001892,2025-04-23,H009,MED049,B428821,Receipt,887,PO00373,On Time"
"REC001893,2025-04-23,H009,MED050,B812793,Receipt,860,PO00373,On Time"
"REC001894,2025-04-23,H009,MED060,B969446,Receipt,870,PO00373,On Time"
"REC001895,2025-04-04,H009,MED065,B378495,Receipt,2179,PO00374,On Time"
"REC001896,2025-04-04,H009,MED067,B800033,Receipt,2182,PO00374,On Time"
"REC001897,2025-04-04,H009,MED085,B112100,Receipt,846,PO00374,On Time"
"REC001898,2025-04-04,H009,MED088,B116279,Receipt,895,PO00374,On Time"
"REC001899,2025-04-07,H009,MED081,B181972,Receipt,878,PO00375,On Time"
"REC001900,2025-04-04,H009,MED084,B543066,Receipt,935,PO00376,On Time"
"REC001901,2025-04-05,H010,MED001,B478336,Receipt,2322,PO00377,On Time"
"REC001902,2025-04-05,H010,MED010,B367136,Receipt,2215,PO00377,On Time"
"REC001903,2025-04-05,H010,MED067,B453039,Receipt,2280,PO00377,On Time"
"REC001904,2025-04-05,H010,MED068,B409509,Receipt,2269,PO00377,On Time"
"REC001905,2025-04-05,H010,MED070,B139553,Receipt,2206,PO00377,On Time"
"REC001906,2025-04-05,H010,MED083,B838591,Receipt,960,PO00377,On Time"
"REC001907,2025-04-08,H010,MED002,B596005,Receipt,2254,PO00378,On Time"
"REC001908,2025-04-08,H010,MED009,B580441,Receipt,1891,PO00378,On Time"
"REC001909,2025-04-08,H010,MED064,B847567,Receipt,2345,PO00378,On Time"
"REC001910,2025-04-08,H010,MED082,B157062,Receipt,942,PO00378,On Time"
"REC001911,2025-04-08,H010,MED089,B452215,Receipt,906,PO00378,On Time"
"REC001912,2025-04-04,H010,MED003,B977042,Receipt,2299,PO00379,On Time"
"REC001913,2025-04-04,H010,MED004,B254455,Receipt,1874,PO00379,On Time"
"REC001914,2025-04-04,H010,MED084,B778525,Receipt,932,PO00379,On Time"
"REC001915,2025-04-04,H010,MED005,B527858,Receipt,2293,PO00380,On Time"
"REC001916,2025-04-04,H010,MED065,B448844,Receipt,2242,PO00380,On Time"
"REC001917,2025-04-04,H010,MED085,B851393,Receipt,849,PO00380,On Time"
"REC001918,2025-04-04,H010,MED090,B656119,Receipt,850,PO00380,On Time"
"REC001919,2025-04-07,H010,MED006,B835415,Receipt,2256,PO00381,On Time"
"REC001920,2025-04-07,H010,MED066,B663457,Receipt,2285,PO00381,On Time"
"REC001921,2025-04-04,H010,MED007,B328931,Receipt,2356,PO00382,On Time"
"REC001922,2025-04-04,H010,MED061,B933238,Receipt,2313,PO00382,On Time"
"REC001923,2025-04-04,H010,MED063,B735254,Receipt,2197,PO00382,On Time"
"REC001924,2025-04-04,H010,MED086,B497891,Receipt,910,PO00382,On Time"
"REC001925,2025-04-07,H010,MED008,B231379,Receipt,2287,PO00383,On Time"
"REC001926,2025-04-07,H010,MED062,B856079,Receipt,2226,PO00383,On Time"
"REC001927,2025-04-07,H010,MED069,B987081,Receipt,1946,PO00383,On Time"
"REC001928,2025-04-25,H010,MED011,B860177,Receipt,2248,PO00384,On Time"
"REC001929,2025-04-25,H010,MED017,B746275,Receipt,2284,PO00384,On Time"
"REC001930,2025-04-25,H010,MED034,B532829,Receipt,930,PO00384,On Time"
"REC001931,2025-04-25,H010,MED054,B674887,Receipt,889,PO00384,On Time"
"REC001932,2025-04-25,H010,MED056,B834595,Receipt,939,PO00384,On Time"
"REC001933,2025-04-25,H010,MED077,B899180,Receipt,311,PO00384,On Time"
"REC001934,2025-04-25,H010,MED079,B103969,Receipt,296,PO00384,On Time"
"REC001935,2025-04-25,H010,MED080,B623293,Receipt,349,PO00384,On Time"
"REC001936,2025-04-23,H010,MED012,B103358,Receipt,1749,PO00385,On Time"
"REC001937,2025-04-23,H010,MED047,B872332,Receipt,928,PO00385,On Time"
"REC001938,2025-04-23,H010,MED057,B590999,Receipt,925,PO00385,On Time"
"REC001939,2025-04-23,H010,MED096,B245281,Receipt,314,PO00385,On Time"
"REC001940,2025-04-23,H010,MED100,B421898,Receipt,329,PO00385,On Time"
"REC001941,2025-05-02,H010,MED013,B892130,Receipt,2265,PO00386,On Time"
"REC001942,2025-05-02,H010,MED030,B741480,Receipt,877,PO00386,On Time"
"REC001943,2025-05-02,H010,MED042,B124042,Receipt,863,PO00386,On Time"
"REC001944,2025-05-02,H010,MED049,B811238,Receipt,850,PO00386,On Time"
"REC001945,2025-05-02,H010,MED078,B492179,Receipt,321,PO00386,On Time"
"REC001946,2025-05-02,H010,MED099,B653380,Receipt,334,PO00386,On Time"
"REC001947,2025-05-12,H010,MED014,B338483,Receipt,2309,PO00387,On Time"
"REC001948,2025-05-12,H010,MED029,B897388,Receipt,824,PO00387,On Time"
"REC001949,2025-05-12,H010,MED044,B909340,Receipt,965,PO00387,On Time"
"REC001950,2025-05-12,H010,MED050,B336495,Receipt,953,PO00387,On Time"
"REC001951,2025-05-12,H010,MED052,B813156,Receipt,845,PO00387,On Time"
"REC001952,2025-05-12,H010,MED092,B292458,Receipt,311,PO00387,On Time"
"REC001953,2025-05-12,H010,MED094,B734151,Receipt,323,PO00387,On Time"
"REC001954,2025-05-07,H010,MED015,B644026,Receipt,2182,PO00388,Delayed"
"REC001955,2025-05-07,H010,MED018,B873720,Receipt,2164,PO00388,Delayed"
"REC001956,2025-05-07,H010,MED021,B778936,Receipt,325,PO00388,Delayed"
"REC001957,2025-05-07,H010,MED027,B963428,Receipt,944,PO00388,Delayed"
"REC001958,2025-05-07,H010,MED031,B601323,Receipt,920,PO00388,Delayed"
"REC001959,2025-05-07,H010,MED033,B699248,Receipt,906,PO00388,Delayed"
"REC001960,2025-05-07,H010,MED039,B517582,Receipt,858,PO00388,Delayed"
"REC001961,2025-05-07,H010,MED040,B785503,Receipt,900,PO00388,Delayed"
"REC001962,2025-05-07,H010,MED043,B961858,Receipt,936,PO00388,Delayed"
"REC001963,2025-05-07,H010,MED048,B824750,Receipt,877,PO00388,Delayed"
"REC001964,2025-05-07,H010,MED058,B507407,Receipt,848,PO00388,Delayed"
"REC001965,2025-04-21,H010,MED016,B931156,Receipt,1909,PO00389,On Time"
"REC001966,2025-04-21,H010,MED022,B397584,Receipt,293,PO00389,On Time"
"REC001967,2025-04-21,H010,MED036,B666510,Receipt,917,PO00389,On Time"
"REC001968,2025-04-21,H010,MED038,B768629,Receipt,831,PO00389,On Time"
"REC001969,2025-04-21,H010,MED053,B676515,Receipt,904,PO00389,On Time"
"REC001970,2025-04-21,H010,MED073,B815732,Receipt,327,PO00389,On Time"
"REC001971,2025-05-05,H010,MED019,B695376,Receipt,2206,PO00390,On Time"
"REC001972,2025-05-05,H010,MED020,B204188,Receipt,2181,PO00390,On Time"
"REC001973,2025-05-05,H010,MED025,B680086,Receipt,314,PO00390,On Time"
"REC001974,2025-05-05,H010,MED026,B591830,Receipt,974,PO00390,On Time"
"REC001975,2025-05-05,H010,MED032,B915864,Receipt,894,PO00390,On Time"
"REC001976,2025-05-05,H010,MED035,B702960,Receipt,912,PO00390,On Time"
"REC001977,2025-05-05,H010,MED045,B793023,Receipt,941,PO00390,On Time"
"REC001978,2025-05-05,H010,MED060,B178537,Receipt,913,PO00390,On Time"
"REC001979,2025-05-05,H010,MED072,B509740,Receipt,352,PO00390,On Time"
"REC001980,2025-05-05,H010,MED075,B909359,Receipt,346,PO00390,On Time"
"REC001981,2025-05-05,H010,MED076,B330780,Receipt,290,PO00390,On Time"
"REC001982,2025-04-23,H010,MED023,B780465,Receipt,343,PO00391,On Time"
"REC001983,2025-04-23,H010,MED028,B102866,Receipt,916,PO00391,On Time"
"REC001984,2025-04-23,H010,MED046,B802461,Receipt,892,PO00391,On Time"
"REC001985,2025-04-23,H010,MED071,B655710,Receipt,334,PO00391,On Time"
"REC001986,2025-04-23,H010,MED097,B214456,Receipt,353,PO00391,On Time"
"REC001987,2025-04-23,H010,MED098,B482688,Receipt,300,PO00391,On Time"
"REC001988,2025-04-23,H010,MED024,B929378,Receipt,2221,PO00392,On Time"
"REC001989,2025-04-23,H010,MED093,B975206,Receipt,321,PO00392,On Time"
"REC001990,2025-04-23,H010,MED095,B804706,Receipt,294,PO00392,On Time"
"REC001991,2025-04-23,H010,MED037,B149420,Receipt,876,PO00393,On Time"
"REC001992,2025-04-23,H010,MED074,B194837,Receipt,303,PO00393,On Time"
"REC001993,2025-04-28,H010,MED041,B553510,Receipt,928,PO00394,On Time"
"REC001994,2025-04-28,H010,MED051,B247878,Receipt,874,PO00394,On Time"
"REC001995,2025-04-28,H010,MED055,B434199,Receipt,890,PO00394,On Time"
"REC001996,2025-04-28,H010,MED059,B345984,Receipt,916,PO00394,On Time"
"REC001997,2025-04-28,H010,MED091,B474169,Receipt,327,PO00394,On Time"
"REC001998,2025-04-05,H010,MED081,B970261,Receipt,870,PO00395,On Time"
"REC001999,2025-04-04,H010,MED087,B831576,Receipt,902,PO00396,On Time"
"REC002000,2025-04-04,H010,MED088,B122337,Receipt,883,PO00396,On Time"
"REC002001,2025-07-07,H001,MED001,B210268,Receipt,2393,PO00397,On Time"
"REC002002,2025-07-07,H001,MED010,B877089,Receipt,2235,PO00397,On Time"
"REC002003,2025-07-07,H001,MED084,B834965,Receipt,944,PO00397,On Time"
"REC002004,2025-07-04,H001,MED002,B187498,Receipt,2166,PO00398,On Time"
"REC002005,2025-07-04,H001,MED063,B118070,Receipt,2216,PO00398,On Time"
"REC002006,2025-07-04,H001,MED068,B766326,Receipt,2268,PO00398,On Time"
"REC002007,2025-07-04,H001,MED083,B555968,Receipt,908,PO00398,On Time"
"REC002008,2025-07-04,H001,MED085,B472370,Receipt,939,PO00398,On Time"
"REC002009,2025-07-08,H001,MED003,B429365,Receipt,2382,PO00399,On Time"
"REC002010,2025-07-08,H001,MED088,B990123,Receipt,947,PO00399,On Time"
"REC002011,2025-07-04,H001,MED004,B203355,Receipt,2262,PO00400,On Time"
"REC002012,2025-07-04,H001,MED007,B691723,Receipt,2282,PO00400,On Time"
"REC002013,2025-07-04,H001,MED008,B665894,Receipt,2246,PO00400,On Time"
"REC002014,2025-07-04,H001,MED082,B406063,Receipt,926,PO00400,On Time"
"REC002015,2025-07-04,H001,MED090,B979090,Receipt,919,PO00400,On Time"
"REC002016,2025-07-04,H001,MED005,B358795,Receipt,2216,PO00401,On Time"
"REC002017,2025-07-04,H001,MED006,B249503,Receipt,2233,PO00401,On Time"
"REC002018,2025-07-04,H001,MED061,B218015,Receipt,2218,PO00401,On Time"
"REC002019,2025-07-04,H001,MED062,B465890,Receipt,2288,PO00401,On Time"
"REC002020,2025-07-04,H001,MED089,B251836,Receipt,843,PO00401,On Time"
"REC002021,2025-07-04,H001,MED009,B339931,Receipt,2269,PO00402,On Time"
"REC002022,2025-07-04,H001,MED064,B258823,Receipt,2222,PO00402,On Time"
"REC002023,2025-07-04,H001,MED069,B805660,Receipt,2205,PO00402,On Time"
"REC002024,2025-07-04,H001,MED081,B547556,Receipt,899,PO00402,On Time"
"REC002025,2025-07-23,H001,MED011,B996942,Receipt,2338,PO00403,On Time"
"REC002026,2025-07-23,H001,MED013,B371836,Receipt,2276,PO00403,On Time"
"REC002027,2025-07-23,H001,MED031,B388249,Receipt,940,PO00403,On Time"
"REC002028,2025-07-23,H001,MED033,B890180,Receipt,927,PO00403,On Time"
"REC002029,2025-07-23,H001,MED042,B418394,Receipt,938,PO00403,On Time"
"REC002030,2025-07-23,H001,MED049,B768234,Receipt,877,PO00403,On Time"
"REC002031,2025-07-23,H001,MED056,B469599,Receipt,850,PO00403,On Time"
"REC002032,2025-07-23,H001,MED078,B120056,Receipt,299,PO00403,On Time"
"REC002033,2025-07-23,H001,MED079,B765022,Receipt,364,PO00403,On Time"
"REC002034,2025-07-23,H001,MED096,B844086,Receipt,320,PO00403,On Time"
"REC002035,2025-07-23,H001,MED012,B905889,Receipt,2336,PO00404,On Time"
"REC002036,2025-07-23,H001,MED018,B476896,Receipt,1570,PO00404,On Time"
"REC002037,2025-07-23,H001,MED038,B937291,Receipt,915,PO00404,On Time"
"REC002038,2025-07-23,H001,MED048,B690978,Receipt,871,PO00404,On Time"
"REC002039,2025-07-23,H001,MED072,B711523,Receipt,308,PO00404,On Time"
"REC002040,2025-07-23,H001,MED073,B311810,Receipt,329,PO00404,On Time"
"REC002041,2025-08-03,H001,MED014,B323165,Receipt,2298,PO00405,On Time"
"REC002042,2025-08-03,H001,MED019,B236330,Receipt,2166,PO00405,On Time"
"REC002043,2025-08-03,H001,MED020,B234633,Receipt,2181,PO00405,On Time"
"REC002044,2025-08-03,H001,MED023,B301664,Receipt,313,PO00405,On Time"
"REC002045,2025-08-03,H001,MED037,B998613,Receipt,940,PO00405,On Time"
"REC002046,2025-08-03,H001,MED044,B373255,Receipt,958,PO00405,On Time"
"REC002047,2025-08-03,H001,MED060,B559451,Receipt,972,PO00405,On Time"
"REC002048,2025-08-03,H001,MED075,B727769,Receipt,310,PO00405,On Time"
"REC002049,2025-07-28,H001,MED015,B453531,Receipt,1918,PO00406,On Time"
"REC002050,2025-07-28,H001,MED017,B532315,Receipt,2271,PO00406,On Time"
"REC002051,2025-07-28,H001,MED028,B264899,Receipt,927,PO00406,On Time"
"REC002052,2025-07-28,H001,MED029,B515515,Receipt,904,PO00406,On Time"
"REC002053,2025-07-28,H001,MED041,B710490,Receipt,917,PO00406,On Time"
"REC002054,2025-07-28,H001,MED053,B710704,Receipt,1050,PO00406,On Time"
"REC002055,2025-07-28,H001,MED077,B850201,Receipt,302,PO00406,On Time"
"REC002056,2025-07-28,H001,MED094,B930857,Receipt,313,PO00406,On Time"
"REC002057,2025-07-28,H001,MED095,B969474,Receipt,322,PO00406,On Time"
"REC002058,2025-07-21,H001,MED016,B567281,Receipt,2238,PO00407,On Time"
"REC002059,2025-07-21,H001,MED050,B757917,Receipt,831,PO00407,On Time"
"REC002060,2025-07-21,H001,MED057,B727234,Receipt,936,PO00407,On Time"
"REC002061,2025-07-21,H001,MED098,B734736,Receipt,287,PO00407,On Time"
"REC002062,2025-08-11,H001,MED021,B130535,Receipt,303,PO00408,On Time"
"REC002063,2025-08-11,H001,MED043,B314835,Receipt,900,PO00408,On Time"
"REC002064,2025-08-11,H001,MED058,B405628,Receipt,904,PO00408,On Time"
"REC002065,2025-08-11,H001,MED071,B213632,Receipt,318,PO00408,On Time"
"REC002066,2025-08-11,H001,MED074,B970045,Receipt,325,PO00408,On Time"
"REC002067,2025-07-23,H001,MED022,B747972,Receipt,333,PO00409,On Time"
"REC002068,2025-07-23,H001,MED055,B250810,Receipt,873,PO00409,On Time"
"REC002069,2025-07-23,H001,MED097,B695468,Receipt,325,PO00409,On Time"
"REC002070,2025-07-23,H001,MED024,B723094,Receipt,2343,PO00410,On Time"
"REC002071,2025-07-23,H001,MED026,B872838,Receipt,894,PO00410,On Time"
"REC002072,2025-07-23,H001,MED030,B981691,Receipt,894,PO00410,On Time"
"REC002073,2025-07-23,H001,MED036,B840976,Receipt,935,PO00410,On Time"
"REC002074,2025-07-23,H001,MED039,B481050,Receipt,926,PO00410,On Time"
"REC002075,2025-07-23,H001,MED046,B473616,Receipt,904,PO00410,On Time"
"REC002076,2025-07-23,H001,MED052,B138467,Receipt,897,PO00410,On Time"
"REC002077,2025-07-23,H001,MED059,B920260,Receipt,913,PO00410,On Time"
"REC002078,2025-07-25,H001,MED025,B318126,Receipt,298,PO00411,On Time"
"REC002079,2025-07-25,H001,MED032,B554589,Receipt,936,PO00411,On Time"
"REC002080,2025-08-04,H001,MED027,B835716,Receipt,870,PO00412,On Time"
"REC002081,2025-08-04,H001,MED040,B713333,Receipt,913,PO00412,On Time"
"REC002082,2025-08-04,H001,MED045,B654594,Receipt,920,PO00412,On Time"
"REC002083,2025-08-04,H001,MED080,B612153,Receipt,329,PO00412,On Time"
"REC002084,2025-08-04,H001,MED091,B712956,Receipt,323,PO00412,On Time"
"REC002085,2025-08-04,H001,MED092,B906790,Receipt,332,PO00412,On Time"
"REC002086,2025-08-04,H001,MED093,B231484,Receipt,313,PO00412,On Time"
"REC002087,2025-08-01,H001,MED034,B979989,Receipt,863,PO00413,On Time"
"REC002088,2025-08-01,H001,MED035,B314283,Receipt,852,PO00413,On Time"
"REC002089,2025-08-01,H001,MED047,B391999,Receipt,949,PO00413,On Time"
"REC002090,2025-08-01,H001,MED051,B177505,Receipt,920,PO00413,On Time"
"REC002091,2025-08-01,H001,MED054,B500109,Receipt,891,PO00413,On Time"
"REC002092,2025-08-01,H001,MED076,B283062,Receipt,296,PO00413,On Time"
"REC002093,2025-08-01,H001,MED099,B664242,Receipt,285,PO00413,On Time"
"REC002094,2025-08-01,H001,MED100,B825256,Receipt,300,PO00413,On Time"
"REC002095,2025-07-07,H001,MED065,B542905,Receipt,2294,PO00414,On Time"
"REC002096,2025-07-07,H001,MED066,B997059,Receipt,2348,PO00414,On Time"
"REC002097,2025-07-07,H001,MED067,B584299,Receipt,2247,PO00414,On Time"
"REC002098,2025-07-07,H001,MED086,B651951,Receipt,947,PO00414,On Time"
"REC002099,2025-07-05,H001,MED070,B170313,Receipt,2292,PO00415,On Time"
"REC002100,2025-07-05,H001,MED087,B291962,Receipt,905,PO00416,On Time"
"REC002101,2025-07-07,H002,MED001,B940530,Receipt,2240,PO00417,On Time"
"REC002102,2025-07-07,H002,MED061,B699991,Receipt,2348,PO00417,On Time"
"REC002103,2025-07-07,H002,MED065,B784106,Receipt,2324,PO00417,On Time"
"REC002104,2025-07-07,H002,MED086,B984152,Receipt,935,PO00417,On Time"
"REC002105,2025-07-07,H002,MED089,B302967,Receipt,910,PO00417,On Time"
"REC002106,2025-07-04,H002,MED002,B766490,Receipt,2178,PO00418,On Time"
"REC002107,2025-07-04,H002,MED008,B128295,Receipt,2233,PO00418,On Time"
"REC002108,2025-07-07,H002,MED003,B252617,Receipt,2417,PO00419,On Time"
"REC002109,2025-07-07,H002,MED066,B899666,Receipt,2333,PO00419,On Time"
"REC002110,2025-07-07,H002,MED067,B932946,Receipt,2137,PO00419,On Time"
"REC002111,2025-07-05,H002,MED004,B138102,Receipt,2264,PO00420,On Time"
"REC002112,2025-07-05,H002,MED005,B279208,Receipt,2282,PO00420,On Time"
"REC002113,2025-07-05,H002,MED010,B334677,Receipt,2309,PO00420,On Time"
"REC002114,2025-07-05,H002,MED068,B164323,Receipt,2206,PO00420,On Time"
"REC002115,2025-07-05,H002,MED088,B274944,Receipt,936,PO00420,On Time"
"REC002116,2025-07-05,H002,MED006,B625830,Receipt,2217,PO00421,On Time"
"REC002117,2025-07-05,H002,MED070,B656542,Receipt,2342,PO00421,On Time"
"REC002118,2025-07-05,H002,MED083,B192263,Receipt,934,PO00421,On Time"
"REC002119,2025-07-05,H002,MED084,B910951,Receipt,911,PO00421,On Time"
"REC002120,2025-07-05,H002,MED087,B465821,Receipt,924,PO00421,On Time"
"REC002121,2025-07-04,H002,MED007,B905497,Receipt,2280,PO00422,On Time"
"REC002122,2025-07-08,H002,MED009,B977699,Receipt,2150,PO00423,On Time"
"REC002123,2025-07-08,H002,MED069,B954016,Receipt,2249,PO00423,On Time"
"REC002124,2025-07-08,H002,MED090,B184291,Receipt,930,PO00423,On Time"
"REC002125,2025-08-04,H002,MED011,B639773,Receipt,2208,PO00424,On Time"
"REC002126,2025-08-04,H002,MED017,B738353,Receipt,1898,PO00424,On Time"
"REC002127,2025-08-04,H002,MED026,B161813,Receipt,964,PO00424,On Time"
"REC002128,2025-08-04,H002,MED035,B381342,Receipt,907,PO00424,On Time"
"REC002129,2025-08-04,H002,MED038,B880722,Receipt,845,PO00424,On Time"
"REC002130,2025-08-04,H002,MED051,B572930,Receipt,913,PO00424,On Time"
"REC002131,2025-08-04,H002,MED092,B695603,Receipt,304,PO00424,On Time"
"REC002132,2025-08-04,H002,MED099,B232717,Receipt,313,PO00424,On Time"
"REC002133,2025-07-21,H002,MED012,B130355,Receipt,2255,PO00425,On Time"
"REC002134,2025-07-21,H002,MED056,B321897,Receipt,883,PO00425,On Time"
"REC002135,2025-07-21,H002,MED091,B532882,Receipt,325,PO00425,On Time"
"REC002136,2025-08-11,H002,MED013,B663586,Receipt,1941,PO00426,On Time"
"REC002137,2025-08-11,H002,MED020,B260775,Receipt,2282,PO00426,On Time"
"REC002138,2025-08-11,H002,MED022,B644447,Receipt,315,PO00426,On Time"
"REC002139,2025-08-11,H002,MED029,B374907,Receipt,852,PO00426,On Time"
"REC002140,2025-08-11,H002,MED037,B106949,Receipt,864,PO00426,On Time"
"REC002141,2025-08-11,H002,MED042,B728861,Receipt,872,PO00426,On Time"
"REC002142,2025-08-11,H002,MED049,B503704,Receipt,906,PO00426,On Time"
"REC002143,2025-08-11,H002,MED054,B760482,Receipt,953,PO00426,On Time"
"REC002144,2025-08-11,H002,MED079,B599097,Receipt,337,PO00426,On Time"
"REC002145,2025-07-23,H002,MED014,B313920,Receipt,1819,PO00427,On Time"
"REC002146,2025-07-23,H002,MED019,B986089,Receipt,2287,PO00427,On Time"
"REC002147,2025-07-23,H002,MED040,B465340,Receipt,959,PO00427,On Time"
"REC002148,2025-07-23,H002,MED075,B429588,Receipt,323,PO00427,On Time"
"REC002149,2025-07-23,H002,MED080,B618545,Receipt,321,PO00427,On Time"
"REC002150,2025-07-23,H002,MED093,B155318,Receipt,308,PO00427,On Time"
"REC002151,2025-07-25,H002,MED015,B753983,Receipt,2272,PO00428,On Time"
"REC002152,2025-07-25,H002,MED016,B292714,Receipt,2259,PO00428,On Time"
"REC002153,2025-07-25,H002,MED025,B578007,Receipt,334,PO00428,On Time"
"REC002154,2025-07-25,H002,MED028,B932972,Receipt,920,PO00428,On Time"
"REC002155,2025-07-25,H002,MED032,B136187,Receipt,917,PO00428,On Time"
"REC002156,2025-07-25,H002,MED033,B686165,Receipt,900,PO00428,On Time"
"REC002157,2025-07-25,H002,MED072,B105287,Receipt,320,PO00428,On Time"
"REC002158,2025-07-25,H002,MED078,B879554,Receipt,277,PO00428,On Time"
"REC002159,2025-08-01,H002,MED018,B601108,Receipt,2129,PO00429,On Time"
"REC002160,2025-08-01,H002,MED030,B263273,Receipt,958,PO00429,On Time"
"REC002161,2025-08-01,H002,MED034,B960395,Receipt,934,PO00429,On Time"
"REC002162,2025-08-01,H002,MED039,B350875,Receipt,907,PO00429,On Time"
"REC002163,2025-08-01,H002,MED045,B463714,Receipt,990,PO00429,On Time"
"REC002164,2025-08-01,H002,MED046,B517170,Receipt,921,PO00429,On Time"
"REC002165,2025-08-01,H002,MED060,B696562,Receipt,939,PO00429,On Time"
"REC002166,2025-08-01,H002,MED094,B306988,Receipt,291,PO00429,On Time"
"REC002167,2025-08-01,H002,MED095,B191751,Receipt,302,PO00429,On Time"
"REC002168,2025-08-01,H002,MED098,B562120,Receipt,332,PO00429,On Time"
"REC002169,2025-07-23,H002,MED021,B730075,Receipt,334,PO00430,On Time"
"REC002170,2025-07-23,H002,MED023,B790907,Receipt,309,PO00430,On Time"
"REC002171,2025-07-23,H002,MED043,B779574,Receipt,947,PO00430,On Time"
"REC002172,2025-07-23,H002,MED047,B441396,Receipt,920,PO00430,On Time"
"REC002173,2025-07-23,H002,MED048,B151745,Receipt,944,PO00430,On Time"
"REC002174,2025-07-23,H002,MED071,B814743,Receipt,328,PO00430,On Time"
"REC002175,2025-07-23,H002,MED074,B142078,Receipt,310,PO00430,On Time"
"REC002176,2025-07-23,H002,MED024,B538661,Receipt,2002,PO00431,On Time"
"REC002177,2025-07-23,H002,MED050,B480975,Receipt,897,PO00431,On Time"
"REC002178,2025-07-23,H002,MED076,B872608,Receipt,299,PO00431,On Time"
"REC002179,2025-07-23,H002,MED027,B686580,Receipt,892,PO00432,On Time"
"REC002180,2025-07-23,H002,MED036,B585450,Receipt,917,PO00432,On Time"
"REC002181,2025-07-23,H002,MED044,B682531,Receipt,962,PO00432,On Time"
"REC002182,2025-07-23,H002,MED052,B735605,Receipt,927,PO00432,On Time"
"REC002183,2025-07-23,H002,MED053,B345121,Receipt,922,PO00432,On Time"
"REC002184,2025-07-23,H002,MED059,B126069,Receipt,903,PO00432,On Time"
"REC002185,2025-07-23,H002,MED077,B632295,Receipt,318,PO00432,On Time"
"REC002186,2025-07-23,H002,MED100,B808533,Receipt,285,PO00432,On Time"
"REC002187,2025-08-03,H002,MED031,B931538,Receipt,886,PO00433,On Time"
"REC002188,2025-08-03,H002,MED058,B631849,Receipt,927,PO00433,On Time"
"REC002189,2025-08-03,H002,MED073,B872042,Receipt,334,PO00433,On Time"
"REC002190,2025-08-03,H002,MED096,B295716,Receipt,323,PO00433,On Time"
"REC002191,2025-07-28,H002,MED041,B750199,Receipt,941,PO00434,On Time"
"REC002192,2025-07-28,H002,MED055,B729474,Receipt,931,PO00434,On Time"
"REC002193,2025-07-28,H002,MED057,B672203,Receipt,895,PO00434,On Time"
"REC002194,2025-07-28,H002,MED097,B820670,Receipt,345,PO00434,On Time"
"REC002195,2025-07-04,H002,MED062,B216421,Receipt,2339,PO00435,On Time"
"REC002196,2025-07-04,H002,MED064,B890756,Receipt,2297,PO00435,On Time"
"REC002197,2025-07-04,H002,MED085,B367552,Receipt,897,PO00435,On Time"
"REC002198,2025-07-04,H002,MED063,B962557,Receipt,2319,PO00436,On Time"
"REC002199,2025-07-04,H002,MED081,B243026,Receipt,910,PO00436,On Time"
"REC002200,2025-07-04,H002,MED082,B692016,Receipt,921,PO00436,On Time"
"REC002201,2025-07-05,H003,MED001,B157545,Receipt,2272,PO00437,On Time"
"REC002202,2025-07-05,H003,MED009,B193501,Receipt,1865,PO00437,On Time"
"REC002203,2025-07-05,H003,MED010,B697135,Receipt,2181,PO00437,On Time"
"REC002204,2025-07-05,H003,MED068,B161665,Receipt,2302,PO00437,On Time"
"REC002205,2025-07-05,H003,MED083,B169274,Receipt,919,PO00437,On Time"
"REC002206,2025-07-04,H003,MED002,B950163,Receipt,1902,PO00438,On Time"
"REC002207,2025-07-04,H003,MED006,B765755,Receipt,2229,PO00438,On Time"
"REC002208,2025-07-04,H003,MED007,B857907,Receipt,2244,PO00438,On Time"
"REC002209,2025-07-04,H003,MED008,B251878,Receipt,2328,PO00438,On Time"
"REC002210,2025-07-04,H003,MED003,B632954,Receipt,2284,PO00439,On Time"
"REC002211,2025-07-04,H003,MED063,B497710,Receipt,1777,PO00439,On Time"
"REC002212,2025-07-07,H003,MED004,B752026,Receipt,2163,PO00440,On Time"
"REC002213,2025-07-07,H003,MED061,B132733,Receipt,2289,PO00440,On Time"
"REC002214,2025-07-04,H003,MED005,B906388,Receipt,2266,PO00441,On Time"
"REC002215,2025-07-04,H003,MED067,B531413,Receipt,2133,PO00441,On Time"
"REC002216,2025-07-04,H003,MED084,B174553,Receipt,870,PO00441,On Time"
"REC002217,2025-07-04,H003,MED085,B570452,Receipt,868,PO00441,On Time"
"REC002218,2025-08-03,H003,MED011,B357009,Receipt,2210,PO00442,Delayed"
"REC002219,2025-08-03,H003,MED020,B890857,Receipt,2352,PO00442,Delayed"
"REC002220,2025-08-03,H003,MED025,B356713,Receipt,340,PO00442,Delayed"
"REC002221,2025-08-03,H003,MED039,B221789,Receipt,893,PO00442,Delayed"
"REC002222,2025-08-03,H003,MED051,B850294,Receipt,973,PO00442,Delayed"
"REC002223,2025-08-03,H003,MED056,B311837,Receipt,885,PO00442,Delayed"
"REC002224,2025-08-03,H003,MED074,B427304,Receipt,300,PO00442,Delayed"
"REC002225,2025-07-31,H003,MED012,B400709,Receipt,2290,PO00443,Delayed"
"REC002226,2025-07-31,H003,MED022,B360910,Receipt,295,PO00443,Delayed"
"REC002227,2025-07-31,H003,MED048,B616142,Receipt,898,PO00443,Delayed"
"REC002228,2025-07-31,H003,MED060,B729661,Receipt,901,PO00443,Delayed"
"REC002229,2025-07-21,H003,MED013,B402950,Receipt,2440,PO00444,On Time"
"REC002230,2025-07-21,H003,MED042,B124354,Receipt,883,PO00444,On Time"
"REC002231,2025-07-21,H003,MED044,B528988,Receipt,938,PO00444,On Time"
"REC002232,2025-07-21,H003,MED045,B251563,Receipt,954,PO00444,On Time"
"REC002233,2025-07-21,H003,MED050,B386214,Receipt,911,PO00444,On Time"
"REC002234,2025-07-21,H003,MED053,B550348,Receipt,889,PO00444,On Time"
"REC002235,2025-07-21,H003,MED077,B212217,Receipt,307,PO00444,On Time"
"REC002236,2025-07-23,H003,MED014,B283675,Receipt,2290,PO00445,On Time"
"REC002237,2025-07-23,H003,MED019,B745588,Receipt,1849,PO00445,On Time"
"REC002238,2025-07-23,H003,MED027,B986040,Receipt,888,PO00445,On Time"
"REC002239,2025-07-23,H003,MED028,B942393,Receipt,922,PO00445,On Time"
"REC002240,2025-07-23,H003,MED036,B322320,Receipt,867,PO00445,On Time"
"REC002241,2025-07-23,H003,MED049,B418420,Receipt,877,PO00445,On Time"
"REC002242,2025-07-23,H003,MED072,B395804,Receipt,317,PO00445,On Time"
"REC002243,2025-07-23,H003,MED076,B125559,Receipt,294,PO00445,On Time"
"REC002244,2025-07-23,H003,MED091,B538755,Receipt,275,PO00445,On Time"
"REC002245,2025-07-23,H003,MED097,B769648,Receipt,332,PO00445,On Time"
"REC002246,2025-07-23,H003,MED099,B384186,Receipt,340,PO00445,On Time"
"REC002247,2025-07-29,H003,MED015,B209575,Receipt,1886,PO00446,Delayed"
"REC002248,2025-07-29,H003,MED016,B870044,Receipt,2291,PO00446,Delayed"
"REC002249,2025-07-29,H003,MED024,B294269,Receipt,1475,PO00446,Delayed"
"REC002250,2025-07-29,H003,MED031,B625910,Receipt,949,PO00446,Delayed"
"REC002251,2025-07-29,H003,MED038,B305550,Receipt,904,PO00446,Delayed"
"REC002252,2025-07-29,H003,MED058,B993741,Receipt,905,PO00446,Delayed"
"REC002253,2025-07-30,H003,MED017,B139986,Receipt,2028,PO00447,Delayed"
"REC002254,2025-07-30,H003,MED018,B525037,Receipt,2308,PO00447,Delayed"
"REC002255,2025-07-30,H003,MED035,B677564,Receipt,958,PO00447,Delayed"
"REC002256,2025-07-30,H003,MED037,B808662,Receipt,958,PO00447,Delayed"
"REC002257,2025-07-30,H003,MED047,B286833,Receipt,963,PO00447,Delayed"
"REC002258,2025-07-30,H003,MED052,B711600,Receipt,881,PO00447,Delayed"
"REC002259,2025-07-30,H003,MED073,B773034,Receipt,343,PO00447,Delayed"
"REC002260,2025-07-30,H003,MED093,B476826,Receipt,353,PO00447,Delayed"
"REC002261,2025-08-06,H003,MED021,B267292,Receipt,326,PO00448,Delayed"
"REC002262,2025-08-06,H003,MED023,B989302,Receipt,291,PO00448,Delayed"
"REC002263,2025-08-06,H003,MED030,B655941,Receipt,919,PO00448,Delayed"
"REC002264,2025-08-06,H003,MED033,B397881,Receipt,921,PO00448,Delayed"
"REC002265,2025-08-06,H003,MED043,B713217,Receipt,852,PO00448,Delayed"
"REC002266,2025-08-06,H003,MED046,B111344,Receipt,870,PO00448,Delayed"
"REC002267,2025-08-06,H003,MED059,B293259,Receipt,933,PO00448,Delayed"
"REC002268,2025-08-06,H003,MED071,B474999,Receipt,338,PO00448,Delayed"
"REC002269,2025-08-06,H003,MED096,B327286,Receipt,328,PO00448,Delayed"
"REC002270,2025-08-03,H003,MED026,B807280,Receipt,943,PO00449,On Time"
"REC002271,2025-08-03,H003,MED032,B129402,Receipt,928,PO00449,On Time"
"REC002272,2025-08-03,H003,MED054,B909942,Receipt,929,PO00449,On Time"
"REC002273,2025-08-03,H003,MED057,B915862,Receipt,925,PO00449,On Time"
"REC002274,2025-08-03,H003,MED094,B776555,Receipt,339,PO00449,On Time"
"REC002275,2025-07-23,H003,MED029,B444138,Receipt,917,PO00450,On Time"
"REC002276,2025-07-23,H003,MED040,B599137,Receipt,940,PO00450,On Time"
"REC002277,2025-07-23,H003,MED055,B941052,Receipt,927,PO00450,On Time"
"REC002278,2025-07-23,H003,MED092,B426032,Receipt,354,PO00450,On Time"
"REC002279,2025-07-23,H003,MED100,B395900,Receipt,318,PO00450,On Time"
"REC002280,2025-08-18,H003,MED034,B201371,Receipt,932,PO00451,Delayed"
"REC002281,2025-08-18,H003,MED078,B972388,Receipt,310,PO00451,Delayed"
"REC002282,2025-08-18,H003,MED079,B626684,Receipt,309,PO00451,Delayed"
"REC002283,2025-08-18,H003,MED095,B943804,Receipt,322,PO00451,Delayed"
"REC002284,2025-08-18,H003,MED098,B438076,Receipt,328,PO00451,Delayed"
"REC002285,2025-07-23,H003,MED041,B658296,Receipt,920,PO00452,On Time"
"REC002286,2025-07-23,H003,MED075,B932974,Receipt,317,PO00452,On Time"
"REC002287,2025-07-23,H003,MED080,B433863,Receipt,302,PO00452,On Time"
"REC002288,2025-07-09,H003,MED062,B999005,Receipt,2359,PO00453,Delayed"
"REC002289,2025-07-09,H003,MED066,B966867,Receipt,2288,PO00453,Delayed"
"REC002290,2025-07-09,H003,MED070,B555699,Receipt,2043,PO00453,Delayed"
"REC002291,2025-07-09,H003,MED082,B526346,Receipt,908,PO00453,Delayed"
"REC002292,2025-07-09,H003,MED088,B268383,Receipt,910,PO00453,Delayed"
"REC002293,2025-07-09,H003,MED090,B715645,Receipt,894,PO00453,Delayed"
"REC002294,2025-07-05,H003,MED064,B143001,Receipt,2311,PO00454,On Time"
"REC002295,2025-07-05,H003,MED081,B823035,Receipt,908,PO00454,On Time"
"REC002296,2025-07-05,H003,MED086,B289004,Receipt,905,PO00454,On Time"
"REC002297,2025-07-08,H003,MED065,B811998,Receipt,2195,PO00455,On Time"
"REC002298,2025-07-08,H003,MED087,B175418,Receipt,935,PO00455,On Time"
"REC002299,2025-07-07,H003,MED069,B245271,Receipt,2157,PO00456,On Time"
"REC002300,2025-07-07,H003,MED089,B580488,Receipt,857,PO00456,On Time"
"REC002301,2025-07-05,H004,MED001,B673189,Receipt,2282,PO00457,On Time"
"REC002302,2025-07-05,H004,MED002,B803650,Receipt,1870,PO00457,On Time"
"REC002303,2025-07-05,H004,MED010,B257661,Receipt,2294,PO00457,On Time"
"REC002304,2025-07-05,H004,MED070,B159182,Receipt,2220,PO00457,On Time"
"REC002305,2025-07-04,H004,MED003,B516235,Receipt,2300,PO00458,On Time"
"REC002306,2025-07-04,H004,MED063,B990328,Receipt,1749,PO00458,On Time"
"REC002307,2025-07-04,H004,MED083,B262982,Receipt,856,PO00458,On Time"
"REC002308,2025-07-04,H004,MED084,B751844,Receipt,910,PO00458,On Time"
"REC002309,2025-07-04,H004,MED089,B924899,Receipt,893,PO00458,On Time"
"REC002310,2025-07-09,H004,MED004,B529660,Receipt,2118,PO00459,Delayed"
"REC002311,2025-07-05,H004,MED005,B817148,Receipt,2257,PO00460,On Time"
"REC002312,2025-07-05,H004,MED061,B494583,Receipt,2335,PO00460,On Time"
"REC002313,2025-07-05,H004,MED065,B387681,Receipt,2149,PO00460,On Time"
"REC002314,2025-07-05,H004,MED088,B394054,Receipt,914,PO00460,On Time"
"REC002315,2025-07-04,H004,MED006,B886958,Receipt,2327,PO00461,On Time"
"REC002316,2025-07-04,H004,MED066,B266703,Receipt,2258,PO00461,On Time"
"REC002317,2025-07-04,H004,MED085,B966964,Receipt,917,PO00461,On Time"
"REC002318,2025-07-04,H004,MED090,B416397,Receipt,883,PO00461,On Time"
"REC002319,2025-07-04,H004,MED007,B658819,Receipt,2223,PO00462,On Time"
"REC002320,2025-07-04,H004,MED009,B354346,Receipt,2312,PO00462,On Time"
"REC002321,2025-07-05,H004,MED008,B754037,Receipt,2313,PO00463,Delayed"
"REC002322,2025-07-05,H004,MED064,B949881,Receipt,2235,PO00463,Delayed"
"REC002323,2025-07-05,H004,MED069,B553105,Receipt,2201,PO00463,Delayed"
"REC002324,2025-07-05,H004,MED082,B134084,Receipt,878,PO00463,Delayed"
"REC002325,2025-07-05,H004,MED086,B191658,Receipt,904,PO00463,Delayed"
"REC002326,2025-07-05,H004,MED087,B642015,Receipt,904,PO00463,Delayed"
"REC002327,2025-08-11,H004,MED011,B106154,Receipt,2170,PO00464,On Time"
"REC002328,2025-08-11,H004,MED018,B495141,Receipt,2350,PO00464,On Time"
"REC002329,2025-08-11,H004,MED022,B252360,Receipt,323,PO00464,On Time"
"REC002330,2025-08-11,H004,MED028,B591872,Receipt,877,PO00464,On Time"
"REC002331,2025-08-11,H004,MED041,B471000,Receipt,896,PO00464,On Time"
"REC002332,2025-08-11,H004,MED043,B441815,Receipt,918,PO00464,On Time"
"REC002333,2025-08-11,H004,MED058,B782568,Receipt,948,PO00464,On Time"
"REC002334,2025-08-11,H004,MED076,B279785,Receipt,295,PO00464,On Time"
"REC002335,2025-08-11,H004,MED078,B732259,Receipt,322,PO00464,On Time"
"REC002336,2025-08-11,H004,MED080,B265140,Receipt,296,PO00464,On Time"
"REC002337,2025-07-23,H004,MED012,B264053,Receipt,2233,PO00465,On Time"
"REC002338,2025-07-23,H004,MED019,B427025,Receipt,1768,PO00465,On Time"
"REC002339,2025-07-23,H004,MED027,B441705,Receipt,916,PO00465,On Time"
"REC002340,2025-07-23,H004,MED032,B379922,Receipt,884,PO00465,On Time"
"REC002341,2025-07-23,H004,MED045,B258492,Receipt,921,PO00465,On Time"
"REC002342,2025-07-23,H004,MED046,B858842,Receipt,903,PO00465,On Time"
"REC002343,2025-07-23,H004,MED060,B983084,Receipt,950,PO00465,On Time"
"REC002344,2025-07-23,H004,MED091,B655655,Receipt,327,PO00465,On Time"
"REC002345,2025-07-23,H004,MED013,B793919,Receipt,1683,PO00466,On Time"
"REC002346,2025-07-23,H004,MED025,B364500,Receipt,325,PO00466,On Time"
"REC002347,2025-07-23,H004,MED026,B887093,Receipt,882,PO00466,On Time"
"REC002348,2025-07-23,H004,MED037,B847512,Receipt,897,PO00466,On Time"
"REC002349,2025-07-23,H004,MED056,B572132,Receipt,900,PO00466,On Time"
"REC002350,2025-07-23,H004,MED075,B855801,Receipt,320,PO00466,On Time"
"REC002351,2025-07-23,H004,MED014,B436585,Receipt,2026,PO00467,On Time"
"REC002352,2025-07-23,H004,MED015,B998792,Receipt,2210,PO00467,On Time"
"REC002353,2025-07-23,H004,MED029,B960563,Receipt,926,PO00467,On Time"
"REC002354,2025-07-23,H004,MED047,B348500,Receipt,936,PO00467,On Time"
"REC002355,2025-07-23,H004,MED073,B848013,Receipt,302,PO00467,On Time"
"REC002356,2025-07-23,H004,MED093,B235327,Receipt,305,PO00467,On Time"
"REC002357,2025-07-23,H004,MED100,B286994,Receipt,348,PO00467,On Time"
"REC002358,2025-07-23,H004,MED016,B836421,Receipt,1881,PO00468,On Time"
"REC002359,2025-07-23,H004,MED017,B109078,Receipt,1772,PO00468,On Time"
"REC002360,2025-07-23,H004,MED021,B198511,Receipt,312,PO00468,On Time"
"REC002361,2025-07-23,H004,MED044,B543324,Receipt,912,PO00468,On Time"
"REC002362,2025-07-23,H004,MED055,B530424,Receipt,968,PO00468,On Time"
"REC002363,2025-07-23,H004,MED074,B221999,Receipt,322,PO00468,On Time"
"REC002364,2025-07-23,H004,MED094,B599499,Receipt,301,PO00468,On Time"
"REC002365,2025-07-28,H004,MED020,B506845,Receipt,2004,PO00469,On Time"
"REC002366,2025-07-28,H004,MED030,B476369,Receipt,958,PO00469,On Time"
"REC002367,2025-07-28,H004,MED031,B667873,Receipt,953,PO00469,On Time"
"REC002368,2025-07-28,H004,MED033,B360116,Receipt,877,PO00469,On Time"
"REC002369,2025-07-28,H004,MED051,B896657,Receipt,903,PO00469,On Time"
"REC002370,2025-07-28,H004,MED053,B596758,Receipt,958,PO00469,On Time"
"REC002371,2025-07-28,H004,MED059,B476188,Receipt,872,PO00469,On Time"
"REC002372,2025-07-28,H004,MED096,B415507,Receipt,319,PO00469,On Time"
"REC002373,2025-07-28,H004,MED097,B935036,Receipt,326,PO00469,On Time"
"REC002374,2025-07-28,H004,MED098,B450877,Receipt,325,PO00469,On Time"
"REC002375,2025-07-25,H004,MED023,B241398,Receipt,297,PO00470,On Time"
"REC002376,2025-07-25,H004,MED054,B386233,Receipt,930,PO00470,On Time"
"REC002377,2025-07-25,H004,MED092,B216492,Receipt,309,PO00470,On Time"
"REC002378,2025-07-25,H004,MED024,B251094,Receipt,2273,PO00471,Delayed"
"REC002379,2025-07-25,H004,MED035,B790493,Receipt,887,PO00471,Delayed"
"REC002380,2025-07-25,H004,MED042,B417348,Receipt,900,PO00471,Delayed"
"REC002381,2025-07-25,H004,MED057,B599653,Receipt,933,PO00471,Delayed"
"REC002382,2025-07-25,H004,MED072,B540097,Receipt,316,PO00471,Delayed"
"REC002383,2025-07-25,H004,MED095,B351051,Receipt,321,PO00471,Delayed"
"REC002384,2025-08-01,H004,MED034,B297133,Receipt,929,PO00472,On Time"
"REC002385,2025-08-01,H004,MED038,B505804,Receipt,921,PO00472,On Time"
"REC002386,2025-08-01,H004,MED039,B444333,Receipt,899,PO00472,On Time"
"REC002387,2025-08-01,H004,MED040,B119816,Receipt,882,PO00472,On Time"
"REC002388,2025-08-01,H004,MED050,B394700,Receipt,914,PO00472,On Time"
"REC002389,2025-08-01,H004,MED071,B923346,Receipt,337,PO00472,On Time"
"REC002390,2025-08-08,H004,MED036,B540280,Receipt,916,PO00473,Delayed"
"REC002391,2025-08-08,H004,MED048,B975825,Receipt,908,PO00473,Delayed"
"REC002392,2025-08-08,H004,MED049,B633398,Receipt,917,PO00473,Delayed"
"REC002393,2025-08-08,H004,MED077,B934800,Receipt,350,PO00473,Delayed"
"REC002394,2025-08-04,H004,MED052,B900101,Receipt,843,PO00474,On Time"
"REC002395,2025-08-04,H004,MED079,B506889,Receipt,309,PO00474,On Time"
"REC002396,2025-08-04,H004,MED099,B270963,Receipt,305,PO00474,On Time"
"REC002397,2025-07-08,H004,MED062,B127723,Receipt,2096,PO00475,On Time"
"REC002398,2025-07-08,H004,MED068,B671107,Receipt,2311,PO00475,On Time"
"REC002399,2025-07-07,H004,MED067,B394923,Receipt,2175,PO00476,On Time"
"REC002400,2025-07-07,H004,MED081,B700441,Receipt,881,PO00476,On Time"
"REC002401,2025-07-07,H005,MED001,B796683,Receipt,2313,PO00477,On Time"
"REC002402,2025-07-07,H005,MED002,B891327,Receipt,2327,PO00477,On Time"
"REC002403,2025-07-07,H005,MED005,B798045,Receipt,2202,PO00477,On Time"
"REC002404,2025-07-07,H005,MED064,B733065,Receipt,2247,PO00477,On Time"
"REC002405,2025-07-07,H005,MED070,B168099,Receipt,2271,PO00477,On Time"
"REC002406,2025-07-07,H005,MED087,B686712,Receipt,912,PO00477,On Time"
"REC002407,2025-07-07,H005,MED090,B411877,Receipt,902,PO00477,On Time"
"REC002408,2025-07-05,H005,MED003,B618652,Receipt,2166,PO00478,On Time"
"REC002409,2025-07-05,H005,MED006,B826331,Receipt,2380,PO00478,On Time"
"REC002410,2025-07-05,H005,MED007,B767689,Receipt,2170,PO00478,On Time"
"REC002411,2025-07-05,H005,MED083,B370143,Receipt,916,PO00478,On Time"
"REC002412,2025-07-04,H005,MED004,B659873,Receipt,2210,PO00479,On Time"
"REC002413,2025-07-04,H005,MED009,B567016,Receipt,2362,PO00479,On Time"
"REC002414,2025-07-04,H005,MED061,B515872,Receipt,2252,PO00479,On Time"
"REC002415,2025-07-04,H005,MED089,B173997,Receipt,937,PO00479,On Time"
"REC002416,2025-07-05,H005,MED008,B145033,Receipt,2321,PO00480,On Time"
"REC002417,2025-07-05,H005,MED010,B754801,Receipt,2217,PO00480,On Time"
"REC002418,2025-07-05,H005,MED081,B265937,Receipt,953,PO00480,On Time"
"REC002419,2025-07-05,H005,MED086,B605659,Receipt,849,PO00480,On Time"
"REC002420,2025-07-21,H005,MED011,B556956,Receipt,2119,PO00481,On Time"
"REC002421,2025-07-21,H005,MED060,B680735,Receipt,876,PO00481,On Time"
"REC002422,2025-07-21,H005,MED072,B952129,Receipt,348,PO00481,On Time"
"REC002423,2025-07-21,H005,MED076,B761616,Receipt,326,PO00481,On Time"
"REC002424,2025-07-21,H005,MED077,B446874,Receipt,306,PO00481,On Time"
"REC002425,2025-07-25,H005,MED012,B322317,Receipt,2329,PO00482,On Time"
"REC002426,2025-07-25,H005,MED016,B659550,Receipt,2317,PO00482,On Time"
"REC002427,2025-07-25,H005,MED020,B325469,Receipt,2044,PO00482,On Time"
"REC002428,2025-07-25,H005,MED029,B362307,Receipt,951,PO00482,On Time"
"REC002429,2025-07-25,H005,MED036,B608679,Receipt,864,PO00482,On Time"
"REC002430,2025-07-25,H005,MED040,B247603,Receipt,960,PO00482,On Time"
"REC002431,2025-07-25,H005,MED056,B688316,Receipt,936,PO00482,On Time"
"REC002432,2025-07-25,H005,MED071,B516441,Receipt,313,PO00482,On Time"
"REC002433,2025-07-25,H005,MED075,B869727,Receipt,309,PO00482,On Time"
"REC002434,2025-07-25,H005,MED100,B448688,Receipt,339,PO00482,On Time"
"REC002435,2025-07-30,H005,MED013,B302380,Receipt,1721,PO00483,Delayed"
"REC002436,2025-07-30,H005,MED021,B721827,Receipt,331,PO00483,Delayed"
"REC002437,2025-07-30,H005,MED034,B295713,Receipt,911,PO00483,Delayed"
"REC002438,2025-07-30,H005,MED039,B529440,Receipt,961,PO00483,Delayed"
"REC002439,2025-07-30,H005,MED045,B282051,Receipt,945,PO00483,Delayed"
"REC002440,2025-07-30,H005,MED048,B212990,Receipt,939,PO00483,Delayed"
"REC002441,2025-08-03,H005,MED014,B656110,Receipt,2332,PO00484,On Time"
"REC002442,2025-08-03,H005,MED025,B597660,Receipt,322,PO00484,On Time"
"REC002443,2025-08-03,H005,MED038,B323332,Receipt,871,PO00484,On Time"
"REC002444,2025-08-03,H005,MED042,B551122,Receipt,934,PO00484,On Time"
"REC002445,2025-08-03,H005,MED054,B941965,Receipt,926,PO00484,On Time"
"REC002446,2025-08-03,H005,MED078,B702272,Receipt,297,PO00484,On Time"
"REC002447,2025-08-03,H005,MED098,B905878,Receipt,321,PO00484,On Time"
"REC002448,2025-08-11,H005,MED015,B325371,Receipt,2290,PO00485,On Time"
"REC002449,2025-08-11,H005,MED017,B334555,Receipt,2173,PO00485,On Time"
"REC002450,2025-08-11,H005,MED023,B943441,Receipt,318,PO00485,On Time"
"REC002451,2025-08-11,H005,MED046,B223257,Receipt,917,PO00485,On Time"
"REC002452,2025-08-11,H005,MED094,B495755,Receipt,339,PO00485,On Time"
"REC002453,2025-07-23,H005,MED018,B466936,Receipt,1771,PO00486,On Time"
"REC002454,2025-07-23,H005,MED032,B769416,Receipt,911,PO00486,On Time"
"REC002455,2025-07-23,H005,MED041,B503082,Receipt,905,PO00486,On Time"
"REC002456,2025-07-23,H005,MED044,B248702,Receipt,895,PO00486,On Time"
"REC002457,2025-07-23,H005,MED051,B963403,Receipt,883,PO00486,On Time"
"REC002458,2025-07-23,H005,MED055,B289784,Receipt,910,PO00486,On Time"
"REC002459,2025-07-23,H005,MED097,B631633,Receipt,292,PO00486,On Time"
"REC002460,2025-07-23,H005,MED019,B256104,Receipt,2232,PO00487,On Time"
"REC002461,2025-07-23,H005,MED022,B527387,Receipt,312,PO00487,On Time"
"REC002462,2025-07-23,H005,MED024,B282268,Receipt,2282,PO00487,On Time"
"REC002463,2025-07-23,H005,MED028,B737420,Receipt,890,PO00487,On Time"
"REC002464,2025-07-23,H005,MED031,B780481,Receipt,903,PO00487,On Time"
"REC002465,2025-07-23,H005,MED047,B518443,Receipt,921,PO00487,On Time"
"REC002466,2025-07-23,H005,MED074,B142092,Receipt,323,PO00487,On Time"
"REC002467,2025-07-23,H005,MED096,B380466,Receipt,334,PO00487,On Time"
"REC002468,2025-07-23,H005,MED099,B827067,Receipt,344,PO00487,On Time"
"REC002469,2025-08-04,H005,MED026,B714106,Receipt,911,PO00488,On Time"
"REC002470,2025-08-04,H005,MED027,B386166,Receipt,891,PO00488,On Time"
"REC002471,2025-08-04,H005,MED033,B479504,Receipt,917,PO00488,On Time"
"REC002472,2025-08-04,H005,MED049,B670126,Receipt,929,PO00488,On Time"
"REC002473,2025-08-04,H005,MED050,B170119,Receipt,933,PO00488,On Time"
"REC002474,2025-08-04,H005,MED053,B406094,Receipt,935,PO00488,On Time"
"REC002475,2025-08-04,H005,MED073,B471602,Receipt,337,PO00488,On Time"
"REC002476,2025-08-04,H005,MED080,B507688,Receipt,316,PO00488,On Time"
"REC002477,2025-08-04,H005,MED093,B166707,Receipt,295,PO00488,On Time"
"REC002478,2025-08-01,H005,MED030,B384564,Receipt,891,PO00489,On Time"
"REC002479,2025-08-01,H005,MED037,B518647,Receipt,944,PO00489,On Time"
"REC002480,2025-08-01,H005,MED043,B569511,Receipt,868,PO00489,On Time"
"REC002481,2025-08-01,H005,MED091,B758003,Receipt,313,PO00489,On Time"
"REC002482,2025-08-01,H005,MED095,B351924,Receipt,310,PO00489,On Time"
"REC002483,2025-07-24,H005,MED035,B513497,Receipt,915,PO00490,Delayed"
"REC002484,2025-07-24,H005,MED052,B224447,Receipt,908,PO00490,Delayed"
"REC002485,2025-07-23,H005,MED057,B584814,Receipt,915,PO00491,On Time"
"REC002486,2025-07-23,H005,MED058,B651332,Receipt,890,PO00491,On Time"
"REC002487,2025-07-23,H005,MED059,B968374,Receipt,923,PO00491,On Time"
"REC002488,2025-07-23,H005,MED079,B839290,Receipt,318,PO00491,On Time"
"REC002489,2025-07-23,H005,MED092,B117073,Receipt,308,PO00491,On Time"
"REC002490,2025-07-07,H005,MED062,B863711,Receipt,2312,PO00492,On Time"
"REC002491,2025-07-07,H005,MED063,B180102,Receipt,2249,PO00492,On Time"
"REC002492,2025-07-07,H005,MED068,B203892,Receipt,2278,PO00492,On Time"
"REC002493,2025-07-04,H005,MED065,B245016,Receipt,2313,PO00493,On Time"
"REC002494,2025-07-04,H005,MED067,B731827,Receipt,2210,PO00493,On Time"
"REC002495,2025-07-04,H005,MED084,B869605,Receipt,945,PO00493,On Time"
"REC002496,2025-07-04,H005,MED066,B898519,Receipt,2273,PO00494,On Time"
"REC002497,2025-07-04,H005,MED088,B979005,Receipt,866,PO00494,On Time"
"REC002498,2025-07-10,H005,MED069,B688717,Receipt,2209,PO00495,Delayed"
"REC002499,2025-07-10,H005,MED082,B577746,Receipt,923,PO00495,Delayed"
"REC002500,2025-07-10,H005,MED085,B889271,Receipt,905,PO00495,Delayed"
"REC002501,2025-07-07,H006,MED001,B113140,Receipt,1963,PO00496,On Time"
"REC002502,2025-07-07,H006,MED085,B345404,Receipt,898,PO00496,On Time"
"REC002503,2025-07-04,H006,MED002,B832303,Receipt,2298,PO00497,On Time"
"REC002504,2025-07-04,H006,MED003,B550542,Receipt,2241,PO00497,On Time"
"REC002505,2025-07-04,H006,MED008,B375709,Receipt,2266,PO00497,On Time"
"REC002506,2025-07-04,H006,MED064,B855181,Receipt,2244,PO00497,On Time"
"REC002507,2025-07-04,H006,MED084,B532548,Receipt,957,PO00497,On Time"
"REC002508,2025-07-05,H006,MED004,B897232,Receipt,2241,PO00498,On Time"
"REC002509,2025-07-05,H006,MED010,B620498,Receipt,2131,PO00498,On Time"
"REC002510,2025-07-05,H006,MED066,B303196,Receipt,2141,PO00498,On Time"
"REC002511,2025-07-05,H006,MED070,B658830,Receipt,2364,PO00498,On Time"
"REC002512,2025-07-05,H006,MED090,B303199,Receipt,939,PO00498,On Time"
"REC002513,2025-07-05,H006,MED005,B688158,Receipt,2281,PO00499,On Time"
"REC002514,2025-07-05,H006,MED086,B278570,Receipt,923,PO00499,On Time"
"REC002515,2025-07-07,H006,MED006,B720756,Receipt,2357,PO00500,On Time"
"REC002516,2025-07-07,H006,MED007,B642777,Receipt,2088,PO00500,On Time"
"REC002517,2025-07-07,H006,MED062,B282024,Receipt,2242,PO00500,On Time"
"REC002518,2025-07-07,H006,MED063,B476742,Receipt,2351,PO00500,On Time"
"REC002519,2025-07-07,H006,MED082,B115434,Receipt,928,PO00500,On Time"
"REC002520,2025-07-08,H006,MED009,B557382,Receipt,2334,PO00501,On Time"
"REC002521,2025-07-08,H006,MED061,B216656,Receipt,2252,PO00501,On Time"
"REC002522,2025-07-08,H006,MED087,B715863,Receipt,934,PO00501,On Time"
"REC002523,2025-07-08,H006,MED089,B745194,Receipt,943,PO00501,On Time"
"REC002524,2025-07-23,H006,MED011,B962371,Receipt,2183,PO00502,On Time"
"REC002525,2025-07-23,H006,MED015,B919812,Receipt,2353,PO00502,On Time"
"REC002526,2025-07-23,H006,MED016,B139901,Receipt,2221,PO00502,On Time"
"REC002527,2025-07-23,H006,MED018,B613012,Receipt,2306,PO00502,On Time"
"REC002528,2025-07-23,H006,MED048,B805860,Receipt,924,PO00502,On Time"
"REC002529,2025-07-23,H006,MED059,B982487,Receipt,908,PO00502,On Time"
"REC002530,2025-07-23,H006,MED079,B572501,Receipt,324,PO00502,On Time"
"REC002531,2025-08-03,H006,MED012,B271918,Receipt,1507,PO00503,On Time"
"REC002532,2025-08-03,H006,MED030,B138547,Receipt,956,PO00503,On Time"
"REC002533,2025-08-03,H006,MED044,B225149,Receipt,916,PO00503,On Time"
"REC002534,2025-08-03,H006,MED052,B188668,Receipt,903,PO00503,On Time"
"REC002535,2025-08-03,H006,MED058,B561552,Receipt,909,PO00503,On Time"
"REC002536,2025-07-28,H006,MED013,B180257,Receipt,2104,PO00504,Delayed"
"REC002537,2025-07-28,H006,MED019,B298137,Receipt,2083,PO00504,Delayed"
"REC002538,2025-07-28,H006,MED033,B410925,Receipt,963,PO00504,Delayed"
"REC002539,2025-07-28,H006,MED035,B909178,Receipt,857,PO00504,Delayed"
"REC002540,2025-07-28,H006,MED054,B655083,Receipt,917,PO00504,Delayed"
"REC002541,2025-07-28,H006,MED071,B537625,Receipt,329,PO00504,Delayed"
"REC002542,2025-07-28,H006,MED073,B961069,Receipt,347,PO00504,Delayed"
"REC002543,2025-07-28,H006,MED094,B906970,Receipt,333,PO00504,Delayed"
"REC002544,2025-07-28,H006,MED096,B233004,Receipt,326,PO00504,Delayed"
"REC002545,2025-08-11,H006,MED014,B310545,Receipt,2342,PO00505,On Time"
"REC002546,2025-08-11,H006,MED029,B305735,Receipt,945,PO00505,On Time"
"REC002547,2025-08-11,H006,MED036,B757957,Receipt,900,PO00505,On Time"
"REC002548,2025-08-11,H006,MED041,B216219,Receipt,966,PO00505,On Time"
"REC002549,2025-08-11,H006,MED042,B524871,Receipt,845,PO00505,On Time"
"REC002550,2025-07-25,H006,MED017,B687275,Receipt,1828,PO00506,On Time"
"REC002551,2025-07-25,H006,MED024,B887019,Receipt,1974,PO00506,On Time"
"REC002552,2025-07-25,H006,MED055,B897622,Receipt,912,PO00506,On Time"
"REC002553,2025-07-25,H006,MED080,B792148,Receipt,323,PO00506,On Time"
"REC002554,2025-07-25,H006,MED100,B967964,Receipt,334,PO00506,On Time"
"REC002555,2025-08-01,H006,MED020,B339968,Receipt,2336,PO00507,On Time"
"REC002556,2025-08-01,H006,MED021,B395138,Receipt,334,PO00507,On Time"
"REC002557,2025-08-01,H006,MED025,B191353,Receipt,326,PO00507,On Time"
"REC002558,2025-08-01,H006,MED034,B915948,Receipt,893,PO00507,On Time"
"REC002559,2025-08-01,H006,MED037,B802098,Receipt,890,PO00507,On Time"
"REC002560,2025-08-01,H006,MED040,B803814,Receipt,966,PO00507,On Time"
"REC002561,2025-08-01,H006,MED049,B971868,Receipt,942,PO00507,On Time"
"REC002562,2025-08-01,H006,MED050,B582604,Receipt,921,PO00507,On Time"
"REC002563,2025-08-01,H006,MED057,B474226,Receipt,894,PO00507,On Time"
"REC002564,2025-07-21,H006,MED022,B262002,Receipt,291,PO00508,On Time"
"REC002565,2025-07-21,H006,MED046,B385711,Receipt,928,PO00508,On Time"
"REC002566,2025-07-21,H006,MED047,B285378,Receipt,943,PO00508,On Time"
"REC002567,2025-07-21,H006,MED076,B349768,Receipt,296,PO00508,On Time"
"REC002568,2025-07-21,H006,MED077,B953966,Receipt,336,PO00508,On Time"
"REC002569,2025-07-23,H006,MED023,B257547,Receipt,325,PO00509,On Time"
"REC002570,2025-07-23,H006,MED028,B394746,Receipt,896,PO00509,On Time"
"REC002571,2025-07-23,H006,MED038,B346183,Receipt,911,PO00509,On Time"
"REC002572,2025-07-23,H006,MED043,B408877,Receipt,943,PO00509,On Time"
"REC002573,2025-07-23,H006,MED078,B336440,Receipt,316,PO00509,On Time"
"REC002574,2025-07-23,H006,MED095,B336527,Receipt,309,PO00509,On Time"
"REC002575,2025-07-28,H006,MED026,B276168,Receipt,903,PO00510,On Time"
"REC002576,2025-07-28,H006,MED027,B439119,Receipt,926,PO00510,On Time"
"REC002577,2025-07-28,H006,MED031,B356190,Receipt,859,PO00510,On Time"
"REC002578,2025-07-28,H006,MED039,B615693,Receipt,898,PO00510,On Time"
"REC002579,2025-07-28,H006,MED051,B433997,Receipt,922,PO00510,On Time"
"REC002580,2025-07-28,H006,MED053,B964434,Receipt,878,PO00510,On Time"
"REC002581,2025-07-28,H006,MED072,B972552,Receipt,313,PO00510,On Time"
"REC002582,2025-07-28,H006,MED075,B986364,Receipt,284,PO00510,On Time"
"REC002583,2025-07-28,H006,MED092,B253124,Receipt,307,PO00510,On Time"
"REC002584,2025-07-28,H006,MED099,B624426,Receipt,338,PO00510,On Time"
"REC002585,2025-07-23,H006,MED032,B212782,Receipt,942,PO00511,On Time"
"REC002586,2025-07-23,H006,MED045,B376993,Receipt,961,PO00511,On Time"
"REC002587,2025-07-23,H006,MED056,B626549,Receipt,914,PO00511,On Time"
"REC002588,2025-07-23,H006,MED091,B215598,Receipt,334,PO00511,On Time"
"REC002589,2025-07-23,H006,MED093,B785763,Receipt,275,PO00511,On Time"
"REC002590,2025-08-04,H006,MED060,B849971,Receipt,879,PO00512,On Time"
"REC002591,2025-08-04,H006,MED074,B801979,Receipt,320,PO00512,On Time"
"REC002592,2025-08-04,H006,MED097,B150098,Receipt,322,PO00512,On Time"
"REC002593,2025-08-04,H006,MED098,B825753,Receipt,332,PO00512,On Time"
"REC002594,2025-07-04,H006,MED065,B947467,Receipt,2192,PO00513,On Time"
"REC002595,2025-07-04,H006,MED067,B967780,Receipt,2321,PO00513,On Time"
"REC002596,2025-07-04,H006,MED068,B266892,Receipt,2269,PO00514,On Time"
"REC002597,2025-07-04,H006,MED069,B539953,Receipt,2277,PO00514,On Time"
"REC002598,2025-07-04,H006,MED088,B839180,Receipt,893,PO00514,On Time"
"REC002599,2025-07-04,H006,MED081,B703291,Receipt,935,PO00515,On Time"
"REC002600,2025-07-04,H006,MED083,B752667,Receipt,920,PO00515,On Time"
"REC002601,2025-07-08,H007,MED001,B971522,Receipt,2256,PO00516,On Time"
"REC002602,2025-07-08,H007,MED003,B921860,Receipt,2396,PO00516,On Time"
"REC002603,2025-07-08,H007,MED065,B878883,Receipt,2209,PO00516,On Time"
"REC002604,2025-07-05,H007,MED002,B702276,Receipt,2310,PO00517,On Time"
"REC002605,2025-07-05,H007,MED062,B499371,Receipt,2317,PO00517,On Time"
"REC002606,2025-07-05,H007,MED085,B521217,Receipt,843,PO00517,On Time"
"REC002607,2025-07-05,H007,MED087,B514758,Receipt,916,PO00517,On Time"
"REC002608,2025-07-05,H007,MED004,B912853,Receipt,2226,PO00518,On Time"
"REC002609,2025-07-05,H007,MED061,B927424,Receipt,2357,PO00518,On Time"
"REC002610,2025-07-05,H007,MED066,B187265,Receipt,2253,PO00518,On Time"
"REC002611,2025-07-05,H007,MED081,B128328,Receipt,893,PO00518,On Time"
"REC002612,2025-07-05,H007,MED082,B697690,Receipt,907,PO00518,On Time"
"REC002613,2025-07-07,H007,MED005,B191088,Receipt,2307,PO00519,On Time"
"REC002614,2025-07-07,H007,MED007,B195071,Receipt,2319,PO00519,On Time"
"REC002615,2025-07-07,H007,MED086,B316204,Receipt,955,PO00519,On Time"
"REC002616,2025-07-04,H007,MED006,B591024,Receipt,2291,PO00520,On Time"
"REC002617,2025-07-04,H007,MED008,B521280,Receipt,2320,PO00520,On Time"
"REC002618,2025-07-04,H007,MED009,B692632,Receipt,2215,PO00521,On Time"
"REC002619,2025-07-04,H007,MED064,B914038,Receipt,2250,PO00521,On Time"
"REC002620,2025-07-04,H007,MED010,B587505,Receipt,2269,PO00522,On Time"
"REC002621,2025-07-04,H007,MED069,B968584,Receipt,2304,PO00522,On Time"
"REC002622,2025-07-04,H007,MED088,B599797,Receipt,997,PO00522,On Time"
"REC002623,2025-07-25,H007,MED011,B808770,Receipt,2058,PO00523,Delayed"
"REC002624,2025-07-25,H007,MED027,B223853,Receipt,933,PO00523,Delayed"
"REC002625,2025-07-25,H007,MED028,B914886,Receipt,913,PO00523,Delayed"
"REC002626,2025-07-25,H007,MED040,B191218,Receipt,948,PO00523,Delayed"
"REC002627,2025-08-01,H007,MED012,B364528,Receipt,2217,PO00524,On Time"
"REC002628,2025-08-01,H007,MED024,B563937,Receipt,2285,PO00524,On Time"
"REC002629,2025-08-01,H007,MED030,B378710,Receipt,899,PO00524,On Time"
"REC002630,2025-08-01,H007,MED036,B937393,Receipt,931,PO00524,On Time"
"REC002631,2025-08-01,H007,MED041,B865348,Receipt,924,PO00524,On Time"
"REC002632,2025-08-01,H007,MED057,B983096,Receipt,953,PO00524,On Time"
"REC002633,2025-08-01,H007,MED076,B595164,Receipt,306,PO00524,On Time"
"REC002634,2025-07-23,H007,MED013,B804293,Receipt,1935,PO00525,On Time"
"REC002635,2025-07-23,H007,MED023,B685676,Receipt,325,PO00525,On Time"
"REC002636,2025-07-23,H007,MED042,B716410,Receipt,933,PO00525,On Time"
"REC002637,2025-07-23,H007,MED051,B345739,Receipt,920,PO00525,On Time"
"REC002638,2025-07-23,H007,MED059,B889177,Receipt,874,PO00525,On Time"
"REC002639,2025-07-23,H007,MED080,B565226,Receipt,324,PO00525,On Time"
"REC002640,2025-07-23,H007,MED095,B732413,Receipt,336,PO00525,On Time"
"REC002641,2025-07-25,H007,MED014,B585662,Receipt,2311,PO00526,On Time"
"REC002642,2025-07-25,H007,MED025,B861019,Receipt,338,PO00526,On Time"
"REC002643,2025-07-25,H007,MED048,B126654,Receipt,925,PO00526,On Time"
"REC002644,2025-07-25,H007,MED049,B227927,Receipt,870,PO00526,On Time"
"REC002645,2025-07-25,H007,MED052,B436227,Receipt,907,PO00526,On Time"
"REC002646,2025-07-25,H007,MED054,B233172,Receipt,868,PO00526,On Time"
"REC002647,2025-07-25,H007,MED074,B902673,Receipt,330,PO00526,On Time"
"REC002648,2025-08-03,H007,MED015,B317770,Receipt,2177,PO00527,On Time"
"REC002649,2025-08-03,H007,MED022,B632893,Receipt,331,PO00527,On Time"
"REC002650,2025-08-03,H007,MED034,B268785,Receipt,900,PO00527,On Time"
"REC002651,2025-08-03,H007,MED035,B976110,Receipt,833,PO00527,On Time"
"REC002652,2025-08-03,H007,MED047,B940552,Receipt,904,PO00527,On Time"
"REC002653,2025-08-03,H007,MED050,B972328,Receipt,930,PO00527,On Time"
"REC002654,2025-08-03,H007,MED058,B464662,Receipt,933,PO00527,On Time"
"REC002655,2025-08-03,H007,MED060,B348552,Receipt,857,PO00527,On Time"
"REC002656,2025-08-03,H007,MED071,B811111,Receipt,318,PO00527,On Time"
"REC002657,2025-08-03,H007,MED091,B782773,Receipt,318,PO00527,On Time"
"REC002658,2025-08-03,H007,MED093,B512918,Receipt,293,PO00527,On Time"
"REC002659,2025-07-28,H007,MED016,B767304,Receipt,2305,PO00528,On Time"
"REC002660,2025-07-28,H007,MED017,B177842,Receipt,2300,PO00528,On Time"
"REC002661,2025-07-28,H007,MED033,B957558,Receipt,970,PO00528,On Time"
"REC002662,2025-07-28,H007,MED043,B916228,Receipt,955,PO00528,On Time"
"REC002663,2025-07-28,H007,MED055,B660897,Receipt,956,PO00528,On Time"
"REC002664,2025-07-28,H007,MED056,B807173,Receipt,881,PO00528,On Time"
"REC002665,2025-07-28,H007,MED072,B656718,Receipt,312,PO00528,On Time"
"REC002666,2025-07-28,H007,MED094,B192764,Receipt,344,PO00528,On Time"
"REC002667,2025-07-28,H007,MED100,B405505,Receipt,323,PO00528,On Time"
"REC002668,2025-07-23,H007,MED018,B766246,Receipt,2224,PO00529,On Time"
"REC002669,2025-07-23,H007,MED020,B534376,Receipt,2257,PO00529,On Time"
"REC002670,2025-07-23,H007,MED039,B596043,Receipt,919,PO00529,On Time"
"REC002671,2025-07-23,H007,MED053,B388816,Receipt,891,PO00529,On Time"
"REC002672,2025-07-23,H007,MED078,B953900,Receipt,306,PO00529,On Time"
"REC002673,2025-07-23,H007,MED097,B873210,Receipt,299,PO00529,On Time"
"REC002674,2025-07-23,H007,MED098,B780089,Receipt,338,PO00529,On Time"
"REC002675,2025-07-23,H007,MED099,B742762,Receipt,303,PO00529,On Time"
"REC002676,2025-07-23,H007,MED019,B881198,Receipt,2291,PO00530,On Time"
"REC002677,2025-07-23,H007,MED021,B849078,Receipt,340,PO00530,On Time"
"REC002678,2025-07-23,H007,MED026,B851518,Receipt,893,PO00530,On Time"
"REC002679,2025-07-23,H007,MED037,B834983,Receipt,917,PO00530,On Time"
"REC002680,2025-07-23,H007,MED092,B445740,Receipt,338,PO00530,On Time"
"REC002681,2025-07-23,H007,MED029,B222258,Receipt,946,PO00531,On Time"
"REC002682,2025-07-23,H007,MED073,B118990,Receipt,325,PO00531,On Time"
"REC002683,2025-08-04,H007,MED031,B649523,Receipt,925,PO00532,On Time"
"REC002684,2025-08-04,H007,MED032,B114743,Receipt,884,PO00532,On Time"
"REC002685,2025-08-04,H007,MED045,B487881,Receipt,899,PO00532,On Time"
"REC002686,2025-08-04,H007,MED046,B691202,Receipt,862,PO00532,On Time"
"REC002687,2025-08-04,H007,MED077,B931037,Receipt,335,PO00532,On Time"
"REC002688,2025-08-11,H007,MED038,B468266,Receipt,916,PO00533,On Time"
"REC002689,2025-08-11,H007,MED044,B961789,Receipt,887,PO00533,On Time"
"REC002690,2025-08-11,H007,MED075,B593216,Receipt,321,PO00533,On Time"
"REC002691,2025-08-11,H007,MED079,B667815,Receipt,326,PO00533,On Time"
"REC002692,2025-08-11,H007,MED096,B905581,Receipt,295,PO00533,On Time"
"REC002693,2025-07-07,H007,MED063,B549763,Receipt,2294,PO00534,On Time"
"REC002694,2025-07-07,H007,MED067,B862371,Receipt,2162,PO00534,On Time"
"REC002695,2025-07-07,H007,MED068,B436851,Receipt,2258,PO00534,On Time"
"REC002696,2025-07-07,H007,MED083,B950193,Receipt,907,PO00534,On Time"
"REC002697,2025-07-07,H007,MED084,B228389,Receipt,883,PO00534,On Time"
"REC002698,2025-07-07,H007,MED089,B239227,Receipt,903,PO00534,On Time"
"REC002699,2025-07-04,H007,MED070,B213688,Receipt,2333,PO00535,On Time"
"REC002700,2025-07-04,H007,MED090,B687515,Receipt,894,PO00535,On Time"
"REC002701,2025-07-04,H008,MED001,B811935,Receipt,2224,PO00536,On Time"
"REC002702,2025-07-04,H008,MED002,B357906,Receipt,2350,PO00536,On Time"
"REC002703,2025-07-04,H008,MED007,B453646,Receipt,2147,PO00536,On Time"
"REC002704,2025-07-04,H008,MED062,B818316,Receipt,2277,PO00536,On Time"
"REC002705,2025-07-08,H008,MED003,B728889,Receipt,2243,PO00537,On Time"
"REC002706,2025-07-08,H008,MED082,B859785,Receipt,876,PO00537,On Time"
"REC002707,2025-07-05,H008,MED004,B174601,Receipt,2254,PO00538,On Time"
"REC002708,2025-07-05,H008,MED061,B821755,Receipt,2258,PO00538,On Time"
"REC002709,2025-07-05,H008,MED088,B639243,Receipt,891,PO00538,On Time"
"REC002710,2025-07-04,H008,MED005,B882215,Receipt,2182,PO00539,On Time"
"REC002711,2025-07-04,H008,MED008,B372919,Receipt,2116,PO00539,On Time"
"REC002712,2025-07-04,H008,MED066,B953329,Receipt,2130,PO00539,On Time"
"REC002713,2025-07-04,H008,MED081,B867286,Receipt,863,PO00539,On Time"
"REC002714,2025-07-04,H008,MED084,B156358,Receipt,905,PO00539,On Time"
"REC002715,2025-07-04,H008,MED085,B622710,Receipt,888,PO00539,On Time"
"REC002716,2025-07-07,H008,MED006,B291387,Receipt,2288,PO00540,On Time"
"REC002717,2025-07-07,H008,MED090,B199977,Receipt,939,PO00540,On Time"
"REC002718,2025-07-05,H008,MED009,B107415,Receipt,2148,PO00541,On Time"
"REC002719,2025-07-05,H008,MED065,B838464,Receipt,2232,PO00541,On Time"
"REC002720,2025-07-07,H008,MED010,B399188,Receipt,2333,PO00542,On Time"
"REC002721,2025-07-07,H008,MED064,B212935,Receipt,2231,PO00542,On Time"
"REC002722,2025-07-07,H008,MED083,B123408,Receipt,898,PO00542,On Time"
"REC002723,2025-07-07,H008,MED087,B613942,Receipt,880,PO00542,On Time"
"REC002724,2025-08-03,H008,MED011,B596965,Receipt,2285,PO00543,On Time"
"REC002725,2025-08-03,H008,MED012,B924834,Receipt,2313,PO00543,On Time"
"REC002726,2025-08-03,H008,MED014,B151001,Receipt,1780,PO00543,On Time"
"REC002727,2025-08-03,H008,MED020,B351514,Receipt,2077,PO00543,On Time"
"REC002728,2025-08-03,H008,MED021,B535928,Receipt,344,PO00543,On Time"
"REC002729,2025-08-03,H008,MED026,B403664,Receipt,957,PO00543,On Time"
"REC002730,2025-08-03,H008,MED035,B386479,Receipt,945,PO00543,On Time"
"REC002731,2025-08-03,H008,MED040,B501062,Receipt,916,PO00543,On Time"
"REC002732,2025-08-03,H008,MED041,B175277,Receipt,943,PO00543,On Time"
"REC002733,2025-08-03,H008,MED078,B935825,Receipt,310,PO00543,On Time"
"REC002734,2025-08-03,H008,MED095,B811413,Receipt,309,PO00543,On Time"
"REC002735,2025-08-01,H008,MED013,B840389,Receipt,2326,PO00544,On Time"
"REC002736,2025-08-01,H008,MED025,B645932,Receipt,339,PO00544,On Time"
"REC002737,2025-08-01,H008,MED047,B656376,Receipt,891,PO00544,On Time"
"REC002738,2025-08-01,H008,MED076,B397986,Receipt,303,PO00544,On Time"
"REC002739,2025-07-23,H008,MED015,B654394,Receipt,2280,PO00545,On Time"
"REC002740,2025-07-23,H008,MED030,B259034,Receipt,962,PO00545,On Time"
"REC002741,2025-07-23,H008,MED031,B472047,Receipt,858,PO00545,On Time"
"REC002742,2025-07-23,H008,MED034,B510482,Receipt,922,PO00545,On Time"
"REC002743,2025-07-23,H008,MED036,B434971,Receipt,911,PO00545,On Time"
"REC002744,2025-07-23,H008,MED054,B948692,Receipt,983,PO00545,On Time"
"REC002745,2025-07-23,H008,MED077,B375796,Receipt,302,PO00545,On Time"
"REC002746,2025-07-23,H008,MED094,B858761,Receipt,298,PO00545,On Time"
"REC002747,2025-07-23,H008,MED100,B747418,Receipt,325,PO00545,On Time"
"REC002748,2025-08-04,H008,MED016,B327189,Receipt,2127,PO00546,On Time"
"REC002749,2025-08-04,H008,MED023,B512672,Receipt,314,PO00546,On Time"
"REC002750,2025-08-04,H008,MED028,B435299,Receipt,905,PO00546,On Time"
"REC002751,2025-08-04,H008,MED037,B247595,Receipt,885,PO00546,On Time"
"REC002752,2025-08-04,H008,MED044,B503777,Receipt,895,PO00546,On Time"
"REC002753,2025-08-04,H008,MED048,B235189,Receipt,904,PO00546,On Time"
"REC002754,2025-08-04,H008,MED073,B959665,Receipt,295,PO00546,On Time"
"REC002755,2025-08-04,H008,MED093,B115534,Receipt,311,PO00546,On Time"
"REC002756,2025-08-11,H008,MED017,B419759,Receipt,2241,PO00547,On Time"
"REC002757,2025-08-11,H008,MED019,B913560,Receipt,2191,PO00547,On Time"
"REC002758,2025-08-11,H008,MED033,B746238,Receipt,922,PO00547,On Time"
"REC002759,2025-08-11,H008,MED046,B843088,Receipt,887,PO00547,On Time"
"REC002760,2025-08-11,H008,MED051,B868917,Receipt,859,PO00547,On Time"
"REC002761,2025-07-23,H008,MED018,B178077,Receipt,1754,PO00548,On Time"
"REC002762,2025-07-23,H008,MED038,B254692,Receipt,962,PO00548,On Time"
"REC002763,2025-07-23,H008,MED039,B742927,Receipt,896,PO00548,On Time"
"REC002764,2025-07-23,H008,MED074,B834412,Receipt,331,PO00548,On Time"
"REC002765,2025-07-23,H008,MED080,B758966,Receipt,331,PO00548,On Time"
"REC002766,2025-07-23,H008,MED091,B886086,Receipt,339,PO00548,On Time"
"REC002767,2025-07-23,H008,MED096,B504015,Receipt,295,PO00548,On Time"
"REC002768,2025-07-23,H008,MED022,B484193,Receipt,338,PO00549,On Time"
"REC002769,2025-07-23,H008,MED042,B647219,Receipt,972,PO00549,On Time"
"REC002770,2025-07-23,H008,MED043,B719064,Receipt,924,PO00549,On Time"
"REC002771,2025-07-23,H008,MED097,B184607,Receipt,317,PO00549,On Time"
"REC002772,2025-07-23,H008,MED099,B453076,Receipt,346,PO00549,On Time"
"REC002773,2025-07-28,H008,MED024,B622552,Receipt,1702,PO00550,On Time"
"REC002774,2025-07-28,H008,MED045,B495204,Receipt,882,PO00550,On Time"
"REC002775,2025-07-28,H008,MED050,B161842,Receipt,957,PO00550,On Time"
"REC002776,2025-07-28,H008,MED060,B588067,Receipt,854,PO00550,On Time"
"REC002777,2025-07-28,H008,MED071,B616540,Receipt,282,PO00550,On Time"
"REC002778,2025-07-21,H008,MED027,B808672,Receipt,922,PO00551,On Time"
"REC002779,2025-07-21,H008,MED029,B471513,Receipt,907,PO00551,On Time"
"REC002780,2025-07-21,H008,MED032,B397675,Receipt,914,PO00551,On Time"
"REC002781,2025-07-21,H008,MED049,B130949,Receipt,876,PO00551,On Time"
"REC002782,2025-07-21,H008,MED052,B719055,Receipt,883,PO00551,On Time"
"REC002783,2025-07-21,H008,MED056,B797411,Receipt,944,PO00551,On Time"
"REC002784,2025-07-21,H008,MED058,B393125,Receipt,939,PO00551,On Time"
"REC002785,2025-07-21,H008,MED079,B752416,Receipt,296,PO00551,On Time"
"REC002786,2025-07-31,H008,MED053,B653372,Receipt,887,PO00552,Delayed"
"REC002787,2025-07-31,H008,MED059,B702801,Receipt,917,PO00552,Delayed"
"REC002788,2025-07-31,H008,MED072,B798787,Receipt,300,PO00552,Delayed"
"REC002789,2025-07-31,H008,MED098,B755129,Receipt,287,PO00552,Delayed"
"REC002790,2025-07-23,H008,MED055,B888245,Receipt,903,PO00553,On Time"
"REC002791,2025-07-23,H008,MED057,B570435,Receipt,871,PO00553,On Time"
"REC002792,2025-07-23,H008,MED075,B653781,Receipt,342,PO00553,On Time"
"REC002793,2025-07-23,H008,MED092,B407086,Receipt,296,PO00553,On Time"
"REC002794,2025-07-04,H008,MED063,B989855,Receipt,2373,PO00554,On Time"
"REC002795,2025-07-04,H008,MED067,B737431,Receipt,2309,PO00554,On Time"
"REC002796,2025-07-04,H008,MED068,B996749,Receipt,2091,PO00554,On Time"
"REC002797,2025-07-04,H008,MED086,B979854,Receipt,956,PO00554,On Time"
"REC002798,2025-07-04,H008,MED089,B694557,Receipt,917,PO00554,On Time"
"REC002799,2025-07-04,H008,MED069,B108024,Receipt,2281,PO00555,On Time"
"REC002800,2025-07-04,H008,MED070,B979140,Receipt,2294,PO00555,On Time"
"REC002801,2025-07-05,H009,MED001,B523291,Receipt,2311,PO00556,On Time"
"REC002802,2025-07-05,H009,MED067,B800033,Receipt,2294,PO00556,On Time"
"REC002803,2025-07-05,H009,MED082,B592239,Receipt,952,PO00556,On Time"
"REC002804,2025-07-05,H009,MED085,B112100,Receipt,926,PO00556,On Time"
"REC002805,2025-07-07,H009,MED002,B945623,Receipt,2251,PO00557,On Time"
"REC002806,2025-07-07,H009,MED062,B857634,Receipt,2368,PO00557,On Time"
"REC002807,2025-07-04,H009,MED003,B668242,Receipt,2267,PO00558,On Time"
"REC002808,2025-07-07,H009,MED004,B280882,Receipt,2249,PO00559,On Time"
"REC002809,2025-07-07,H009,MED005,B169300,Receipt,2337,PO00559,On Time"
"REC002810,2025-07-07,H009,MED061,B102775,Receipt,2292,PO00559,On Time"
"REC002811,2025-07-07,H009,MED069,B814647,Receipt,2279,PO00559,On Time"
"REC002812,2025-07-07,H009,MED088,B116279,Receipt,859,PO00559,On Time"
"REC002813,2025-07-05,H009,MED006,B927585,Receipt,2175,PO00560,On Time"
"REC002814,2025-07-05,H009,MED009,B585097,Receipt,2288,PO00560,On Time"
"REC002815,2025-07-05,H009,MED065,B378495,Receipt,2311,PO00560,On Time"
"REC002816,2025-07-04,H009,MED007,B307139,Receipt,2260,PO00561,On Time"
"REC002817,2025-07-04,H009,MED068,B897124,Receipt,2368,PO00561,On Time"
"REC002818,2025-07-08,H009,MED008,B892908,Receipt,2332,PO00562,On Time"
"REC002819,2025-07-08,H009,MED063,B452365,Receipt,2312,PO00562,On Time"
"REC002820,2025-07-08,H009,MED064,B969001,Receipt,2249,PO00562,On Time"
"REC002821,2025-07-08,H009,MED090,B547244,Receipt,919,PO00562,On Time"
"REC002822,2025-07-04,H009,MED010,B145095,Receipt,2258,PO00563,On Time"
"REC002823,2025-07-04,H009,MED070,B578454,Receipt,2348,PO00563,On Time"
"REC002824,2025-07-04,H009,MED081,B181972,Receipt,926,PO00563,On Time"
"REC002825,2025-07-04,H009,MED084,B543066,Receipt,960,PO00563,On Time"
"REC002826,2025-07-04,H009,MED086,B334196,Receipt,922,PO00563,On Time"
"REC002827,2025-08-03,H009,MED011,B450067,Receipt,2127,PO00564,On Time"
"REC002828,2025-08-03,H009,MED017,B903806,Receipt,2236,PO00564,On Time"
"REC002829,2025-08-03,H009,MED028,B564462,Receipt,879,PO00564,On Time"
"REC002830,2025-08-03,H009,MED037,B545872,Receipt,884,PO00564,On Time"
"REC002831,2025-08-03,H009,MED042,B908596,Receipt,917,PO00564,On Time"
"REC002832,2025-08-03,H009,MED054,B515466,Receipt,912,PO00564,On Time"
"REC002833,2025-08-03,H009,MED055,B621396,Receipt,864,PO00564,On Time"
"REC002834,2025-08-03,H009,MED075,B805356,Receipt,330,PO00564,On Time"
"REC002835,2025-08-03,H009,MED076,B510834,Receipt,329,PO00564,On Time"
"REC002836,2025-08-03,H009,MED094,B441558,Receipt,323,PO00564,On Time"
"REC002837,2025-07-23,H009,MED012,B427069,Receipt,2254,PO00565,On Time"
"REC002838,2025-07-23,H009,MED027,B915495,Receipt,928,PO00565,On Time"
"REC002839,2025-07-23,H009,MED029,B225829,Receipt,946,PO00565,On Time"
"REC002840,2025-07-23,H009,MED039,B700600,Receipt,947,PO00565,On Time"
"REC002841,2025-07-23,H009,MED043,B704056,Receipt,928,PO00565,On Time"
"REC002842,2025-07-23,H009,MED013,B756030,Receipt,2248,PO00566,On Time"
"REC002843,2025-07-23,H009,MED024,B310048,Receipt,1842,PO00566,On Time"
"REC002844,2025-07-23,H009,MED041,B839538,Receipt,849,PO00566,On Time"
"REC002845,2025-07-23,H009,MED056,B798148,Receipt,926,PO00566,On Time"
"REC002846,2025-07-23,H009,MED072,B395599,Receipt,299,PO00566,On Time"
"REC002847,2025-07-23,H009,MED073,B764846,Receipt,311,PO00566,On Time"
"REC002848,2025-07-23,H009,MED093,B537585,Receipt,298,PO00566,On Time"
"REC002849,2025-07-23,H009,MED014,B345144,Receipt,2284,PO00567,On Time"
"REC002850,2025-07-23,H009,MED032,B921935,Receipt,932,PO00567,On Time"
"REC002851,2025-07-23,H009,MED045,B591006,Receipt,913,PO00567,On Time"
"REC002852,2025-07-23,H009,MED050,B812793,Receipt,929,PO00567,On Time"
"REC002853,2025-07-23,H009,MED051,B808387,Receipt,904,PO00567,On Time"
"REC002854,2025-07-23,H009,MED057,B811943,Receipt,931,PO00567,On Time"
"REC002855,2025-07-23,H009,MED059,B303561,Receipt,898,PO00567,On Time"
"REC002856,2025-08-01,H009,MED015,B201158,Receipt,2220,PO00568,On Time"
"REC002857,2025-08-01,H009,MED019,B919253,Receipt,2270,PO00568,On Time"
"REC002858,2025-08-01,H009,MED031,B967591,Receipt,892,PO00568,On Time"
"REC002859,2025-08-01,H009,MED053,B776479,Receipt,924,PO00568,On Time"
"REC002860,2025-08-01,H009,MED099,B118074,Receipt,324,PO00568,On Time"
"REC002861,2025-07-21,H009,MED016,B973030,Receipt,2319,PO00569,On Time"
"REC002862,2025-07-21,H009,MED046,B958950,Receipt,871,PO00569,On Time"
"REC002863,2025-07-21,H009,MED052,B114995,Receipt,941,PO00569,On Time"
"REC002864,2025-07-21,H009,MED078,B209373,Receipt,316,PO00569,On Time"
"REC002865,2025-07-21,H009,MED092,B297478,Receipt,308,PO00569,On Time"
"REC002866,2025-08-14,H009,MED018,B388213,Receipt,1658,PO00570,Delayed"
"REC002867,2025-08-14,H009,MED020,B795532,Receipt,2146,PO00570,Delayed"
"REC002868,2025-08-14,H009,MED025,B821818,Receipt,325,PO00570,Delayed"
"REC002869,2025-08-14,H009,MED035,B998035,Receipt,953,PO00570,Delayed"
"REC002870,2025-08-14,H009,MED036,B893076,Receipt,912,PO00570,Delayed"
"REC002871,2025-08-14,H009,MED040,B529505,Receipt,941,PO00570,Delayed"
"REC002872,2025-08-14,H009,MED047,B685457,Receipt,916,PO00570,Delayed"
"REC002873,2025-08-14,H009,MED097,B568011,Receipt,322,PO00570,Delayed"
"REC002874,2025-07-23,H009,MED021,B735274,Receipt,294,PO00571,On Time"
"REC002875,2025-07-23,H009,MED022,B149522,Receipt,305,PO00571,On Time"
"REC002876,2025-07-23,H009,MED023,B307352,Receipt,297,PO00571,On Time"
"REC002877,2025-07-23,H009,MED026,B750102,Receipt,878,PO00571,On Time"
"REC002878,2025-07-23,H009,MED030,B722334,Receipt,937,PO00571,On Time"
"REC002879,2025-07-23,H009,MED044,B277718,Receipt,881,PO00571,On Time"
"REC002880,2025-07-23,H009,MED060,B969446,Receipt,939,PO00571,On Time"
"REC002881,2025-07-25,H009,MED033,B436986,Receipt,868,PO00572,On Time"
"REC002882,2025-07-25,H009,MED034,B277826,Receipt,927,PO00572,On Time"
"REC002883,2025-07-25,H009,MED038,B799746,Receipt,898,PO00572,On Time"
"REC002884,2025-07-25,H009,MED049,B428821,Receipt,988,PO00572,On Time"
"REC002885,2025-07-25,H009,MED080,B932583,Receipt,321,PO00572,On Time"
"REC002886,2025-07-25,H009,MED100,B116061,Receipt,325,PO00572,On Time"
"REC002887,2025-07-28,H009,MED048,B374336,Receipt,931,PO00573,On Time"
"REC002888,2025-07-28,H009,MED058,B507931,Receipt,900,PO00573,On Time"
"REC002889,2025-07-28,H009,MED071,B876372,Receipt,314,PO00573,On Time"
"REC002890,2025-07-28,H009,MED091,B938927,Receipt,308,PO00573,On Time"
"REC002891,2025-07-28,H009,MED096,B746045,Receipt,326,PO00573,On Time"
"REC002892,2025-07-04,H009,MED066,B924657,Receipt,2291,PO00574,On Time"
"REC002893,2025-07-04,H009,MED083,B425437,Receipt,887,PO00574,On Time"
"REC002894,2025-07-04,H009,MED087,B902348,Receipt,904,PO00574,On Time"
"REC002895,2025-07-04,H009,MED089,B963917,Receipt,903,PO00574,On Time"
"REC002896,2025-08-04,H009,MED074,B593960,Receipt,311,PO00575,On Time"
"REC002897,2025-08-04,H009,MED077,B897583,Receipt,339,PO00575,On Time"
"REC002898,2025-08-04,H009,MED079,B966491,Receipt,314,PO00575,On Time"
"REC002899,2025-08-04,H009,MED095,B394067,Receipt,328,PO00575,On Time"
"REC002900,2025-08-04,H009,MED098,B331182,Receipt,317,PO00575,On Time"
"REC002901,2025-07-07,H010,MED001,B478336,Receipt,2186,PO00576,On Time"
"REC002902,2025-07-07,H010,MED063,B735254,Receipt,2297,PO00576,On Time"
"REC002903,2025-07-07,H010,MED088,B122337,Receipt,914,PO00576,On Time"
"REC002904,2025-07-04,H010,MED002,B596005,Receipt,2141,PO00577,On Time"
"REC002905,2025-07-04,H010,MED009,B580441,Receipt,1891,PO00577,On Time"
"REC002906,2025-07-04,H010,MED084,B778525,Receipt,882,PO00577,On Time"
"REC002907,2025-07-04,H010,MED090,B656119,Receipt,890,PO00577,On Time"
"REC002908,2025-07-05,H010,MED003,B977042,Receipt,2292,PO00578,On Time"
"REC002909,2025-07-05,H010,MED061,B933238,Receipt,2278,PO00578,On Time"
"REC002910,2025-07-05,H010,MED087,B831576,Receipt,888,PO00578,On Time"
"REC002911,2025-07-04,H010,MED004,B254455,Receipt,1874,PO00579,On Time"
"REC002912,2025-07-04,H010,MED005,B527858,Receipt,2297,PO00579,On Time"
"REC002913,2025-07-04,H010,MED066,B663457,Receipt,2127,PO00579,On Time"
"REC002914,2025-07-04,H010,MED083,B838591,Receipt,896,PO00579,On Time"
"REC002915,2025-07-07,H010,MED006,B835415,Receipt,2251,PO00580,On Time"
"REC002916,2025-07-07,H010,MED068,B409509,Receipt,2278,PO00580,On Time"
"REC002917,2025-07-07,H010,MED086,B497891,Receipt,970,PO00580,On Time"
"REC002918,2025-07-05,H010,MED007,B328931,Receipt,2122,PO00581,On Time"
"REC002919,2025-07-05,H010,MED069,B987081,Receipt,1946,PO00581,On Time"
"REC002920,2025-07-04,H010,MED008,B231379,Receipt,2296,PO00582,On Time"
"REC002921,2025-07-04,H010,MED065,B448844,Receipt,2159,PO00582,On Time"
"REC002922,2025-07-04,H010,MED070,B139553,Receipt,2278,PO00582,On Time"
"REC002923,2025-07-04,H010,MED081,B970261,Receipt,875,PO00582,On Time"
"REC002924,2025-07-04,H010,MED089,B452215,Receipt,901,PO00582,On Time"
"REC002925,2025-07-04,H010,MED010,B367136,Receipt,2171,PO00583,On Time"
"REC002926,2025-07-04,H010,MED062,B856079,Receipt,2257,PO00583,On Time"
"REC002927,2025-07-04,H010,MED064,B847567,Receipt,2223,PO00583,On Time"
"REC002928,2025-07-04,H010,MED067,B453039,Receipt,2390,PO00583,On Time"
"REC002929,2025-07-28,H010,MED011,B860177,Receipt,2243,PO00584,On Time"
"REC002930,2025-07-28,H010,MED026,B591830,Receipt,909,PO00584,On Time"
"REC002931,2025-07-28,H010,MED052,B813156,Receipt,879,PO00584,On Time"
"REC002932,2025-07-28,H010,MED091,B474169,Receipt,338,PO00584,On Time"
"REC002933,2025-07-28,H010,MED095,B804706,Receipt,280,PO00584,On Time"
"REC002934,2025-07-28,H010,MED099,B653380,Receipt,306,PO00584,On Time"
"REC002935,2025-07-23,H010,MED012,B103358,Receipt,1749,PO00585,On Time"
"REC002936,2025-07-23,H010,MED023,B780465,Receipt,332,PO00585,On Time"
"REC002937,2025-07-23,H010,MED025,B680086,Receipt,326,PO00585,On Time"
"REC002938,2025-07-23,H010,MED043,B961858,Receipt,898,PO00585,On Time"
"REC002939,2025-07-23,H010,MED058,B507407,Receipt,892,PO00585,On Time"
"REC002940,2025-07-23,H010,MED013,B892130,Receipt,1474,PO00586,On Time"
"REC002941,2025-07-23,H010,MED036,B666510,Receipt,942,PO00586,On Time"
"REC002942,2025-07-23,H010,MED048,B824750,Receipt,904,PO00586,On Time"
"REC002943,2025-07-23,H010,MED098,B482688,Receipt,306,PO00586,On Time"
"REC002944,2025-08-04,H010,MED014,B338483,Receipt,1579,PO00587,Delayed"
"REC002945,2025-08-04,H010,MED017,B746275,Receipt,2037,PO00587,Delayed"
"REC002946,2025-08-04,H010,MED033,B699248,Receipt,890,PO00587,Delayed"
"REC002947,2025-08-04,H010,MED044,B909340,Receipt,903,PO00587,Delayed"
"REC002948,2025-08-04,H010,MED079,B103969,Receipt,321,PO00587,Delayed"
"REC002949,2025-08-11,H010,MED015,B644026,Receipt,1977,PO00588,Delayed"
"REC002950,2025-08-11,H010,MED020,B204188,Receipt,1854,PO00588,Delayed"
"REC002951,2025-08-11,H010,MED030,B741480,Receipt,911,PO00588,Delayed"
"REC002952,2025-08-11,H010,MED031,B601323,Receipt,956,PO00588,Delayed"
"REC002953,2025-08-11,H010,MED038,B768629,Receipt,866,PO00588,Delayed"
"REC002954,2025-08-11,H010,MED040,B785503,Receipt,885,PO00588,Delayed"
"REC002955,2025-08-11,H010,MED093,B975206,Receipt,315,PO00588,Delayed"
"REC002956,2025-08-11,H010,MED097,B214456,Receipt,329,PO00588,Delayed"
"REC002957,2025-07-21,H010,MED016,B931156,Receipt,1769,PO00589,On Time"
"REC002958,2025-07-21,H010,MED027,B963428,Receipt,889,PO00589,On Time"
"REC002959,2025-07-21,H010,MED046,B802461,Receipt,873,PO00589,On Time"
"REC002960,2025-07-21,H010,MED060,B178537,Receipt,932,PO00589,On Time"
"REC002961,2025-07-21,H010,MED071,B655710,Receipt,318,PO00589,On Time"
"REC002962,2025-07-21,H010,MED074,B194837,Receipt,308,PO00589,On Time"
"REC002963,2025-07-25,H010,MED018,B873720,Receipt,2250,PO00590,On Time"
"REC002964,2025-07-25,H010,MED037,B149420,Receipt,937,PO00590,On Time"
"REC002965,2025-07-25,H010,MED049,B811238,Receipt,891,PO00590,On Time"
"REC002966,2025-07-25,H010,MED057,B590999,Receipt,942,PO00590,On Time"
"REC002967,2025-07-25,H010,MED092,B292458,Receipt,312,PO00590,On Time"
"REC002968,2025-07-25,H010,MED094,B734151,Receipt,323,PO00590,On Time"
"REC002969,2025-07-25,H010,MED100,B421898,Receipt,351,PO00590,On Time"
"REC002970,2025-08-11,H010,MED019,B695376,Receipt,2310,PO00591,On Time"
"REC002971,2025-08-11,H010,MED021,B778936,Receipt,342,PO00591,On Time"
"REC002972,2025-08-11,H010,MED024,B929378,Receipt,2375,PO00591,On Time"
"REC002973,2025-08-11,H010,MED041,B553510,Receipt,925,PO00591,On Time"
"REC002974,2025-08-11,H010,MED045,B793023,Receipt,925,PO00591,On Time"
"REC002975,2025-08-11,H010,MED051,B247878,Receipt,910,PO00591,On Time"
"REC002976,2025-08-11,H010,MED055,B434199,Receipt,869,PO00591,On Time"
"REC002977,2025-08-11,H010,MED073,B815732,Receipt,321,PO00591,On Time"
"REC002978,2025-07-24,H010,MED022,B397584,Receipt,304,PO00592,Delayed"
"REC002979,2025-07-24,H010,MED034,B532829,Receipt,862,PO00592,Delayed"
"REC002980,2025-07-24,H010,MED035,B702960,Receipt,902,PO00592,Delayed"
"REC002981,2025-07-24,H010,MED039,B517582,Receipt,904,PO00592,Delayed"
"REC002982,2025-07-24,H010,MED056,B834595,Receipt,892,PO00592,Delayed"
"REC002983,2025-07-24,H010,MED072,B509740,Receipt,330,PO00592,Delayed"
"REC002984,2025-07-23,H010,MED028,B102866,Receipt,894,PO00593,On Time"
"REC002985,2025-07-23,H010,MED032,B915864,Receipt,894,PO00593,On Time"
"REC002986,2025-07-23,H010,MED042,B124042,Receipt,836,PO00593,On Time"
"REC002987,2025-07-23,H010,MED047,B872332,Receipt,931,PO00593,On Time"
"REC002988,2025-07-23,H010,MED053,B676515,Receipt,937,PO00593,On Time"
"REC002989,2025-07-23,H010,MED054,B674887,Receipt,913,PO00593,On Time"
"REC002990,2025-07-23,H010,MED075,B909359,Receipt,309,PO00593,On Time"
"REC002991,2025-07-23,H010,MED076,B330780,Receipt,310,PO00593,On Time"
"REC002992,2025-07-23,H010,MED077,B899180,Receipt,305,PO00593,On Time"
"REC002993,2025-07-23,H010,MED078,B492179,Receipt,299,PO00593,On Time"
"REC002994,2025-07-23,H010,MED080,B623293,Receipt,313,PO00593,On Time"
"REC002995,2025-07-23,H010,MED096,B245281,Receipt,318,PO00593,On Time"
"REC002996,2025-08-05,H010,MED029,B897388,Receipt,899,PO00594,Delayed"
"REC002997,2025-08-05,H010,MED050,B336495,Receipt,922,PO00594,Delayed"
"REC002998,2025-08-05,H010,MED059,B345984,Receipt,927,PO00594,Delayed"
"REC002999,2025-07-08,H010,MED082,B157062,Receipt,929,PO00595,On Time"
"REC003000,2025-07-08,H010,MED085,B851393,Receipt,931,PO00595,On Time"
"REC003001,2025-10-07,H001,MED001,B210268,Receipt,2341,PO00596,On Time"
"REC003002,2025-10-07,H001,MED063,B118070,Receipt,2331,PO00596,On Time"
"REC003003,2025-10-07,H001,MED070,B170313,Receipt,2322,PO00596,On Time"
"REC003004,2025-10-07,H001,MED082,B406063,Receipt,930,PO00596,On Time"
"REC003005,2025-10-08,H001,MED002,B187498,Receipt,2304,PO00597,On Time"
"REC003006,2025-10-08,H001,MED005,B358795,Receipt,2321,PO00597,On Time"
"REC003007,2025-10-08,H001,MED085,B472370,Receipt,958,PO00597,On Time"
"REC003008,2025-10-04,H001,MED003,B429365,Receipt,2337,PO00598,On Time"
"REC003009,2025-10-04,H001,MED064,B258823,Receipt,2229,PO00598,On Time"
"REC003010,2025-10-04,H001,MED066,B997059,Receipt,2241,PO00598,On Time"
"REC003011,2025-10-04,H001,MED081,B547556,Receipt,969,PO00598,On Time"
"REC003012,2025-10-04,H001,MED083,B555968,Receipt,907,PO00598,On Time"
"REC003013,2025-10-05,H001,MED004,B203355,Receipt,2280,PO00599,On Time"
"REC003014,2025-10-05,H001,MED009,B339931,Receipt,2227,PO00599,On Time"
"REC003015,2025-10-05,H001,MED010,B877089,Receipt,2286,PO00599,On Time"
"REC003016,2025-10-05,H001,MED065,B542905,Receipt,2278,PO00599,On Time"
"REC003017,2025-10-05,H001,MED087,B291962,Receipt,917,PO00599,On Time"
"REC003018,2025-10-04,H001,MED006,B249503,Receipt,2346,PO00600,On Time"
"REC003019,2025-10-04,H001,MED061,B218015,Receipt,2275,PO00600,On Time"
"REC003020,2025-10-04,H001,MED089,B251836,Receipt,911,PO00600,On Time"
"REC003021,2025-10-05,H001,MED007,B691723,Receipt,2347,PO00601,On Time"
"REC003022,2025-10-05,H001,MED008,B665894,Receipt,2312,PO00601,On Time"
"REC003023,2025-10-05,H001,MED067,B584299,Receipt,2289,PO00601,On Time"
"REC003024,2025-10-05,H001,MED086,B651951,Receipt,915,PO00601,On Time"
"REC003025,2025-10-25,H001,MED011,B996942,Receipt,2315,PO00602,On Time"
"REC003026,2025-10-25,H001,MED031,B388249,Receipt,920,PO00602,On Time"
"REC003027,2025-10-25,H001,MED032,B554589,Receipt,925,PO00602,On Time"
"REC003028,2025-10-25,H001,MED038,B937291,Receipt,911,PO00602,On Time"
"REC003029,2025-10-25,H001,MED059,B920260,Receipt,915,PO00602,On Time"
"REC003030,2025-10-25,H001,MED092,B906790,Receipt,311,PO00602,On Time"
"REC003031,2025-11-03,H001,MED012,B905889,Receipt,2288,PO00603,Delayed"
"REC003032,2025-11-03,H001,MED016,B567281,Receipt,2255,PO00603,Delayed"
"REC003033,2025-11-03,H001,MED017,B532315,Receipt,2324,PO00603,Delayed"
"REC003034,2025-11-03,H001,MED036,B840976,Receipt,901,PO00603,Delayed"
"REC003035,2025-11-03,H001,MED091,B712956,Receipt,326,PO00603,Delayed"
"REC003036,2025-11-03,H001,MED094,B930857,Receipt,293,PO00603,Delayed"
"REC003037,2025-11-03,H001,MED096,B844086,Receipt,312,PO00603,Delayed"
"REC003038,2025-10-21,H001,MED013,B371836,Receipt,2351,PO00604,On Time"
"REC003039,2025-10-21,H001,MED020,B234633,Receipt,2248,PO00604,On Time"
"REC003040,2025-10-21,H001,MED023,B301664,Receipt,340,PO00604,On Time"
"REC003041,2025-10-21,H001,MED039,B481050,Receipt,890,PO00604,On Time"
"REC003042,2025-10-21,H001,MED073,B311810,Receipt,346,PO00604,On Time"
"REC003043,2025-10-21,H001,MED077,B850201,Receipt,313,PO00604,On Time"
"REC003044,2025-10-23,H001,MED014,B323165,Receipt,2284,PO00605,On Time"
"REC003045,2025-10-23,H001,MED026,B872838,Receipt,900,PO00605,On Time"
"REC003046,2025-10-23,H001,MED045,B654594,Receipt,943,PO00605,On Time"
"REC003047,2025-10-23,H001,MED058,B405628,Receipt,938,PO00605,On Time"
"REC003048,2025-10-23,H001,MED099,B664242,Receipt,332,PO00605,On Time"
"REC003049,2025-11-03,H001,MED015,B453531,Receipt,2138,PO00606,On Time"
"REC003050,2025-11-03,H001,MED019,B236330,Receipt,2356,PO00606,On Time"
"REC003051,2025-11-03,H001,MED028,B264899,Receipt,860,PO00606,On Time"
"REC003052,2025-11-03,H001,MED033,B890180,Receipt,942,PO00606,On Time"
"REC003053,2025-11-03,H001,MED044,B373255,Receipt,941,PO00606,On Time"
"REC003054,2025-11-03,H001,MED047,B391999,Receipt,939,PO00606,On Time"
"REC003055,2025-11-03,H001,MED049,B768234,Receipt,942,PO00606,On Time"
"REC003056,2025-11-03,H001,MED051,B177505,Receipt,950,PO00606,On Time"
"REC003057,2025-11-03,H001,MED054,B500109,Receipt,899,PO00606,On Time"
"REC003058,2025-11-03,H001,MED057,B727234,Receipt,935,PO00606,On Time"
"REC003059,2025-11-03,H001,MED060,B559451,Receipt,976,PO00606,On Time"
"REC003060,2025-11-03,H001,MED075,B727769,Receipt,332,PO00606,On Time"
"REC003061,2025-11-03,H001,MED076,B283062,Receipt,296,PO00606,On Time"
"REC003062,2025-11-03,H001,MED095,B969474,Receipt,310,PO00606,On Time"
"REC003063,2025-10-23,H001,MED018,B476896,Receipt,2350,PO00607,On Time"
"REC003064,2025-10-23,H001,MED042,B418394,Receipt,972,PO00607,On Time"
"REC003065,2025-10-23,H001,MED100,B825256,Receipt,316,PO00607,On Time"
"REC003066,2025-10-28,H001,MED021,B130535,Receipt,300,PO00608,On Time"
"REC003067,2025-10-28,H001,MED027,B835716,Receipt,906,PO00608,On Time"
"REC003068,2025-10-28,H001,MED035,B314283,Receipt,958,PO00608,On Time"
"REC003069,2025-10-28,H001,MED041,B710490,Receipt,889,PO00608,On Time"
"REC003070,2025-10-28,H001,MED050,B757917,Receipt,931,PO00608,On Time"
"REC003071,2025-10-23,H001,MED022,B747972,Receipt,345,PO00609,On Time"
"REC003072,2025-10-23,H001,MED025,B318126,Receipt,338,PO00609,On Time"
"REC003073,2025-10-23,H001,MED029,B515515,Receipt,974,PO00609,On Time"
"REC003074,2025-10-23,H001,MED034,B979989,Receipt,885,PO00609,On Time"
"REC003075,2025-10-23,H001,MED046,B473616,Receipt,902,PO00609,On Time"
"REC003076,2025-10-23,H001,MED048,B690978,Receipt,888,PO00609,On Time"
"REC003077,2025-10-23,H001,MED071,B213632,Receipt,344,PO00609,On Time"
"REC003078,2025-10-23,H001,MED072,B711523,Receipt,339,PO00609,On Time"
"REC003079,2025-10-23,H001,MED080,B612153,Receipt,364,PO00609,On Time"
"REC003080,2025-10-23,H001,MED097,B695468,Receipt,333,PO00609,On Time"
"REC003081,2025-10-23,H001,MED098,B734736,Receipt,337,PO00609,On Time"
"REC003082,2025-11-11,H001,MED024,B723094,Receipt,2313,PO00610,On Time"
"REC003083,2025-11-11,H001,MED030,B981691,Receipt,946,PO00610,On Time"
"REC003084,2025-11-11,H001,MED043,B314835,Receipt,970,PO00610,On Time"
"REC003085,2025-11-11,H001,MED055,B250810,Receipt,911,PO00610,On Time"
"REC003086,2025-11-11,H001,MED074,B970045,Receipt,307,PO00610,On Time"
"REC003087,2025-11-11,H001,MED078,B120056,Receipt,345,PO00610,On Time"
"REC003088,2025-11-11,H001,MED079,B765022,Receipt,316,PO00610,On Time"
"REC003089,2025-11-04,H001,MED037,B998613,Receipt,916,PO00611,On Time"
"REC003090,2025-11-04,H001,MED040,B713333,Receipt,914,PO00611,On Time"
"REC003091,2025-11-04,H001,MED052,B138467,Receipt,943,PO00611,On Time"
"REC003092,2025-11-04,H001,MED056,B469599,Receipt,871,PO00611,On Time"
"REC003093,2025-11-04,H001,MED093,B231484,Receipt,320,PO00611,On Time"
"REC003094,2025-10-23,H001,MED053,B710704,Receipt,935,PO00612,On Time"
"REC003095,2025-10-04,H001,MED062,B465890,Receipt,2351,PO00613,On Time"
"REC003096,2025-10-04,H001,MED068,B766326,Receipt,2264,PO00613,On Time"
"REC003097,2025-10-04,H001,MED088,B990123,Receipt,884,PO00613,On Time"
"REC003098,2025-10-04,H001,MED090,B979090,Receipt,963,PO00613,On Time"
"REC003099,2025-10-04,H001,MED069,B805660,Receipt,2216,PO00614,On Time"
"REC003100,2025-10-04,H001,MED084,B834965,Receipt,951,PO00614,On Time"
"REC003101,2025-10-04,H002,MED001,B940530,Receipt,2344,PO00615,On Time"
"REC003102,2025-10-04,H002,MED068,B164323,Receipt,2303,PO00615,On Time"
"REC003103,2025-10-04,H002,MED088,B274944,Receipt,923,PO00615,On Time"
"REC003104,2025-10-04,H002,MED089,B302967,Receipt,898,PO00615,On Time"
"REC003105,2025-10-05,H002,MED002,B766490,Receipt,2370,PO00616,Delayed"
"REC003106,2025-10-05,H002,MED006,B625830,Receipt,2395,PO00616,Delayed"
"REC003107,2025-10-05,H002,MED084,B910951,Receipt,920,PO00616,Delayed"
"REC003108,2025-10-07,H002,MED003,B252617,Receipt,2371,PO00617,On Time"
"REC003109,2025-10-07,H002,MED061,B699991,Receipt,2232,PO00617,On Time"
"REC003110,2025-10-07,H002,MED064,B890756,Receipt,2215,PO00617,On Time"
"REC003111,2025-10-07,H002,MED065,B784106,Receipt,2301,PO00617,On Time"
"REC003112,2025-10-07,H002,MED069,B954016,Receipt,2311,PO00617,On Time"
"REC003113,2025-10-08,H002,MED004,B138102,Receipt,2332,PO00618,Delayed"
"REC003114,2025-10-08,H002,MED083,B192263,Receipt,934,PO00618,Delayed"
"REC003115,2025-10-04,H002,MED005,B279208,Receipt,2242,PO00619,On Time"
"REC003116,2025-10-04,H002,MED070,B656542,Receipt,2266,PO00619,On Time"
"REC003117,2025-10-04,H002,MED081,B243026,Receipt,911,PO00619,On Time"
"REC003118,2025-10-07,H002,MED007,B905497,Receipt,2346,PO00620,On Time"
"REC003119,2025-10-07,H002,MED009,B977699,Receipt,2276,PO00620,On Time"
"REC003120,2025-10-07,H002,MED067,B932946,Receipt,2137,PO00620,On Time"
"REC003121,2025-10-07,H002,MED090,B184291,Receipt,881,PO00620,On Time"
"REC003122,2025-10-08,H002,MED008,B128295,Receipt,2238,PO00621,On Time"
"REC003123,2025-10-08,H002,MED010,B334677,Receipt,2233,PO00621,On Time"
"REC003124,2025-10-08,H002,MED062,B216421,Receipt,2217,PO00621,On Time"
"REC003125,2025-10-08,H002,MED063,B962557,Receipt,2295,PO00621,On Time"
"REC003126,2025-10-08,H002,MED085,B367552,Receipt,957,PO00621,On Time"
"REC003127,2025-10-25,H002,MED011,B639773,Receipt,2335,PO00622,On Time"
"REC003128,2025-10-25,H002,MED023,B790907,Receipt,357,PO00622,On Time"
"REC003129,2025-10-25,H002,MED057,B672203,Receipt,965,PO00622,On Time"
"REC003130,2025-10-25,H002,MED097,B820670,Receipt,322,PO00622,On Time"
"REC003131,2025-11-01,H002,MED012,B130355,Receipt,2260,PO00623,Delayed"
"REC003132,2025-11-01,H002,MED016,B292714,Receipt,2283,PO00623,Delayed"
"REC003133,2025-11-01,H002,MED020,B260775,Receipt,1902,PO00623,Delayed"
"REC003134,2025-11-01,H002,MED030,B263273,Receipt,867,PO00623,Delayed"
"REC003135,2025-11-01,H002,MED048,B151745,Receipt,969,PO00623,Delayed"
"REC003136,2025-11-01,H002,MED058,B631849,Receipt,916,PO00623,Delayed"
"REC003137,2025-11-01,H002,MED092,B695603,Receipt,288,PO00623,Delayed"
"REC003138,2025-10-23,H002,MED013,B663586,Receipt,1691,PO00624,On Time"
"REC003139,2025-10-23,H002,MED017,B738353,Receipt,2241,PO00624,On Time"
"REC003140,2025-10-23,H002,MED019,B986089,Receipt,2330,PO00624,On Time"
"REC003141,2025-10-23,H002,MED028,B932972,Receipt,954,PO00624,On Time"
"REC003142,2025-10-23,H002,MED039,B350875,Receipt,938,PO00624,On Time"
"REC003143,2025-10-23,H002,MED040,B465340,Receipt,862,PO00624,On Time"
"REC003144,2025-10-23,H002,MED079,B599097,Receipt,295,PO00624,On Time"
"REC003145,2025-10-23,H002,MED093,B155318,Receipt,327,PO00624,On Time"
"REC003146,2025-10-23,H002,MED096,B295716,Receipt,316,PO00624,On Time"
"REC003147,2025-10-23,H002,MED098,B562120,Receipt,307,PO00624,On Time"
"REC003148,2025-10-23,H002,MED100,B808533,Receipt,347,PO00624,On Time"
"REC003149,2025-10-23,H002,MED014,B313920,Receipt,1922,PO00625,On Time"
"REC003150,2025-10-23,H002,MED015,B753983,Receipt,2325,PO00625,On Time"
"REC003151,2025-10-23,H002,MED046,B517170,Receipt,974,PO00625,On Time"
"REC003152,2025-10-23,H002,MED051,B572930,Receipt,984,PO00625,On Time"
"REC003153,2025-10-23,H002,MED059,B126069,Receipt,924,PO00625,On Time"
"REC003154,2025-10-23,H002,MED073,B872042,Receipt,306,PO00625,On Time"
"REC003155,2025-10-23,H002,MED078,B879554,Receipt,321,PO00625,On Time"
"REC003156,2025-10-23,H002,MED095,B191751,Receipt,323,PO00625,On Time"
"REC003157,2025-10-21,H002,MED018,B601108,Receipt,2204,PO00626,On Time"
"REC003158,2025-10-21,H002,MED042,B728861,Receipt,943,PO00626,On Time"
"REC003159,2025-10-21,H002,MED043,B779574,Receipt,915,PO00626,On Time"
"REC003160,2025-10-21,H002,MED044,B682531,Receipt,916,PO00626,On Time"
"REC003161,2025-10-21,H002,MED055,B729474,Receipt,944,PO00626,On Time"
"REC003162,2025-10-21,H002,MED056,B321897,Receipt,862,PO00626,On Time"
"REC003163,2025-10-21,H002,MED074,B142078,Receipt,321,PO00626,On Time"
"REC003164,2025-10-21,H002,MED075,B429588,Receipt,341,PO00626,On Time"
"REC003165,2025-10-21,H002,MED077,B632295,Receipt,328,PO00626,On Time"
"REC003166,2025-10-23,H002,MED021,B730075,Receipt,333,PO00627,On Time"
"REC003167,2025-10-23,H002,MED025,B578007,Receipt,317,PO00627,On Time"
"REC003168,2025-10-23,H002,MED032,B136187,Receipt,903,PO00627,On Time"
"REC003169,2025-10-23,H002,MED033,B686165,Receipt,930,PO00627,On Time"
"REC003170,2025-10-23,H002,MED060,B696562,Receipt,915,PO00627,On Time"
"REC003171,2025-10-23,H002,MED072,B105287,Receipt,291,PO00627,On Time"
"REC003172,2025-10-23,H002,MED022,B644447,Receipt,327,PO00628,On Time"
"REC003173,2025-10-23,H002,MED037,B106949,Receipt,893,PO00628,On Time"
"REC003174,2025-10-23,H002,MED041,B750199,Receipt,951,PO00628,On Time"
"REC003175,2025-10-23,H002,MED053,B345121,Receipt,938,PO00628,On Time"
"REC003176,2025-10-23,H002,MED076,B872608,Receipt,315,PO00628,On Time"
"REC003177,2025-10-23,H002,MED091,B532882,Receipt,312,PO00628,On Time"
"REC003178,2025-10-23,H002,MED094,B306988,Receipt,302,PO00628,On Time"
"REC003179,2025-10-23,H002,MED099,B232717,Receipt,348,PO00628,On Time"
"REC003180,2025-11-01,H002,MED024,B538661,Receipt,2423,PO00629,On Time"
"REC003181,2025-11-01,H002,MED029,B374907,Receipt,923,PO00629,On Time"
"REC003182,2025-11-01,H002,MED054,B760482,Receipt,973,PO00629,On Time"
"REC003183,2025-11-01,H002,MED080,B618545,Receipt,301,PO00629,On Time"
"REC003184,2025-11-03,H002,MED026,B161813,Receipt,912,PO00630,On Time"
"REC003185,2025-11-03,H002,MED027,B686580,Receipt,949,PO00630,On Time"
"REC003186,2025-11-03,H002,MED052,B735605,Receipt,914,PO00630,On Time"
"REC003187,2025-11-04,H002,MED031,B931538,Receipt,898,PO00631,On Time"
"REC003188,2025-11-04,H002,MED034,B960395,Receipt,912,PO00631,On Time"
"REC003189,2025-11-04,H002,MED035,B381342,Receipt,897,PO00631,On Time"
"REC003190,2025-11-04,H002,MED036,B585450,Receipt,942,PO00631,On Time"
"REC003191,2025-11-04,H002,MED047,B441396,Receipt,877,PO00631,On Time"
"REC003192,2025-11-04,H002,MED071,B814743,Receipt,313,PO00631,On Time"
"REC003193,2025-11-11,H002,MED038,B880722,Receipt,901,PO00632,On Time"
"REC003194,2025-11-11,H002,MED045,B463714,Receipt,945,PO00632,On Time"
"REC003195,2025-11-11,H002,MED049,B503704,Receipt,908,PO00632,On Time"
"REC003196,2025-11-11,H002,MED050,B480975,Receipt,892,PO00632,On Time"
"REC003197,2025-10-04,H002,MED066,B899666,Receipt,2306,PO00633,On Time"
"REC003198,2025-10-04,H002,MED082,B692016,Receipt,866,PO00633,On Time"
"REC003199,2025-10-04,H002,MED086,B984152,Receipt,979,PO00633,On Time"
"REC003200,2025-10-05,H002,MED087,B465821,Receipt,893,PO00634,On Time"
"REC003201,2025-10-05,H003,MED001,B157545,Receipt,2310,PO00635,On Time"
"REC003202,2025-10-05,H003,MED007,B857907,Receipt,2244,PO00635,On Time"
"REC003203,2025-10-05,H003,MED068,B161665,Receipt,2346,PO00635,On Time"
"REC003204,2025-10-04,H003,MED002,B950163,Receipt,1902,PO00636,On Time"
"REC003205,2025-10-04,H003,MED004,B752026,Receipt,2310,PO00636,On Time"
"REC003206,2025-10-04,H003,MED067,B531413,Receipt,2171,PO00636,On Time"
"REC003207,2025-10-04,H003,MED070,B555699,Receipt,2258,PO00636,On Time"
"REC003208,2025-10-05,H003,MED003,B632954,Receipt,2327,PO00637,On Time"
"REC003209,2025-10-05,H003,MED006,B765755,Receipt,2319,PO00637,On Time"
"REC003210,2025-10-05,H003,MED010,B697135,Receipt,2324,PO00637,On Time"
"REC003211,2025-10-05,H003,MED088,B268383,Receipt,961,PO00637,On Time"
"REC003212,2025-10-07,H003,MED005,B906388,Receipt,2307,PO00638,On Time"
"REC003213,2025-10-07,H003,MED083,B169274,Receipt,913,PO00638,On Time"
"REC003214,2025-10-07,H003,MED086,B289004,Receipt,943,PO00638,On Time"
"REC003215,2025-10-07,H003,MED089,B580488,Receipt,901,PO00638,On Time"
"REC003216,2025-10-04,H003,MED008,B251878,Receipt,2363,PO00639,On Time"
"REC003217,2025-10-04,H003,MED009,B193501,Receipt,1865,PO00639,On Time"
"REC003218,2025-10-04,H003,MED062,B999005,Receipt,2321,PO00639,On Time"
"REC003219,2025-10-04,H003,MED065,B811998,Receipt,2383,PO00639,On Time"
"REC003220,2025-10-04,H003,MED069,B245271,Receipt,2314,PO00639,On Time"
"REC003221,2025-10-23,H003,MED011,B357009,Receipt,2315,PO00640,On Time"
"REC003222,2025-10-23,H003,MED018,B525037,Receipt,2279,PO00640,On Time"
"REC003223,2025-10-23,H003,MED029,B444138,Receipt,950,PO00640,On Time"
"REC003224,2025-10-23,H003,MED039,B221789,Receipt,880,PO00640,On Time"
"REC003225,2025-10-23,H003,MED041,B658296,Receipt,955,PO00640,On Time"
"REC003226,2025-10-23,H003,MED074,B427304,Receipt,307,PO00640,On Time"
"REC003227,2025-10-23,H003,MED094,B776555,Receipt,296,PO00640,On Time"
"REC003228,2025-10-23,H003,MED095,B943804,Receipt,313,PO00640,On Time"
"REC003229,2025-10-29,H003,MED012,B400709,Receipt,2447,PO00641,Delayed"
"REC003230,2025-10-29,H003,MED014,B283675,Receipt,2354,PO00641,Delayed"
"REC003231,2025-10-29,H003,MED021,B267292,Receipt,325,PO00641,Delayed"
"REC003232,2025-10-29,H003,MED043,B713217,Receipt,917,PO00641,Delayed"
"REC003233,2025-10-29,H003,MED047,B286833,Receipt,866,PO00641,Delayed"
"REC003234,2025-11-11,H003,MED013,B402950,Receipt,2125,PO00642,On Time"
"REC003235,2025-11-11,H003,MED027,B986040,Receipt,914,PO00642,On Time"
"REC003236,2025-11-11,H003,MED035,B677564,Receipt,910,PO00642,On Time"
"REC003237,2025-11-11,H003,MED040,B599137,Receipt,900,PO00642,On Time"
"REC003238,2025-11-11,H003,MED051,B850294,Receipt,937,PO00642,On Time"
"REC003239,2025-11-11,H003,MED052,B711600,Receipt,875,PO00642,On Time"
"REC003240,2025-11-11,H003,MED060,B729661,Receipt,892,PO00642,On Time"
"REC003241,2025-11-11,H003,MED075,B932974,Receipt,338,PO00642,On Time"
"REC003242,2025-10-25,H003,MED015,B209575,Receipt,2233,PO00643,On Time"
"REC003243,2025-10-25,H003,MED016,B870044,Receipt,2231,PO00643,On Time"
"REC003244,2025-10-25,H003,MED020,B890857,Receipt,2191,PO00643,On Time"
"REC003245,2025-10-25,H003,MED033,B397881,Receipt,954,PO00643,On Time"
"REC003246,2025-10-25,H003,MED036,B322320,Receipt,894,PO00643,On Time"
"REC003247,2025-10-25,H003,MED076,B125559,Receipt,314,PO00643,On Time"
"REC003248,2025-10-25,H003,MED091,B538755,Receipt,340,PO00643,On Time"
"REC003249,2025-10-23,H003,MED017,B139986,Receipt,2332,PO00644,On Time"
"REC003250,2025-10-23,H003,MED022,B360910,Receipt,352,PO00644,On Time"
"REC003251,2025-10-23,H003,MED044,B528988,Receipt,952,PO00644,On Time"
"REC003252,2025-11-03,H003,MED019,B745588,Receipt,2281,PO00645,On Time"
"REC003253,2025-11-03,H003,MED023,B989302,Receipt,318,PO00645,On Time"
"REC003254,2025-11-03,H003,MED024,B294269,Receipt,2201,PO00645,On Time"
"REC003255,2025-11-03,H003,MED031,B625910,Receipt,898,PO00645,On Time"
"REC003256,2025-11-03,H003,MED034,B201371,Receipt,911,PO00645,On Time"
"REC003257,2025-11-03,H003,MED053,B550348,Receipt,964,PO00645,On Time"
"REC003258,2025-11-03,H003,MED054,B909942,Receipt,910,PO00645,On Time"
"REC003259,2025-11-03,H003,MED071,B474999,Receipt,324,PO00645,On Time"
"REC003260,2025-11-03,H003,MED073,B773034,Receipt,316,PO00645,On Time"
"REC003261,2025-11-03,H003,MED079,B626684,Receipt,334,PO00645,On Time"
"REC003262,2025-11-03,H003,MED093,B476826,Receipt,321,PO00645,On Time"
"REC003263,2025-11-03,H003,MED097,B769648,Receipt,305,PO00645,On Time"
"REC003264,2025-11-03,H003,MED099,B384186,Receipt,300,PO00645,On Time"
"REC003265,2025-11-01,H003,MED025,B356713,Receipt,328,PO00646,On Time"
"REC003266,2025-11-01,H003,MED030,B655941,Receipt,903,PO00646,On Time"
"REC003267,2025-11-01,H003,MED032,B129402,Receipt,894,PO00646,On Time"
"REC003268,2025-11-01,H003,MED058,B993741,Receipt,935,PO00646,On Time"
"REC003269,2025-11-01,H003,MED072,B395804,Receipt,319,PO00646,On Time"
"REC003270,2025-11-04,H003,MED026,B807280,Receipt,874,PO00647,On Time"
"REC003271,2025-11-04,H003,MED028,B942393,Receipt,964,PO00647,On Time"
"REC003272,2025-11-04,H003,MED037,B808662,Receipt,891,PO00647,On Time"
"REC003273,2025-11-04,H003,MED045,B251563,Receipt,989,PO00647,On Time"
"REC003274,2025-11-04,H003,MED049,B418420,Receipt,958,PO00647,On Time"
"REC003275,2025-11-04,H003,MED050,B386214,Receipt,938,PO00647,On Time"
"REC003276,2025-11-04,H003,MED092,B426032,Receipt,290,PO00647,On Time"
"REC003277,2025-11-04,H003,MED096,B327286,Receipt,326,PO00647,On Time"
"REC003278,2025-11-04,H003,MED098,B438076,Receipt,348,PO00647,On Time"
"REC003279,2025-10-23,H003,MED038,B305550,Receipt,932,PO00648,On Time"
"REC003280,2025-10-23,H003,MED055,B941052,Receipt,893,PO00648,On Time"
"REC003281,2025-10-23,H003,MED057,B915862,Receipt,903,PO00648,On Time"
"REC003282,2025-10-23,H003,MED080,B433863,Receipt,302,PO00648,On Time"
"REC003283,2025-10-23,H003,MED042,B124354,Receipt,887,PO00649,On Time"
"REC003284,2025-10-23,H003,MED046,B111344,Receipt,897,PO00649,On Time"
"REC003285,2025-10-23,H003,MED048,B616142,Receipt,962,PO00649,On Time"
"REC003286,2025-10-23,H003,MED059,B293259,Receipt,942,PO00649,On Time"
"REC003287,2025-10-23,H003,MED077,B212217,Receipt,309,PO00649,On Time"
"REC003288,2025-10-21,H003,MED056,B311837,Receipt,925,PO00650,On Time"
"REC003289,2025-10-21,H003,MED078,B972388,Receipt,350,PO00650,On Time"
"REC003290,2025-10-21,H003,MED100,B395900,Receipt,328,PO00650,On Time"
"REC003291,2025-10-04,H003,MED061,B132733,Receipt,2283,PO00651,On Time"
"REC003292,2025-10-04,H003,MED066,B966867,Receipt,2315,PO00651,On Time"
"REC003293,2025-10-04,H003,MED085,B570452,Receipt,882,PO00651,On Time"
"REC003294,2025-10-08,H003,MED063,B497710,Receipt,1777,PO00652,On Time"
"REC003295,2025-10-08,H003,MED081,B823035,Receipt,966,PO00652,On Time"
"REC003296,2025-10-08,H003,MED082,B526346,Receipt,918,PO00652,On Time"
"REC003297,2025-10-08,H003,MED084,B174553,Receipt,917,PO00652,On Time"
"REC003298,2025-10-04,H003,MED064,B143001,Receipt,2305,PO00653,On Time"
"REC003299,2025-10-07,H003,MED087,B175418,Receipt,907,PO00654,On Time"
"REC003300,2025-10-07,H003,MED090,B715645,Receipt,907,PO00654,On Time"
"REC003301,2025-10-04,H004,MED001,B673189,Receipt,2493,PO00655,On Time"
"REC003302,2025-10-04,H004,MED002,B803650,Receipt,1870,PO00655,On Time"
"REC003303,2025-10-04,H004,MED064,B949881,Receipt,2342,PO00655,On Time"
"REC003304,2025-10-04,H004,MED088,B394054,Receipt,955,PO00655,On Time"
"REC003305,2025-10-08,H004,MED003,B516235,Receipt,2290,PO00656,On Time"
"REC003306,2025-10-08,H004,MED081,B700441,Receipt,950,PO00656,On Time"
"REC003307,2025-10-08,H004,MED082,B134084,Receipt,939,PO00656,On Time"
"REC003308,2025-10-08,H004,MED085,B966964,Receipt,920,PO00656,On Time"
"REC003309,2025-10-08,H004,MED089,B924899,Receipt,930,PO00656,On Time"
"REC003310,2025-10-04,H004,MED004,B529660,Receipt,2239,PO00657,On Time"
"REC003311,2025-10-04,H004,MED063,B990328,Receipt,1749,PO00657,On Time"
"REC003312,2025-10-04,H004,MED069,B553105,Receipt,2300,PO00657,On Time"
"REC003313,2025-10-07,H004,MED005,B817148,Receipt,2321,PO00658,On Time"
"REC003314,2025-10-07,H004,MED062,B127723,Receipt,2096,PO00658,On Time"
"REC003315,2025-10-07,H004,MED065,B387681,Receipt,2313,PO00658,On Time"
"REC003316,2025-10-07,H004,MED084,B751844,Receipt,929,PO00658,On Time"
"REC003317,2025-10-04,H004,MED006,B886958,Receipt,2255,PO00659,On Time"
"REC003318,2025-10-04,H004,MED009,B354346,Receipt,2181,PO00659,On Time"
"REC003319,2025-10-04,H004,MED083,B262982,Receipt,938,PO00659,On Time"
"REC003320,2025-10-04,H004,MED087,B642015,Receipt,894,PO00659,On Time"
"REC003321,2025-10-05,H004,MED007,B658819,Receipt,2351,PO00660,On Time"
"REC003322,2025-10-05,H004,MED008,B754037,Receipt,2321,PO00660,On Time"
"REC003323,2025-10-05,H004,MED090,B416397,Receipt,976,PO00660,On Time"
"REC003324,2025-10-04,H004,MED010,B257661,Receipt,2308,PO00661,On Time"
"REC003325,2025-10-04,H004,MED086,B191658,Receipt,923,PO00661,On Time"
"REC003326,2025-10-27,H004,MED011,B106154,Receipt,2217,PO00662,Delayed"
"REC003327,2025-10-27,H004,MED029,B960563,Receipt,914,PO00662,Delayed"
"REC003328,2025-10-27,H004,MED048,B975825,Receipt,888,PO00662,Delayed"
"REC003329,2025-10-27,H004,MED071,B923346,Receipt,338,PO00662,Delayed"
"REC003330,2025-10-27,H004,MED077,B934800,Receipt,324,PO00662,Delayed"
"REC003331,2025-10-27,H004,MED092,B216492,Receipt,302,PO00662,Delayed"
"REC003332,2025-10-27,H004,MED100,B286994,Receipt,336,PO00662,Delayed"
"REC003333,2025-11-01,H004,MED012,B264053,Receipt,2220,PO00663,On Time"
"REC003334,2025-11-01,H004,MED014,B436585,Receipt,2272,PO00663,On Time"
"REC003335,2025-11-01,H004,MED017,B109078,Receipt,2337,PO00663,On Time"
"REC003336,2025-11-01,H004,MED022,B252360,Receipt,324,PO00663,On Time"
"REC003337,2025-11-01,H004,MED033,B360116,Receipt,928,PO00663,On Time"
"REC003338,2025-11-01,H004,MED037,B847512,Receipt,927,PO00663,On Time"
"REC003339,2025-11-01,H004,MED040,B119816,Receipt,861,PO00663,On Time"
"REC003340,2025-11-01,H004,MED052,B900101,Receipt,908,PO00663,On Time"
"REC003341,2025-11-01,H004,MED054,B386233,Receipt,932,PO00663,On Time"
"REC003342,2025-11-01,H004,MED091,B655655,Receipt,348,PO00663,On Time"
"REC003343,2025-11-04,H004,MED013,B793919,Receipt,1931,PO00664,On Time"
"REC003344,2025-11-04,H004,MED031,B667873,Receipt,892,PO00664,On Time"
"REC003345,2025-11-04,H004,MED038,B505804,Receipt,981,PO00664,On Time"
"REC003346,2025-11-04,H004,MED045,B258492,Receipt,981,PO00664,On Time"
"REC003347,2025-11-04,H004,MED046,B858842,Receipt,895,PO00664,On Time"
"REC003348,2025-11-04,H004,MED053,B596758,Receipt,912,PO00664,On Time"
"REC003349,2025-11-04,H004,MED073,B848013,Receipt,297,PO00664,On Time"
"REC003350,2025-11-04,H004,MED074,B221999,Receipt,352,PO00664,On Time"
"REC003351,2025-11-04,H004,MED075,B855801,Receipt,343,PO00664,On Time"
"REC003352,2025-11-04,H004,MED093,B235327,Receipt,326,PO00664,On Time"
"REC003353,2025-10-25,H004,MED015,B998792,Receipt,2383,PO00665,On Time"
"REC003354,2025-10-25,H004,MED018,B495141,Receipt,1886,PO00665,On Time"
"REC003355,2025-10-25,H004,MED042,B417348,Receipt,943,PO00665,On Time"
"REC003356,2025-10-25,H004,MED051,B896657,Receipt,936,PO00665,On Time"
"REC003357,2025-10-25,H004,MED095,B351051,Receipt,326,PO00665,On Time"
"REC003358,2025-10-25,H004,MED096,B415507,Receipt,313,PO00665,On Time"
"REC003359,2025-10-23,H004,MED016,B836421,Receipt,2167,PO00666,On Time"
"REC003360,2025-10-23,H004,MED021,B198511,Receipt,351,PO00666,On Time"
"REC003361,2025-10-23,H004,MED027,B441705,Receipt,976,PO00666,On Time"
"REC003362,2025-10-23,H004,MED030,B476369,Receipt,942,PO00666,On Time"
"REC003363,2025-10-23,H004,MED034,B297133,Receipt,932,PO00666,On Time"
"REC003364,2025-10-23,H004,MED035,B790493,Receipt,912,PO00666,On Time"
"REC003365,2025-10-23,H004,MED044,B543324,Receipt,960,PO00666,On Time"
"REC003366,2025-10-23,H004,MED072,B540097,Receipt,293,PO00666,On Time"
"REC003367,2025-10-23,H004,MED080,B265140,Receipt,313,PO00666,On Time"
"REC003368,2025-10-23,H004,MED019,B427025,Receipt,2128,PO00667,On Time"
"REC003369,2025-10-23,H004,MED098,B450877,Receipt,318,PO00667,On Time"
"REC003370,2025-11-03,H004,MED020,B506845,Receipt,2186,PO00668,On Time"
"REC003371,2025-11-03,H004,MED024,B251094,Receipt,2251,PO00668,On Time"
"REC003372,2025-11-03,H004,MED039,B444333,Receipt,952,PO00668,On Time"
"REC003373,2025-11-03,H004,MED050,B394700,Receipt,922,PO00668,On Time"
"REC003374,2025-11-03,H004,MED058,B782568,Receipt,929,PO00668,On Time"
"REC003375,2025-11-03,H004,MED078,B732259,Receipt,311,PO00668,On Time"
"REC003376,2025-11-11,H004,MED023,B241398,Receipt,319,PO00669,On Time"
"REC003377,2025-11-11,H004,MED059,B476188,Receipt,947,PO00669,On Time"
"REC003378,2025-11-11,H004,MED094,B599499,Receipt,333,PO00669,On Time"
"REC003379,2025-10-28,H004,MED025,B364500,Receipt,335,PO00670,On Time"
"REC003380,2025-10-28,H004,MED041,B471000,Receipt,931,PO00670,On Time"
"REC003381,2025-10-28,H004,MED043,B441815,Receipt,904,PO00670,On Time"
"REC003382,2025-10-28,H004,MED055,B530424,Receipt,923,PO00670,On Time"
"REC003383,2025-10-28,H004,MED060,B983084,Receipt,893,PO00670,On Time"
"REC003384,2025-10-28,H004,MED079,B506889,Receipt,312,PO00670,On Time"
"REC003385,2025-10-28,H004,MED097,B935036,Receipt,325,PO00670,On Time"
"REC003386,2025-10-21,H004,MED026,B887093,Receipt,887,PO00671,On Time"
"REC003387,2025-10-21,H004,MED047,B348500,Receipt,893,PO00671,On Time"
"REC003388,2025-10-21,H004,MED056,B572132,Receipt,910,PO00671,On Time"
"REC003389,2025-10-21,H004,MED099,B270963,Receipt,320,PO00671,On Time"
"REC003390,2025-10-23,H004,MED028,B591872,Receipt,885,PO00672,On Time"
"REC003391,2025-10-23,H004,MED032,B379922,Receipt,953,PO00672,On Time"
"REC003392,2025-10-23,H004,MED036,B540280,Receipt,903,PO00672,On Time"
"REC003393,2025-10-23,H004,MED049,B633398,Receipt,875,PO00672,On Time"
"REC003394,2025-10-23,H004,MED057,B599653,Receipt,886,PO00672,On Time"
"REC003395,2025-10-23,H004,MED076,B279785,Receipt,321,PO00672,On Time"
"REC003396,2025-10-07,H004,MED061,B494583,Receipt,2335,PO00673,On Time"
"REC003397,2025-10-07,H004,MED066,B266703,Receipt,2371,PO00673,On Time"
"REC003398,2025-10-07,H004,MED068,B671107,Receipt,2227,PO00673,On Time"
"REC003399,2025-10-07,H004,MED070,B159182,Receipt,2284,PO00673,On Time"
"REC003400,2025-10-05,H004,MED067,B394923,Receipt,2318,PO00674,On Time"
"REC003401,2025-10-09,H005,MED001,B796683,Receipt,2302,PO00675,Delayed"
"REC003402,2025-10-09,H005,MED005,B798045,Receipt,2357,PO00675,Delayed"
"REC003403,2025-10-09,H005,MED069,B688717,Receipt,2306,PO00675,Delayed"
"REC003404,2025-10-09,H005,MED070,B168099,Receipt,2444,PO00675,Delayed"
"REC003405,2025-10-09,H005,MED085,B889271,Receipt,938,PO00675,Delayed"
"REC003406,2025-10-05,H005,MED002,B891327,Receipt,2304,PO00676,On Time"
"REC003407,2025-10-05,H005,MED009,B567016,Receipt,2322,PO00676,On Time"
"REC003408,2025-10-05,H005,MED062,B863711,Receipt,2285,PO00676,On Time"
"REC003409,2025-10-04,H005,MED003,B618652,Receipt,2207,PO00677,On Time"
"REC003410,2025-10-04,H005,MED010,B754801,Receipt,2301,PO00677,On Time"
"REC003411,2025-10-04,H005,MED067,B731827,Receipt,2324,PO00677,On Time"
"REC003412,2025-10-04,H005,MED083,B370143,Receipt,915,PO00677,On Time"
"REC003413,2025-10-04,H005,MED004,B659873,Receipt,2357,PO00678,On Time"
"REC003414,2025-10-04,H005,MED082,B577746,Receipt,950,PO00678,On Time"
"REC003415,2025-10-09,H005,MED006,B826331,Receipt,2274,PO00679,Delayed"
"REC003416,2025-10-09,H005,MED065,B245016,Receipt,2386,PO00679,Delayed"
"REC003417,2025-10-09,H005,MED087,B686712,Receipt,927,PO00679,Delayed"
"REC003418,2025-10-05,H005,MED007,B767689,Receipt,2279,PO00680,On Time"
"REC003419,2025-10-05,H005,MED063,B180102,Receipt,2247,PO00680,On Time"
"REC003420,2025-10-05,H005,MED084,B869605,Receipt,872,PO00680,On Time"
"REC003421,2025-10-05,H005,MED088,B979005,Receipt,953,PO00680,On Time"
"REC003422,2025-10-05,H005,MED089,B173997,Receipt,938,PO00680,On Time"
"REC003423,2025-10-08,H005,MED008,B145033,Receipt,2242,PO00681,On Time"
"REC003424,2025-10-08,H005,MED061,B515872,Receipt,2292,PO00681,On Time"
"REC003425,2025-10-08,H005,MED086,B605659,Receipt,890,PO00681,On Time"
"REC003426,2025-10-08,H005,MED090,B411877,Receipt,905,PO00681,On Time"
"REC003427,2025-10-22,H005,MED011,B556956,Receipt,2370,PO00682,Delayed"
"REC003428,2025-10-22,H005,MED019,B256104,Receipt,2322,PO00682,Delayed"
"REC003429,2025-10-22,H005,MED024,B282268,Receipt,2358,PO00682,Delayed"
"REC003430,2025-10-22,H005,MED029,B362307,Receipt,898,PO00682,Delayed"
"REC003431,2025-10-22,H005,MED078,B702272,Receipt,286,PO00682,Delayed"
"REC003432,2025-10-22,H005,MED094,B495755,Receipt,324,PO00682,Delayed"
"REC003433,2025-10-23,H005,MED012,B322317,Receipt,2412,PO00683,On Time"
"REC003434,2025-10-23,H005,MED013,B302380,Receipt,2083,PO00683,On Time"
"REC003435,2025-10-23,H005,MED016,B659550,Receipt,2247,PO00683,On Time"
"REC003436,2025-10-23,H005,MED018,B466936,Receipt,1771,PO00683,On Time"
"REC003437,2025-10-23,H005,MED023,B943441,Receipt,315,PO00683,On Time"
"REC003438,2025-10-23,H005,MED045,B282051,Receipt,954,PO00683,On Time"
"REC003439,2025-10-23,H005,MED049,B670126,Receipt,906,PO00683,On Time"
"REC003440,2025-10-23,H005,MED076,B761616,Receipt,316,PO00683,On Time"
"REC003441,2025-10-23,H005,MED099,B827067,Receipt,319,PO00683,On Time"
"REC003442,2025-10-23,H005,MED014,B656110,Receipt,2049,PO00684,On Time"
"REC003443,2025-10-23,H005,MED015,B325371,Receipt,2345,PO00684,On Time"
"REC003444,2025-10-23,H005,MED034,B295713,Receipt,925,PO00684,On Time"
"REC003445,2025-10-23,H005,MED036,B608679,Receipt,950,PO00684,On Time"
"REC003446,2025-10-23,H005,MED037,B518647,Receipt,970,PO00684,On Time"
"REC003447,2025-10-23,H005,MED042,B551122,Receipt,954,PO00684,On Time"
"REC003448,2025-10-23,H005,MED044,B248702,Receipt,936,PO00684,On Time"
"REC003449,2025-10-23,H005,MED047,B518443,Receipt,932,PO00684,On Time"
"REC003450,2025-10-23,H005,MED048,B212990,Receipt,889,PO00684,On Time"
"REC003451,2025-10-23,H005,MED057,B584814,Receipt,934,PO00684,On Time"
"REC003452,2025-10-23,H005,MED093,B166707,Receipt,314,PO00684,On Time"
"REC003453,2025-11-04,H005,MED017,B334555,Receipt,2226,PO00685,On Time"
"REC003454,2025-11-04,H005,MED027,B386166,Receipt,924,PO00685,On Time"
"REC003455,2025-11-04,H005,MED028,B737420,Receipt,925,PO00685,On Time"
"REC003456,2025-11-04,H005,MED030,B384564,Receipt,935,PO00685,On Time"
"REC003457,2025-11-04,H005,MED039,B529440,Receipt,928,PO00685,On Time"
"REC003458,2025-11-04,H005,MED071,B516441,Receipt,339,PO00685,On Time"
"REC003459,2025-11-04,H005,MED072,B952129,Receipt,324,PO00685,On Time"
"REC003460,2025-11-04,H005,MED100,B448688,Receipt,321,PO00685,On Time"
"REC003461,2025-11-03,H005,MED020,B325469,Receipt,2280,PO00686,On Time"
"REC003462,2025-11-03,H005,MED021,B721827,Receipt,331,PO00686,On Time"
"REC003463,2025-11-03,H005,MED025,B597660,Receipt,326,PO00686,On Time"
"REC003464,2025-11-03,H005,MED043,B569511,Receipt,920,PO00686,On Time"
"REC003465,2025-11-03,H005,MED051,B963403,Receipt,937,PO00686,On Time"
"REC003466,2025-11-03,H005,MED058,B651332,Receipt,947,PO00686,On Time"
"REC003467,2025-11-03,H005,MED073,B471602,Receipt,345,PO00686,On Time"
"REC003468,2025-11-11,H005,MED022,B527387,Receipt,298,PO00687,On Time"
"REC003469,2025-11-11,H005,MED038,B323332,Receipt,891,PO00687,On Time"
"REC003470,2025-11-11,H005,MED040,B247603,Receipt,930,PO00687,On Time"
"REC003471,2025-11-11,H005,MED056,B688316,Receipt,910,PO00687,On Time"
"REC003472,2025-10-28,H005,MED026,B714106,Receipt,905,PO00688,On Time"
"REC003473,2025-10-28,H005,MED031,B780481,Receipt,952,PO00688,On Time"
"REC003474,2025-10-28,H005,MED050,B170119,Receipt,946,PO00688,On Time"
"REC003475,2025-10-28,H005,MED077,B446874,Receipt,323,PO00688,On Time"
"REC003476,2025-10-28,H005,MED092,B117073,Receipt,339,PO00688,On Time"
"REC003477,2025-10-27,H005,MED032,B769416,Receipt,903,PO00689,Delayed"
"REC003478,2025-10-27,H005,MED035,B513497,Receipt,922,PO00689,Delayed"
"REC003479,2025-10-27,H005,MED046,B223257,Receipt,891,PO00689,Delayed"
"REC003480,2025-10-27,H005,MED053,B406094,Receipt,904,PO00689,Delayed"
"REC003481,2025-10-27,H005,MED055,B289784,Receipt,888,PO00689,Delayed"
"REC003482,2025-10-27,H005,MED096,B380466,Receipt,311,PO00689,Delayed"
"REC003483,2025-10-27,H005,MED033,B479504,Receipt,881,PO00690,Delayed"
"REC003484,2025-10-27,H005,MED041,B503082,Receipt,887,PO00690,Delayed"
"REC003485,2025-10-27,H005,MED059,B968374,Receipt,943,PO00690,Delayed"
"REC003486,2025-10-27,H005,MED074,B142092,Receipt,309,PO00690,Delayed"
"REC003487,2025-10-27,H005,MED075,B869727,Receipt,337,PO00690,Delayed"
"REC003488,2025-10-27,H005,MED079,B839290,Receipt,330,PO00690,Delayed"
"REC003489,2025-10-27,H005,MED080,B507688,Receipt,304,PO00690,Delayed"
"REC003490,2025-11-03,H005,MED052,B224447,Receipt,942,PO00691,Delayed"
"REC003491,2025-11-03,H005,MED054,B941965,Receipt,929,PO00691,Delayed"
"REC003492,2025-11-03,H005,MED091,B758003,Receipt,309,PO00691,Delayed"
"REC003493,2025-11-03,H005,MED095,B351924,Receipt,325,PO00691,Delayed"
"REC003494,2025-11-03,H005,MED097,B631633,Receipt,300,PO00691,Delayed"
"REC003495,2025-11-03,H005,MED098,B905878,Receipt,328,PO00691,Delayed"
"REC003496,2025-10-23,H005,MED060,B680735,Receipt,918,PO00692,On Time"
"REC003497,2025-10-07,H005,MED064,B733065,Receipt,2286,PO00693,On Time"
"REC003498,2025-10-07,H005,MED066,B898519,Receipt,2406,PO00693,On Time"
"REC003499,2025-10-07,H005,MED081,B265937,Receipt,961,PO00693,On Time"
"REC003500,2025-10-04,H005,MED068,B203892,Receipt,2279,PO00694,On Time"
"REC003501,2025-10-05,H006,MED001,B113140,Receipt,1963,PO00695,On Time"
"REC003502,2025-10-05,H006,MED066,B303196,Receipt,2171,PO00695,On Time"
"REC003503,2025-10-04,H006,MED002,B832303,Receipt,2417,PO00696,On Time"
"REC003504,2025-10-04,H006,MED003,B550542,Receipt,2286,PO00696,On Time"
"REC003505,2025-10-04,H006,MED008,B375709,Receipt,2248,PO00696,On Time"
"REC003506,2025-10-04,H006,MED009,B557382,Receipt,2300,PO00696,On Time"
"REC003507,2025-10-04,H006,MED004,B897232,Receipt,2231,PO00697,On Time"
"REC003508,2025-10-04,H006,MED085,B345404,Receipt,920,PO00697,On Time"
"REC003509,2025-10-04,H006,MED089,B745194,Receipt,892,PO00697,On Time"
"REC003510,2025-10-04,H006,MED005,B688158,Receipt,2423,PO00698,On Time"
"REC003511,2025-10-04,H006,MED006,B720756,Receipt,2259,PO00698,On Time"
"REC003512,2025-10-04,H006,MED062,B282024,Receipt,2277,PO00698,On Time"
"REC003513,2025-10-04,H006,MED064,B855181,Receipt,2283,PO00698,On Time"
"REC003514,2025-10-04,H006,MED081,B703291,Receipt,892,PO00698,On Time"
"REC003515,2025-10-07,H006,MED007,B642777,Receipt,2088,PO00699,On Time"
"REC003516,2025-10-07,H006,MED087,B715863,Receipt,920,PO00699,On Time"
"REC003517,2025-10-09,H006,MED010,B620498,Receipt,2227,PO00700,Delayed"
"REC003518,2025-10-09,H006,MED061,B216656,Receipt,2284,PO00700,Delayed"
"REC003519,2025-10-09,H006,MED067,B967780,Receipt,2289,PO00700,Delayed"
"REC003520,2025-10-09,H006,MED068,B266892,Receipt,2259,PO00700,Delayed"
"REC003521,2025-10-09,H006,MED070,B658830,Receipt,2366,PO00700,Delayed"
"REC003522,2025-10-09,H006,MED083,B752667,Receipt,906,PO00700,Delayed"
"REC003523,2025-10-24,H006,MED011,B962371,Receipt,2272,PO00701,Delayed"
"REC003524,2025-10-24,H006,MED046,B385711,Receipt,973,PO00701,Delayed"
"REC003525,2025-10-24,H006,MED053,B964434,Receipt,905,PO00701,Delayed"
"REC003526,2025-10-24,H006,MED054,B655083,Receipt,878,PO00701,Delayed"
"REC003527,2025-10-24,H006,MED057,B474226,Receipt,918,PO00701,Delayed"
"REC003528,2025-10-24,H006,MED079,B572501,Receipt,334,PO00701,Delayed"
"REC003529,2025-10-24,H006,MED091,B215598,Receipt,335,PO00701,Delayed"
"REC003530,2025-11-11,H006,MED012,B271918,Receipt,1927,PO00702,On Time"
"REC003531,2025-11-11,H006,MED029,B305735,Receipt,948,PO00702,On Time"
"REC003532,2025-11-11,H006,MED031,B356190,Receipt,913,PO00702,On Time"
"REC003533,2025-11-11,H006,MED040,B803814,Receipt,902,PO00702,On Time"
"REC003534,2025-10-23,H006,MED013,B180257,Receipt,2283,PO00703,On Time"
"REC003535,2025-10-23,H006,MED028,B394746,Receipt,942,PO00703,On Time"
"REC003536,2025-10-23,H006,MED051,B433997,Receipt,882,PO00703,On Time"
"REC003537,2025-10-23,H006,MED055,B897622,Receipt,961,PO00703,On Time"
"REC003538,2025-10-23,H006,MED073,B961069,Receipt,345,PO00703,On Time"
"REC003539,2025-10-23,H006,MED078,B336440,Receipt,332,PO00703,On Time"
"REC003540,2025-11-07,H006,MED014,B310545,Receipt,2258,PO00704,Delayed"
"REC003541,2025-11-07,H006,MED020,B339968,Receipt,2240,PO00704,Delayed"
"REC003542,2025-11-07,H006,MED039,B615693,Receipt,856,PO00704,Delayed"
"REC003543,2025-11-07,H006,MED044,B225149,Receipt,902,PO00704,Delayed"
"REC003544,2025-11-07,H006,MED052,B188668,Receipt,873,PO00704,Delayed"
"REC003545,2025-11-07,H006,MED059,B982487,Receipt,963,PO00704,Delayed"
"REC003546,2025-11-07,H006,MED094,B906970,Receipt,321,PO00704,Delayed"
"REC003547,2025-11-04,H006,MED015,B919812,Receipt,2212,PO00705,On Time"
"REC003548,2025-11-04,H006,MED024,B887019,Receipt,2347,PO00705,On Time"
"REC003549,2025-11-04,H006,MED025,B191353,Receipt,344,PO00705,On Time"
"REC003550,2025-11-04,H006,MED032,B212782,Receipt,949,PO00705,On Time"
"REC003551,2025-11-04,H006,MED033,B410925,Receipt,886,PO00705,On Time"
"REC003552,2025-11-04,H006,MED037,B802098,Receipt,897,PO00705,On Time"
"REC003553,2025-11-04,H006,MED043,B408877,Receipt,937,PO00705,On Time"
"REC003554,2025-11-04,H006,MED047,B285378,Receipt,952,PO00705,On Time"
"REC003555,2025-11-04,H006,MED060,B849971,Receipt,879,PO00705,On Time"
"REC003556,2025-11-04,H006,MED097,B150098,Receipt,310,PO00705,On Time"
"REC003557,2025-10-28,H006,MED016,B139901,Receipt,2303,PO00706,On Time"
"REC003558,2025-10-28,H006,MED022,B262002,Receipt,349,PO00706,On Time"
"REC003559,2025-10-28,H006,MED027,B439119,Receipt,938,PO00706,On Time"
"REC003560,2025-10-28,H006,MED045,B376993,Receipt,913,PO00706,On Time"
"REC003561,2025-10-28,H006,MED049,B971868,Receipt,898,PO00706,On Time"
"REC003562,2025-10-28,H006,MED056,B626549,Receipt,922,PO00706,On Time"
"REC003563,2025-10-28,H006,MED072,B972552,Receipt,295,PO00706,On Time"
"REC003564,2025-10-28,H006,MED076,B349768,Receipt,318,PO00706,On Time"
"REC003565,2025-10-28,H006,MED077,B953966,Receipt,338,PO00706,On Time"
"REC003566,2025-10-29,H006,MED017,B687275,Receipt,2104,PO00707,Delayed"
"REC003567,2025-10-29,H006,MED034,B915948,Receipt,868,PO00707,Delayed"
"REC003568,2025-10-29,H006,MED042,B524871,Receipt,896,PO00707,Delayed"
"REC003569,2025-10-29,H006,MED050,B582604,Receipt,907,PO00707,Delayed"
"REC003570,2025-10-29,H006,MED058,B561552,Receipt,880,PO00707,Delayed"
"REC003571,2025-10-29,H006,MED075,B986364,Receipt,333,PO00707,Delayed"
"REC003572,2025-10-29,H006,MED093,B785763,Receipt,314,PO00707,Delayed"
"REC003573,2025-10-30,H006,MED018,B613012,Receipt,2376,PO00708,Delayed"
"REC003574,2025-10-30,H006,MED023,B257547,Receipt,350,PO00708,Delayed"
"REC003575,2025-10-30,H006,MED036,B757957,Receipt,895,PO00708,Delayed"
"REC003576,2025-10-30,H006,MED038,B346183,Receipt,944,PO00708,Delayed"
"REC003577,2025-10-23,H006,MED019,B298137,Receipt,2291,PO00709,On Time"
"REC003578,2025-10-23,H006,MED026,B276168,Receipt,935,PO00709,On Time"
"REC003579,2025-10-23,H006,MED035,B909178,Receipt,886,PO00709,On Time"
"REC003580,2025-10-23,H006,MED096,B233004,Receipt,299,PO00709,On Time"
"REC003581,2025-10-23,H006,MED098,B825753,Receipt,322,PO00709,On Time"
"REC003582,2025-10-23,H006,MED100,B967964,Receipt,341,PO00709,On Time"
"REC003583,2025-10-23,H006,MED021,B395138,Receipt,327,PO00710,On Time"
"REC003584,2025-10-23,H006,MED030,B138547,Receipt,864,PO00710,On Time"
"REC003585,2025-10-23,H006,MED041,B216219,Receipt,849,PO00710,On Time"
"REC003586,2025-10-23,H006,MED080,B792148,Receipt,310,PO00710,On Time"
"REC003587,2025-10-23,H006,MED092,B253124,Receipt,333,PO00710,On Time"
"REC003588,2025-11-01,H006,MED048,B805860,Receipt,904,PO00711,On Time"
"REC003589,2025-11-01,H006,MED071,B537625,Receipt,335,PO00711,On Time"
"REC003590,2025-11-01,H006,MED074,B801979,Receipt,327,PO00711,On Time"
"REC003591,2025-11-01,H006,MED095,B336527,Receipt,325,PO00711,On Time"
"REC003592,2025-11-01,H006,MED099,B624426,Receipt,313,PO00711,On Time"
"REC003593,2025-10-05,H006,MED063,B476742,Receipt,2311,PO00712,On Time"
"REC003594,2025-10-05,H006,MED069,B539953,Receipt,2192,PO00712,On Time"
"REC003595,2025-10-05,H006,MED082,B115434,Receipt,848,PO00712,On Time"
"REC003596,2025-10-08,H006,MED065,B947467,Receipt,2237,PO00713,On Time"
"REC003597,2025-10-08,H006,MED088,B839180,Receipt,916,PO00713,On Time"
"REC003598,2025-10-08,H006,MED090,B303199,Receipt,957,PO00713,On Time"
"REC003599,2025-10-07,H006,MED084,B532548,Receipt,921,PO00714,On Time"
"REC003600,2025-10-07,H006,MED086,B278570,Receipt,954,PO00714,On Time"
"REC003601,2025-10-04,H007,MED001,B971522,Receipt,2344,PO00715,On Time"
"REC003602,2025-10-04,H007,MED005,B191088,Receipt,2300,PO00715,On Time"
"REC003603,2025-10-04,H007,MED065,B878883,Receipt,2375,PO00715,On Time"
"REC003604,2025-10-04,H007,MED069,B968584,Receipt,2285,PO00715,On Time"
"REC003605,2025-10-04,H007,MED084,B228389,Receipt,879,PO00715,On Time"
"REC003606,2025-10-04,H007,MED085,B521217,Receipt,960,PO00715,On Time"
"REC003607,2025-10-08,H007,MED002,B702276,Receipt,2269,PO00716,On Time"
"REC003608,2025-10-08,H007,MED009,B692632,Receipt,2255,PO00716,On Time"
"REC003609,2025-10-08,H007,MED061,B927424,Receipt,2338,PO00716,On Time"
"REC003610,2025-10-08,H007,MED066,B187265,Receipt,2289,PO00716,On Time"
"REC003611,2025-10-07,H007,MED003,B921860,Receipt,2311,PO00717,On Time"
"REC003612,2025-10-07,H007,MED062,B499371,Receipt,2341,PO00717,On Time"
"REC003613,2025-10-07,H007,MED086,B316204,Receipt,887,PO00717,On Time"
"REC003614,2025-10-07,H007,MED090,B687515,Receipt,928,PO00717,On Time"
"REC003615,2025-10-04,H007,MED004,B912853,Receipt,2257,PO00718,On Time"
"REC003616,2025-10-04,H007,MED007,B195071,Receipt,2280,PO00718,On Time"
"REC003617,2025-10-06,H007,MED006,B591024,Receipt,2305,PO00719,Delayed"
"REC003618,2025-10-06,H007,MED008,B521280,Receipt,2254,PO00719,Delayed"
"REC003619,2025-10-05,H007,MED010,B587505,Receipt,2312,PO00720,On Time"
"REC003620,2025-10-05,H007,MED082,B697690,Receipt,980,PO00720,On Time"
"REC003621,2025-10-05,H007,MED088,B599797,Receipt,940,PO00720,On Time"
"REC003622,2025-10-21,H007,MED011,B808770,Receipt,2328,PO00721,On Time"
"REC003623,2025-10-21,H007,MED023,B685676,Receipt,327,PO00721,On Time"
"REC003624,2025-10-21,H007,MED034,B268785,Receipt,856,PO00721,On Time"
"REC003625,2025-10-21,H007,MED036,B937393,Receipt,864,PO00721,On Time"
"REC003626,2025-10-21,H007,MED042,B716410,Receipt,958,PO00721,On Time"
"REC003627,2025-10-21,H007,MED044,B961789,Receipt,922,PO00721,On Time"
"REC003628,2025-10-21,H007,MED057,B983096,Receipt,968,PO00721,On Time"
"REC003629,2025-10-21,H007,MED078,B953900,Receipt,320,PO00721,On Time"
"REC003630,2025-10-21,H007,MED099,B742762,Receipt,300,PO00721,On Time"
"REC003631,2025-11-01,H007,MED012,B364528,Receipt,2277,PO00722,On Time"
"REC003632,2025-11-01,H007,MED035,B976110,Receipt,868,PO00722,On Time"
"REC003633,2025-11-01,H007,MED037,B834983,Receipt,911,PO00722,On Time"
"REC003634,2025-11-01,H007,MED053,B388816,Receipt,934,PO00722,On Time"
"REC003635,2025-11-01,H007,MED059,B889177,Receipt,906,PO00722,On Time"
"REC003636,2025-11-01,H007,MED074,B902673,Receipt,320,PO00722,On Time"
"REC003637,2025-11-01,H007,MED075,B593216,Receipt,335,PO00722,On Time"
"REC003638,2025-11-01,H007,MED080,B565226,Receipt,349,PO00722,On Time"
"REC003639,2025-11-03,H007,MED013,B804293,Receipt,2321,PO00723,On Time"
"REC003640,2025-11-03,H007,MED021,B849078,Receipt,324,PO00723,On Time"
"REC003641,2025-11-03,H007,MED025,B861019,Receipt,328,PO00723,On Time"
"REC003642,2025-11-03,H007,MED028,B914886,Receipt,913,PO00723,On Time"
"REC003643,2025-11-03,H007,MED031,B649523,Receipt,950,PO00723,On Time"
"REC003644,2025-11-03,H007,MED051,B345739,Receipt,907,PO00723,On Time"
"REC003645,2025-11-03,H007,MED071,B811111,Receipt,306,PO00723,On Time"
"REC003646,2025-11-11,H007,MED014,B585662,Receipt,2319,PO00724,On Time"
"REC003647,2025-11-11,H007,MED017,B177842,Receipt,2321,PO00724,On Time"
"REC003648,2025-11-11,H007,MED019,B881198,Receipt,2314,PO00724,On Time"
"REC003649,2025-11-11,H007,MED046,B691202,Receipt,908,PO00724,On Time"
"REC003650,2025-11-11,H007,MED049,B227927,Receipt,933,PO00724,On Time"
"REC003651,2025-11-11,H007,MED052,B436227,Receipt,884,PO00724,On Time"
"REC003652,2025-11-11,H007,MED095,B732413,Receipt,321,PO00724,On Time"
"REC003653,2025-11-11,H007,MED100,B405505,Receipt,326,PO00724,On Time"
"REC003654,2025-10-23,H007,MED015,B317770,Receipt,2282,PO00725,On Time"
"REC003655,2025-10-23,H007,MED027,B223853,Receipt,906,PO00725,On Time"
"REC003656,2025-10-23,H007,MED050,B972328,Receipt,957,PO00725,On Time"
"REC003657,2025-10-23,H007,MED091,B782773,Receipt,337,PO00725,On Time"
"REC003658,2025-10-23,H007,MED094,B192764,Receipt,325,PO00725,On Time"
"REC003659,2025-10-28,H007,MED016,B767304,Receipt,2248,PO00726,On Time"
"REC003660,2025-10-28,H007,MED029,B222258,Receipt,912,PO00726,On Time"
"REC003661,2025-10-28,H007,MED032,B114743,Receipt,971,PO00726,On Time"
"REC003662,2025-10-28,H007,MED039,B596043,Receipt,902,PO00726,On Time"
"REC003663,2025-10-28,H007,MED055,B660897,Receipt,900,PO00726,On Time"
"REC003664,2025-10-23,H007,MED018,B766246,Receipt,2320,PO00727,On Time"
"REC003665,2025-10-23,H007,MED076,B595164,Receipt,328,PO00727,On Time"
"REC003666,2025-10-23,H007,MED092,B445740,Receipt,287,PO00727,On Time"
"REC003667,2025-10-23,H007,MED020,B534376,Receipt,2322,PO00728,On Time"
"REC003668,2025-10-23,H007,MED022,B632893,Receipt,345,PO00728,On Time"
"REC003669,2025-10-23,H007,MED033,B957558,Receipt,926,PO00728,On Time"
"REC003670,2025-10-23,H007,MED040,B191218,Receipt,910,PO00728,On Time"
"REC003671,2025-10-23,H007,MED043,B916228,Receipt,926,PO00728,On Time"
"REC003672,2025-10-23,H007,MED072,B656718,Receipt,305,PO00728,On Time"
"REC003673,2025-10-23,H007,MED077,B931037,Receipt,302,PO00728,On Time"
"REC003674,2025-10-23,H007,MED096,B905581,Receipt,319,PO00728,On Time"
"REC003675,2025-10-23,H007,MED098,B780089,Receipt,309,PO00728,On Time"
"REC003676,2025-10-25,H007,MED024,B563937,Receipt,2153,PO00729,Delayed"
"REC003677,2025-10-25,H007,MED048,B126654,Receipt,873,PO00729,Delayed"
"REC003678,2025-10-25,H007,MED056,B807173,Receipt,898,PO00729,Delayed"
"REC003679,2025-10-25,H007,MED060,B348552,Receipt,897,PO00729,Delayed"
"REC003680,2025-10-25,H007,MED079,B667815,Receipt,305,PO00729,Delayed"
"REC003681,2025-10-25,H007,MED097,B873210,Receipt,342,PO00729,Delayed"
"REC003682,2025-11-04,H007,MED026,B851518,Receipt,948,PO00730,On Time"
"REC003683,2025-11-04,H007,MED030,B378710,Receipt,953,PO00730,On Time"
"REC003684,2025-11-04,H007,MED038,B468266,Receipt,883,PO00730,On Time"
"REC003685,2025-11-04,H007,MED047,B940552,Receipt,956,PO00730,On Time"
"REC003686,2025-11-04,H007,MED054,B233172,Receipt,948,PO00730,On Time"
"REC003687,2025-11-04,H007,MED093,B512918,Receipt,320,PO00730,On Time"
"REC003688,2025-10-25,H007,MED041,B865348,Receipt,903,PO00731,On Time"
"REC003689,2025-10-25,H007,MED045,B487881,Receipt,891,PO00731,On Time"
"REC003690,2025-10-25,H007,MED058,B464662,Receipt,919,PO00731,On Time"
"REC003691,2025-10-25,H007,MED073,B118990,Receipt,318,PO00731,On Time"
"REC003692,2025-10-08,H007,MED063,B549763,Receipt,2191,PO00732,Delayed"
"REC003693,2025-10-08,H007,MED068,B436851,Receipt,2379,PO00732,Delayed"
"REC003694,2025-10-08,H007,MED070,B213688,Receipt,2180,PO00732,Delayed"
"REC003695,2025-10-08,H007,MED087,B514758,Receipt,922,PO00732,Delayed"
"REC003696,2025-10-08,H007,MED089,B239227,Receipt,917,PO00732,Delayed"
"REC003697,2025-10-05,H007,MED064,B914038,Receipt,2210,PO00733,On Time"
"REC003698,2025-10-05,H007,MED067,B862371,Receipt,2311,PO00733,On Time"
"REC003699,2025-10-05,H007,MED081,B128328,Receipt,921,PO00733,On Time"
"REC003700,2025-10-05,H007,MED083,B950193,Receipt,932,PO00733,On Time"
"REC003701,2025-10-04,H008,MED001,B811935,Receipt,2286,PO00734,On Time"
"REC003702,2025-10-04,H008,MED005,B882215,Receipt,2267,PO00734,On Time"
"REC003703,2025-10-04,H008,MED085,B622710,Receipt,921,PO00734,On Time"
"REC003704,2025-10-04,H008,MED002,B357906,Receipt,2210,PO00735,On Time"
"REC003705,2025-10-04,H008,MED067,B737431,Receipt,2349,PO00735,On Time"
"REC003706,2025-10-04,H008,MED086,B979854,Receipt,899,PO00735,On Time"
"REC003707,2025-10-07,H008,MED003,B728889,Receipt,2391,PO00736,On Time"
"REC003708,2025-10-07,H008,MED063,B989855,Receipt,2229,PO00736,On Time"
"REC003709,2025-10-07,H008,MED065,B838464,Receipt,2229,PO00736,On Time"
"REC003710,2025-10-07,H008,MED081,B867286,Receipt,965,PO00736,On Time"
"REC003711,2025-10-07,H008,MED087,B613942,Receipt,904,PO00736,On Time"
"REC003712,2025-10-07,H008,MED089,B694557,Receipt,941,PO00736,On Time"
"REC003713,2025-10-07,H008,MED004,B174601,Receipt,2217,PO00737,On Time"
"REC003714,2025-10-07,H008,MED007,B453646,Receipt,2223,PO00737,On Time"
"REC003715,2025-10-07,H008,MED069,B108024,Receipt,2106,PO00737,On Time"
"REC003716,2025-10-08,H008,MED006,B291387,Receipt,2226,PO00738,On Time"
"REC003717,2025-10-08,H008,MED008,B372919,Receipt,2318,PO00738,On Time"
"REC003718,2025-10-08,H008,MED061,B821755,Receipt,2371,PO00738,On Time"
"REC003719,2025-10-08,H008,MED083,B123408,Receipt,913,PO00738,On Time"
"REC003720,2025-10-08,H008,MED084,B156358,Receipt,912,PO00738,On Time"
"REC003721,2025-10-08,H008,MED088,B639243,Receipt,895,PO00738,On Time"
"REC003722,2025-10-05,H008,MED009,B107415,Receipt,2295,PO00739,On Time"
"REC003723,2025-10-05,H008,MED082,B859785,Receipt,946,PO00739,On Time"
"REC003724,2025-10-05,H008,MED090,B199977,Receipt,937,PO00739,On Time"
"REC003725,2025-10-04,H008,MED010,B399188,Receipt,2304,PO00740,On Time"
"REC003726,2025-10-04,H008,MED064,B212935,Receipt,2243,PO00740,On Time"
"REC003727,2025-11-04,H008,MED011,B596965,Receipt,2221,PO00741,On Time"
"REC003728,2025-11-04,H008,MED013,B840389,Receipt,2248,PO00741,On Time"
"REC003729,2025-11-04,H008,MED051,B868917,Receipt,869,PO00741,On Time"
"REC003730,2025-11-04,H008,MED099,B453076,Receipt,313,PO00741,On Time"
"REC003731,2025-10-23,H008,MED012,B924834,Receipt,2259,PO00742,On Time"
"REC003732,2025-10-23,H008,MED019,B913560,Receipt,1623,PO00742,On Time"
"REC003733,2025-10-23,H008,MED035,B386479,Receipt,958,PO00742,On Time"
"REC003734,2025-10-23,H008,MED043,B719064,Receipt,886,PO00742,On Time"
"REC003735,2025-10-23,H008,MED049,B130949,Receipt,916,PO00742,On Time"
"REC003736,2025-10-23,H008,MED094,B858761,Receipt,302,PO00742,On Time"
"REC003737,2025-10-23,H008,MED014,B151001,Receipt,2243,PO00743,On Time"
"REC003738,2025-10-23,H008,MED016,B327189,Receipt,2100,PO00743,On Time"
"REC003739,2025-10-23,H008,MED020,B351514,Receipt,1899,PO00743,On Time"
"REC003740,2025-10-23,H008,MED026,B403664,Receipt,915,PO00743,On Time"
"REC003741,2025-10-23,H008,MED027,B808672,Receipt,910,PO00743,On Time"
"REC003742,2025-10-23,H008,MED032,B397675,Receipt,871,PO00743,On Time"
"REC003743,2025-11-14,H008,MED015,B654394,Receipt,2237,PO00744,Delayed"
"REC003744,2025-11-14,H008,MED022,B484193,Receipt,306,PO00744,Delayed"
"REC003745,2025-11-14,H008,MED030,B259034,Receipt,861,PO00744,Delayed"
"REC003746,2025-11-14,H008,MED033,B746238,Receipt,915,PO00744,Delayed"
"REC003747,2025-11-14,H008,MED071,B616540,Receipt,317,PO00744,Delayed"
"REC003748,2025-11-14,H008,MED078,B935825,Receipt,327,PO00744,Delayed"
"REC003749,2025-11-14,H008,MED092,B407086,Receipt,316,PO00744,Delayed"
"REC003750,2025-10-25,H008,MED017,B419759,Receipt,2240,PO00745,On Time"
"REC003751,2025-10-25,H008,MED029,B471513,Receipt,953,PO00745,On Time"
"REC003752,2025-10-25,H008,MED045,B495204,Receipt,914,PO00745,On Time"
"REC003753,2025-10-25,H008,MED048,B235189,Receipt,993,PO00745,On Time"
"REC003754,2025-10-25,H008,MED074,B834412,Receipt,338,PO00745,On Time"
"REC003755,2025-10-25,H008,MED091,B886086,Receipt,339,PO00745,On Time"
"REC003756,2025-10-25,H008,MED095,B811413,Receipt,321,PO00745,On Time"
"REC003757,2025-11-05,H008,MED018,B178077,Receipt,2360,PO00746,Delayed"
"REC003758,2025-11-05,H008,MED042,B647219,Receipt,902,PO00746,Delayed"
"REC003759,2025-11-05,H008,MED047,B656376,Receipt,964,PO00746,Delayed"
"REC003760,2025-11-05,H008,MED053,B653372,Receipt,916,PO00746,Delayed"
"REC003761,2025-11-05,H008,MED057,B570435,Receipt,893,PO00746,Delayed"
"REC003762,2025-11-05,H008,MED060,B588067,Receipt,879,PO00746,Delayed"
"REC003763,2025-11-05,H008,MED100,B747418,Receipt,346,PO00746,Delayed"
"REC003764,2025-10-23,H008,MED021,B535928,Receipt,299,PO00747,On Time"
"REC003765,2025-10-23,H008,MED024,B622552,Receipt,1685,PO00747,On Time"
"REC003766,2025-10-23,H008,MED025,B645932,Receipt,333,PO00747,On Time"
"REC003767,2025-10-23,H008,MED044,B503777,Receipt,948,PO00747,On Time"
"REC003768,2025-10-23,H008,MED046,B843088,Receipt,892,PO00747,On Time"
"REC003769,2025-10-23,H008,MED050,B161842,Receipt,888,PO00747,On Time"
"REC003770,2025-10-23,H008,MED079,B752416,Receipt,333,PO00747,On Time"
"REC003771,2025-10-23,H008,MED097,B184607,Receipt,299,PO00747,On Time"
"REC003772,2025-10-23,H008,MED023,B512672,Receipt,323,PO00748,On Time"
"REC003773,2025-10-23,H008,MED031,B472047,Receipt,927,PO00748,On Time"
"REC003774,2025-10-23,H008,MED054,B948692,Receipt,932,PO00748,On Time"
"REC003775,2025-10-23,H008,MED080,B758966,Receipt,332,PO00748,On Time"
"REC003776,2025-10-23,H008,MED093,B115534,Receipt,342,PO00748,On Time"
"REC003777,2025-11-03,H008,MED028,B435299,Receipt,915,PO00749,Delayed"
"REC003778,2025-11-03,H008,MED036,B434971,Receipt,897,PO00749,Delayed"
"REC003779,2025-11-03,H008,MED072,B798787,Receipt,319,PO00749,Delayed"
"REC003780,2025-11-03,H008,MED073,B959665,Receipt,323,PO00749,Delayed"
"REC003781,2025-11-03,H008,MED075,B653781,Receipt,335,PO00749,Delayed"
"REC003782,2025-11-03,H008,MED076,B397986,Receipt,323,PO00749,Delayed"
"REC003783,2025-11-03,H008,MED034,B510482,Receipt,895,PO00750,On Time"
"REC003784,2025-11-03,H008,MED037,B247595,Receipt,926,PO00750,On Time"
"REC003785,2025-11-03,H008,MED039,B742927,Receipt,930,PO00750,On Time"
"REC003786,2025-11-03,H008,MED040,B501062,Receipt,931,PO00750,On Time"
"REC003787,2025-11-03,H008,MED041,B175277,Receipt,913,PO00750,On Time"
"REC003788,2025-11-03,H008,MED052,B719055,Receipt,904,PO00750,On Time"
"REC003789,2025-11-03,H008,MED058,B393125,Receipt,916,PO00750,On Time"
"REC003790,2025-10-21,H008,MED038,B254692,Receipt,867,PO00751,On Time"
"REC003791,2025-10-21,H008,MED055,B888245,Receipt,895,PO00751,On Time"
"REC003792,2025-10-21,H008,MED056,B797411,Receipt,893,PO00751,On Time"
"REC003793,2025-10-21,H008,MED059,B702801,Receipt,939,PO00751,On Time"
"REC003794,2025-10-21,H008,MED077,B375796,Receipt,317,PO00751,On Time"
"REC003795,2025-10-21,H008,MED096,B504015,Receipt,350,PO00751,On Time"
"REC003796,2025-10-21,H008,MED098,B755129,Receipt,327,PO00751,On Time"
"REC003797,2025-10-05,H008,MED062,B818316,Receipt,2358,PO00752,On Time"
"REC003798,2025-10-05,H008,MED070,B979140,Receipt,2320,PO00752,On Time"
"REC003799,2025-10-04,H008,MED066,B953329,Receipt,2315,PO00753,On Time"
"REC003800,2025-10-04,H008,MED068,B996749,Receipt,2357,PO00753,On Time"
"REC003801,2025-10-04,H009,MED001,B523291,Receipt,2415,PO00754,On Time"
"REC003802,2025-10-04,H009,MED006,B927585,Receipt,2251,PO00754,On Time"
"REC003803,2025-10-04,H009,MED009,B585097,Receipt,2260,PO00754,On Time"
"REC003804,2025-10-04,H009,MED067,B800033,Receipt,2232,PO00754,On Time"
"REC003805,2025-10-04,H009,MED070,B578454,Receipt,2248,PO00754,On Time"
"REC003806,2025-10-04,H009,MED086,B334196,Receipt,965,PO00754,On Time"
"REC003807,2025-10-04,H009,MED002,B945623,Receipt,2282,PO00755,On Time"
"REC003808,2025-10-04,H009,MED064,B969001,Receipt,2251,PO00755,On Time"
"REC003809,2025-10-04,H009,MED089,B963917,Receipt,887,PO00755,On Time"
"REC003810,2025-10-07,H009,MED003,B668242,Receipt,2262,PO00756,On Time"
"REC003811,2025-10-07,H009,MED081,B181972,Receipt,921,PO00756,On Time"
"REC003812,2025-10-07,H009,MED087,B902348,Receipt,927,PO00756,On Time"
"REC003813,2025-10-04,H009,MED004,B280882,Receipt,2318,PO00757,On Time"
"REC003814,2025-10-04,H009,MED062,B857634,Receipt,2283,PO00757,On Time"
"REC003815,2025-10-04,H009,MED068,B897124,Receipt,2383,PO00757,On Time"
"REC003816,2025-10-04,H009,MED069,B814647,Receipt,2368,PO00757,On Time"
"REC003817,2025-10-04,H009,MED084,B543066,Receipt,931,PO00757,On Time"
"REC003818,2025-10-05,H009,MED005,B169300,Receipt,2315,PO00758,On Time"
"REC003819,2025-10-05,H009,MED088,B116279,Receipt,890,PO00758,On Time"
"REC003820,2025-10-07,H009,MED007,B307139,Receipt,2348,PO00759,On Time"
"REC003821,2025-10-07,H009,MED082,B592239,Receipt,930,PO00759,On Time"
"REC003822,2025-10-07,H009,MED083,B425437,Receipt,941,PO00759,On Time"
"REC003823,2025-10-06,H009,MED008,B892908,Receipt,2281,PO00760,Delayed"
"REC003824,2025-10-06,H009,MED010,B145095,Receipt,2361,PO00760,Delayed"
"REC003825,2025-10-06,H009,MED085,B112100,Receipt,900,PO00760,Delayed"
"REC003826,2025-10-06,H009,MED090,B547244,Receipt,929,PO00760,Delayed"
"REC003827,2025-10-28,H009,MED011,B450067,Receipt,2116,PO00761,On Time"
"REC003828,2025-10-28,H009,MED026,B750102,Receipt,929,PO00761,On Time"
"REC003829,2025-10-28,H009,MED034,B277826,Receipt,919,PO00761,On Time"
"REC003830,2025-10-28,H009,MED037,B545872,Receipt,928,PO00761,On Time"
"REC003831,2025-10-28,H009,MED045,B591006,Receipt,926,PO00761,On Time"
"REC003832,2025-10-28,H009,MED057,B811943,Receipt,952,PO00761,On Time"
"REC003833,2025-10-28,H009,MED058,B507931,Receipt,931,PO00761,On Time"
"REC003834,2025-11-11,H009,MED012,B427069,Receipt,2301,PO00762,On Time"
"REC003835,2025-11-11,H009,MED015,B201158,Receipt,2166,PO00762,On Time"
"REC003836,2025-11-11,H009,MED016,B973030,Receipt,2245,PO00762,On Time"
"REC003837,2025-11-11,H009,MED046,B958950,Receipt,938,PO00762,On Time"
"REC003838,2025-11-11,H009,MED054,B515466,Receipt,884,PO00762,On Time"
"REC003839,2025-11-11,H009,MED094,B441558,Receipt,304,PO00762,On Time"
"REC003840,2025-10-23,H009,MED013,B756030,Receipt,2285,PO00763,On Time"
"REC003841,2025-10-23,H009,MED023,B307352,Receipt,310,PO00763,On Time"
"REC003842,2025-10-23,H009,MED071,B876372,Receipt,327,PO00763,On Time"
"REC003843,2025-10-23,H009,MED014,B345144,Receipt,2286,PO00764,On Time"
"REC003844,2025-10-23,H009,MED027,B915495,Receipt,936,PO00764,On Time"
"REC003845,2025-10-23,H009,MED039,B700600,Receipt,904,PO00764,On Time"
"REC003846,2025-10-23,H009,MED042,B908596,Receipt,929,PO00764,On Time"
"REC003847,2025-10-23,H009,MED050,B812793,Receipt,800,PO00764,On Time"
"REC003848,2025-10-23,H009,MED059,B303561,Receipt,956,PO00764,On Time"
"REC003849,2025-10-23,H009,MED078,B209373,Receipt,322,PO00764,On Time"
"REC003850,2025-10-23,H009,MED091,B938927,Receipt,341,PO00764,On Time"
"REC003851,2025-10-23,H009,MED095,B394067,Receipt,319,PO00764,On Time"
"REC003852,2025-10-23,H009,MED100,B116061,Receipt,294,PO00764,On Time"
"REC003853,2025-11-01,H009,MED017,B903806,Receipt,2301,PO00765,On Time"
"REC003854,2025-11-01,H009,MED031,B967591,Receipt,883,PO00765,On Time"
"REC003855,2025-11-01,H009,MED036,B893076,Receipt,925,PO00765,On Time"
"REC003856,2025-11-01,H009,MED038,B799746,Receipt,930,PO00765,On Time"
"REC003857,2025-11-01,H009,MED043,B704056,Receipt,926,PO00765,On Time"
"REC003858,2025-11-01,H009,MED051,B808387,Receipt,974,PO00765,On Time"
"REC003859,2025-11-01,H009,MED060,B969446,Receipt,886,PO00765,On Time"
"REC003860,2025-11-01,H009,MED072,B395599,Receipt,324,PO00765,On Time"
"REC003861,2025-11-01,H009,MED076,B510834,Receipt,304,PO00765,On Time"
"REC003862,2025-10-29,H009,MED018,B388213,Receipt,1939,PO00766,Delayed"
"REC003863,2025-10-29,H009,MED041,B839538,Receipt,939,PO00766,Delayed"
"REC003864,2025-10-29,H009,MED048,B374336,Receipt,907,PO00766,Delayed"
"REC003865,2025-10-29,H009,MED053,B776479,Receipt,911,PO00766,Delayed"
"REC003866,2025-10-29,H009,MED077,B897583,Receipt,332,PO00766,Delayed"
"REC003867,2025-10-29,H009,MED097,B568011,Receipt,325,PO00766,Delayed"
"REC003868,2025-11-03,H009,MED019,B919253,Receipt,2186,PO00767,On Time"
"REC003869,2025-11-03,H009,MED020,B795532,Receipt,1830,PO00767,On Time"
"REC003870,2025-11-03,H009,MED028,B564462,Receipt,906,PO00767,On Time"
"REC003871,2025-11-03,H009,MED029,B225829,Receipt,957,PO00767,On Time"
"REC003872,2025-11-03,H009,MED030,B722334,Receipt,974,PO00767,On Time"
"REC003873,2025-11-03,H009,MED032,B921935,Receipt,871,PO00767,On Time"
"REC003874,2025-11-03,H009,MED033,B436986,Receipt,915,PO00767,On Time"
"REC003875,2025-11-03,H009,MED055,B621396,Receipt,954,PO00767,On Time"
"REC003876,2025-11-03,H009,MED092,B297478,Receipt,314,PO00767,On Time"
"REC003877,2025-11-03,H009,MED096,B746045,Receipt,324,PO00767,On Time"
"REC003878,2025-10-23,H009,MED021,B735274,Receipt,335,PO00768,On Time"
"REC003879,2025-10-23,H009,MED024,B310048,Receipt,2218,PO00768,On Time"
"REC003880,2025-10-23,H009,MED035,B998035,Receipt,918,PO00768,On Time"
"REC003881,2025-10-23,H009,MED049,B428821,Receipt,933,PO00768,On Time"
"REC003882,2025-10-23,H009,MED056,B798148,Receipt,880,PO00768,On Time"
"REC003883,2025-10-23,H009,MED073,B764846,Receipt,316,PO00768,On Time"
"REC003884,2025-10-23,H009,MED022,B149522,Receipt,297,PO00769,On Time"
"REC003885,2025-10-23,H009,MED074,B593960,Receipt,286,PO00769,On Time"
"REC003886,2025-10-23,H009,MED075,B805356,Receipt,319,PO00769,On Time"
"REC003887,2025-10-23,H009,MED080,B932583,Receipt,307,PO00769,On Time"
"REC003888,2025-10-23,H009,MED098,B331182,Receipt,318,PO00769,On Time"
"REC003889,2025-11-04,H009,MED025,B821818,Receipt,338,PO00770,On Time"
"REC003890,2025-11-04,H009,MED044,B277718,Receipt,927,PO00770,On Time"
"REC003891,2025-11-04,H009,MED047,B685457,Receipt,915,PO00770,On Time"
"REC003892,2025-11-04,H009,MED079,B966491,Receipt,354,PO00770,On Time"
"REC003893,2025-10-21,H009,MED040,B529505,Receipt,938,PO00771,On Time"
"REC003894,2025-10-21,H009,MED052,B114995,Receipt,917,PO00771,On Time"
"REC003895,2025-10-21,H009,MED093,B537585,Receipt,332,PO00771,On Time"
"REC003896,2025-10-21,H009,MED099,B118074,Receipt,345,PO00771,On Time"
"REC003897,2025-10-08,H009,MED061,B102775,Receipt,2300,PO00772,On Time"
"REC003898,2025-10-04,H009,MED063,B452365,Receipt,2280,PO00773,On Time"
"REC003899,2025-10-04,H009,MED065,B378495,Receipt,2238,PO00773,On Time"
"REC003900,2025-10-04,H009,MED066,B924657,Receipt,2341,PO00773,On Time"
"REC003901,2025-10-05,H010,MED001,B478336,Receipt,2308,PO00774,On Time"
"REC003902,2025-10-05,H010,MED064,B847567,Receipt,2306,PO00774,On Time"
"REC003903,2025-10-05,H010,MED069,B987081,Receipt,1946,PO00774,On Time"
"REC003904,2025-10-05,H010,MED070,B139553,Receipt,2325,PO00774,On Time"
"REC003905,2025-10-05,H010,MED089,B452215,Receipt,910,PO00774,On Time"
"REC003906,2025-10-08,H010,MED002,B596005,Receipt,2254,PO00775,On Time"
"REC003907,2025-10-08,H010,MED082,B157062,Receipt,865,PO00775,On Time"
"REC003908,2025-10-07,H010,MED003,B977042,Receipt,2282,PO00776,On Time"
"REC003909,2025-10-07,H010,MED084,B778525,Receipt,907,PO00776,On Time"
"REC003910,2025-10-07,H010,MED085,B851393,Receipt,934,PO00776,On Time"
"REC003911,2025-10-07,H010,MED090,B656119,Receipt,882,PO00776,On Time"
"REC003912,2025-10-07,H010,MED004,B254455,Receipt,1874,PO00777,On Time"
"REC003913,2025-10-07,H010,MED010,B367136,Receipt,2237,PO00777,On Time"
"REC003914,2025-10-07,H010,MED061,B933238,Receipt,2278,PO00777,On Time"
"REC003915,2025-10-07,H010,MED068,B409509,Receipt,2298,PO00777,On Time"
"REC003916,2025-10-04,H010,MED005,B527858,Receipt,2284,PO00778,On Time"
"REC003917,2025-10-04,H010,MED067,B453039,Receipt,2256,PO00778,On Time"
"REC003918,2025-10-04,H010,MED006,B835415,Receipt,2369,PO00779,On Time"
"REC003919,2025-10-04,H010,MED062,B856079,Receipt,2280,PO00779,On Time"
"REC003920,2025-10-04,H010,MED065,B448844,Receipt,2186,PO00779,On Time"
"REC003921,2025-10-04,H010,MED066,B663457,Receipt,2268,PO00779,On Time"
"REC003922,2025-10-04,H010,MED083,B838591,Receipt,868,PO00779,On Time"
"REC003923,2025-10-04,H010,MED007,B328931,Receipt,2238,PO00780,On Time"
"REC003924,2025-10-04,H010,MED063,B735254,Receipt,2320,PO00780,On Time"
"REC003925,2025-10-04,H010,MED086,B497891,Receipt,960,PO00780,On Time"
"REC003926,2025-10-04,H010,MED087,B831576,Receipt,921,PO00780,On Time"
"REC003927,2025-10-04,H010,MED088,B122337,Receipt,920,PO00780,On Time"
"REC003928,2025-10-04,H010,MED008,B231379,Receipt,2240,PO00781,On Time"
"REC003929,2025-10-04,H010,MED009,B580441,Receipt,1891,PO00781,On Time"
"REC003930,2025-11-03,H010,MED011,B860177,Receipt,2275,PO00782,On Time"
"REC003931,2025-11-03,H010,MED016,B931156,Receipt,1909,PO00782,On Time"
"REC003932,2025-11-03,H010,MED030,B741480,Receipt,984,PO00782,On Time"
"REC003933,2025-11-03,H010,MED038,B768629,Receipt,930,PO00782,On Time"
"REC003934,2025-11-03,H010,MED054,B674887,Receipt,879,PO00782,On Time"
"REC003935,2025-11-03,H010,MED060,B178537,Receipt,912,PO00782,On Time"
"REC003936,2025-11-03,H010,MED076,B330780,Receipt,348,PO00782,On Time"
"REC003937,2025-11-03,H010,MED098,B482688,Receipt,321,PO00782,On Time"
"REC003938,2025-11-03,H010,MED100,B421898,Receipt,329,PO00782,On Time"
"REC003939,2025-10-25,H010,MED012,B103358,Receipt,1749,PO00783,Delayed"
"REC003940,2025-10-25,H010,MED027,B963428,Receipt,914,PO00783,Delayed"
"REC003941,2025-10-25,H010,MED031,B601323,Receipt,897,PO00783,Delayed"
"REC003942,2025-10-25,H010,MED033,B699248,Receipt,952,PO00783,Delayed"
"REC003943,2025-10-25,H010,MED013,B892130,Receipt,2264,PO00784,On Time"
"REC003944,2025-10-25,H010,MED028,B102866,Receipt,912,PO00784,On Time"
"REC003945,2025-10-25,H010,MED035,B702960,Receipt,940,PO00784,On Time"
"REC003946,2025-10-25,H010,MED041,B553510,Receipt,945,PO00784,On Time"
"REC003947,2025-10-25,H010,MED049,B811238,Receipt,855,PO00784,On Time"
"REC003948,2025-10-25,H010,MED093,B975206,Receipt,315,PO00784,On Time"
"REC003949,2025-11-08,H010,MED014,B338483,Receipt,2273,PO00785,Delayed"
"REC003950,2025-11-08,H010,MED018,B873720,Receipt,2330,PO00785,Delayed"
"REC003951,2025-11-08,H010,MED029,B897388,Receipt,916,PO00785,Delayed"
"REC003952,2025-11-08,H010,MED048,B824750,Receipt,957,PO00785,Delayed"
"REC003953,2025-11-08,H010,MED056,B834595,Receipt,915,PO00785,Delayed"
"REC003954,2025-11-08,H010,MED096,B245281,Receipt,311,PO00785,Delayed"
"REC003955,2025-10-23,H010,MED015,B644026,Receipt,2151,PO00786,On Time"
"REC003956,2025-10-23,H010,MED019,B695376,Receipt,2241,PO00786,On Time"
"REC003957,2025-10-23,H010,MED024,B929378,Receipt,2090,PO00786,On Time"
"REC003958,2025-10-23,H010,MED050,B336495,Receipt,864,PO00786,On Time"
"REC003959,2025-10-23,H010,MED078,B492179,Receipt,303,PO00786,On Time"
"REC003960,2025-10-23,H010,MED092,B292458,Receipt,308,PO00786,On Time"
"REC003961,2025-10-23,H010,MED017,B746275,Receipt,2105,PO00787,On Time"
"REC003962,2025-10-23,H010,MED039,B517582,Receipt,898,PO00787,On Time"
"REC003963,2025-10-23,H010,MED051,B247878,Receipt,771,PO00787,On Time"
"REC003964,2025-10-23,H010,MED075,B909359,Receipt,326,PO00787,On Time"
"REC003965,2025-10-23,H010,MED091,B474169,Receipt,341,PO00787,On Time"
"REC003966,2025-10-23,H010,MED099,B653380,Receipt,339,PO00787,On Time"
"REC003967,2025-11-04,H010,MED020,B204188,Receipt,2276,PO00788,On Time"
"REC003968,2025-11-04,H010,MED036,B666510,Receipt,940,PO00788,On Time"
"REC003969,2025-11-04,H010,MED037,B149420,Receipt,969,PO00788,On Time"
"REC003970,2025-11-04,H010,MED040,B785503,Receipt,935,PO00788,On Time"
"REC003971,2025-11-04,H010,MED045,B793023,Receipt,932,PO00788,On Time"
"REC003972,2025-11-04,H010,MED059,B345984,Receipt,942,PO00788,On Time"
"REC003973,2025-11-04,H010,MED097,B214456,Receipt,333,PO00788,On Time"
"REC003974,2025-10-23,H010,MED021,B778936,Receipt,319,PO00789,On Time"
"REC003975,2025-10-23,H010,MED023,B780465,Receipt,316,PO00789,On Time"
"REC003976,2025-10-23,H010,MED042,B124042,Receipt,902,PO00789,On Time"
"REC003977,2025-10-23,H010,MED071,B655710,Receipt,336,PO00789,On Time"
"REC003978,2025-10-23,H010,MED079,B103969,Receipt,305,PO00789,On Time"
"REC003979,2025-10-23,H010,MED095,B804706,Receipt,335,PO00789,On Time"
"REC003980,2025-11-11,H010,MED022,B397584,Receipt,317,PO00790,On Time"
"REC003981,2025-11-11,H010,MED026,B591830,Receipt,904,PO00790,On Time"
"REC003982,2025-11-11,H010,MED047,B872332,Receipt,928,PO00790,On Time"
"REC003983,2025-11-11,H010,MED052,B813156,Receipt,941,PO00790,On Time"
"REC003984,2025-11-11,H010,MED057,B590999,Receipt,902,PO00790,On Time"
"REC003985,2025-11-11,H010,MED058,B507407,Receipt,893,PO00790,On Time"
"REC003986,2025-11-11,H010,MED080,B623293,Receipt,321,PO00790,On Time"
"REC003987,2025-10-23,H010,MED025,B680086,Receipt,322,PO00791,On Time"
"REC003988,2025-10-23,H010,MED032,B915864,Receipt,881,PO00791,On Time"
"REC003989,2025-10-23,H010,MED072,B509740,Receipt,328,PO00791,On Time"
"REC003990,2025-10-23,H010,MED073,B815732,Receipt,294,PO00791,On Time"
"REC003991,2025-10-23,H010,MED074,B194837,Receipt,323,PO00791,On Time"
"REC003992,2025-10-29,H010,MED034,B532829,Receipt,945,PO00792,Delayed"
"REC003993,2025-10-29,H010,MED043,B961858,Receipt,926,PO00792,Delayed"
"REC003994,2025-10-29,H010,MED044,B909340,Receipt,906,PO00792,Delayed"
"REC003995,2025-10-29,H010,MED046,B802461,Receipt,949,PO00792,Delayed"
"REC003996,2025-10-29,H010,MED053,B676515,Receipt,937,PO00792,Delayed"
"REC003997,2025-10-29,H010,MED055,B434199,Receipt,915,PO00792,Delayed"
"REC003998,2025-10-29,H010,MED077,B899180,Receipt,295,PO00792,Delayed"
"REC003999,2025-10-29,H010,MED094,B734151,Receipt,338,PO00792,Delayed"
"REC004000,2025-10-05,H010,MED081,B970261,Receipt,891,PO00793,On Time"
